,US_FED_FUNDS,US_10Y,DXY,FEAR_GREED
2020-01-01,1.55,,,50.0
2020-01-02,1.55,1.88,114.9745,50.0
2020-01-03,1.55,1.8,114.9867,50.0
2020-01-06,1.55,1.81,114.9557,50.0
2020-01-07,1.55,1.83,115.1477,50.0
2020-01-08,1.55,1.87,115.1328,50.0
2020-01-09,1.55,1.85,115.2331,50.0
2020-01-10,1.55,1.83,115.0677,50.0
2020-01-13,1.55,1.85,115.0342,50.0
2020-01-14,1.55,1.82,115.0239,50.0
2020-01-15,1.55,1.79,114.9528,50.0
2020-01-16,1.55,1.81,115.0006,50.0
2020-01-17,1.55,1.84,115.0656,50.0
2020-01-20,1.55,1.84,115.0656,50.0
2020-01-21,1.55,1.78,115.1876,50.0
2020-01-22,1.55,1.77,115.2273,50.0
2020-01-23,1.55,1.74,115.5545,50.0
2020-01-24,1.55,1.7,115.5556,50.0
2020-01-27,1.55,1.61,115.8004,50.0
2020-01-28,1.55,1.65,115.7239,50.0
2020-01-29,1.55,1.6,115.7003,50.0
2020-01-30,1.55,1.57,115.8077,50.0
2020-01-31,1.55,1.51,115.7345,50.0
2020-02-01,1.58,1.51,115.7345,50.0
2020-02-03,1.58,1.54,116.1172,50.0
2020-02-04,1.58,1.61,115.9291,50.0
2020-02-05,1.58,1.66,116.009,50.0
2020-02-06,1.58,1.65,116.1518,50.0
2020-02-07,1.58,1.59,116.5086,50.0
2020-02-10,1.58,1.56,116.5711,50.0
2020-02-11,1.58,1.59,116.3585,50.0
2020-02-12,1.58,1.62,116.2794,50.0
2020-02-13,1.58,1.61,116.3999,50.0
2020-02-14,1.58,1.59,116.4223,50.0
2020-02-17,1.58,1.59,116.4223,50.0
2020-02-18,1.58,1.55,116.6039,50.0
2020-02-19,1.58,1.56,116.7829,50.0
2020-02-20,1.58,1.52,117.2454,50.0
2020-02-21,1.58,1.46,117.0473,50.0
2020-02-24,1.58,1.38,117.4018,50.0
2020-02-25,1.58,1.33,117.2425,50.0
2020-02-26,1.58,1.33,117.405,50.0
2020-02-27,1.58,1.3,117.3678,50.0
2020-02-28,1.58,1.13,117.6568,50.0
2020-03-01,0.65,1.13,117.6568,50.0
2020-03-02,0.65,1.1,116.8144,50.0
2020-03-03,0.65,1.02,116.4958,50.0
2020-03-04,0.65,1.02,116.7802,50.0
2020-03-05,0.65,0.92,116.7901,50.0
2020-03-06,0.65,0.74,116.7106,50.0
2020-03-09,0.65,0.54,117.1871,50.0
2020-03-10,0.65,0.76,117.9027,50.0
2020-03-11,0.65,0.82,118.2505,50.0
2020-03-12,0.65,0.88,120.4883,50.0
2020-03-13,0.65,0.94,120.4388,50.0
2020-03-16,0.65,0.73,120.9352,50.0
2020-03-17,0.65,1.02,122.4816,50.0
2020-03-18,0.65,1.18,124.1623,50.0
2020-03-19,0.65,1.12,125.0587,50.0
2020-03-20,0.65,0.92,124.9362,50.0
2020-03-23,0.65,0.76,126.1262,50.0
2020-03-24,0.65,0.84,125.5001,50.0
2020-03-25,0.65,0.88,124.7916,50.0
2020-03-26,0.65,0.83,122.4308,50.0
2020-03-27,0.65,0.72,122.4007,50.0
2020-03-30,0.65,0.7,123.2883,50.0
2020-03-31,0.65,0.7,122.5301,50.0
2020-04-01,0.05,0.62,123.7933,50.0
2020-04-02,0.05,0.63,123.5916,50.0
2020-04-03,0.05,0.62,124.4152,50.0
2020-04-06,0.05,0.67,124.16,50.0
2020-04-07,0.05,0.75,123.0956,50.0
2020-04-08,0.05,0.77,123.2216,50.0
2020-04-09,0.05,0.73,122.476,50.0
2020-04-10,0.05,0.73,122.1592,50.0
2020-04-13,0.05,0.76,122.5203,50.0
2020-04-14,0.05,0.76,122.1121,50.0
2020-04-15,0.05,0.63,123.0752,50.0
2020-04-16,0.05,0.61,123.4615,50.0
2020-04-17,0.05,0.65,122.871,50.0
2020-04-20,0.05,0.63,123.1033,50.0
2020-04-21,0.05,0.58,123.9116,50.0
2020-04-22,0.05,0.63,123.9256,50.0
2020-04-23,0.05,0.61,123.7542,50.0
2020-04-24,0.05,0.6,124.1615,50.0
2020-04-27,0.05,0.67,123.8843,50.0
2020-04-28,0.05,0.62,123.3693,50.0
2020-04-29,0.05,0.63,122.7782,50.0
2020-04-30,0.05,0.64,122.327,50.0
2020-05-01,0.05,0.64,123.1492,50.0
2020-05-04,0.05,0.64,123.2117,50.0
2020-05-05,0.05,0.66,122.803,50.0
2020-05-06,0.05,0.72,123.609,50.0
2020-05-07,0.05,0.63,123.1249,50.0
2020-05-08,0.05,0.69,122.5379,50.0
2020-05-11,0.05,0.73,123.2333,50.0
2020-05-12,0.05,0.69,123.0592,50.0
2020-05-13,0.05,0.64,123.5408,50.0
2020-05-14,0.05,0.63,123.6429,50.0
2020-05-15,0.05,0.64,123.5991,50.0
2020-05-18,0.05,0.73,122.7968,50.0
2020-05-19,0.05,0.7,122.5655,50.0
2020-05-20,0.05,0.68,122.1007,50.0
2020-05-21,0.05,0.68,122.0914,50.0
2020-05-22,0.05,0.66,122.3211,50.0
2020-05-25,0.05,0.66,122.3211,50.0
2020-05-26,0.05,0.69,121.3864,50.0
2020-05-27,0.05,0.68,121.5677,50.0
2020-05-28,0.05,0.7,121.0138,50.0
2020-05-29,0.05,0.65,120.9458,50.0
2020-06-01,0.08,0.66,120.2686,50.0
2020-06-02,0.08,0.68,119.6854,50.0
2020-06-03,0.08,0.77,119.2556,50.0
2020-06-04,0.08,0.82,119.3014,50.0
2020-06-05,0.08,0.91,118.8138,50.0
2020-06-08,0.08,0.88,118.6621,50.0
2020-06-09,0.08,0.84,118.5893,50.0
2020-06-10,0.08,0.75,118.5231,50.0
2020-06-11,0.08,0.66,119.2347,50.0
2020-06-12,0.08,0.71,119.6645,50.0
2020-06-15,0.08,0.71,119.9539,50.0
2020-06-16,0.08,0.75,119.567,50.0
2020-06-17,0.08,0.74,119.9105,50.0
2020-06-18,0.08,0.71,120.2173,50.0
2020-06-19,0.08,0.7,120.2186,50.0
2020-06-22,0.08,0.71,119.7532,50.0
2020-06-23,0.08,0.72,119.3285,50.0
2020-06-24,0.08,0.69,119.9744,50.0
2020-06-25,0.08,0.68,120.2997,50.0
2020-06-26,0.08,0.64,120.533,50.0
2020-06-29,0.08,0.64,120.6658,50.0
2020-06-30,0.08,0.66,120.4649,50.0
2020-07-01,0.09,0.69,120.0808,50.0
2020-07-02,0.09,0.68,119.8555,50.0
2020-07-03,0.09,0.68,119.8555,50.0
2020-07-06,0.09,0.69,119.2852,50.0
2020-07-07,0.09,0.65,119.5717,50.0
2020-07-08,0.09,0.67,119.5525,50.0
2020-07-09,0.09,0.62,119.5129,50.0
2020-07-10,0.09,0.65,119.3509,50.0
2020-07-13,0.09,0.64,119.1891,50.0
2020-07-14,0.09,0.63,119.3901,50.0
2020-07-15,0.09,0.64,119.0331,50.0
2020-07-16,0.09,0.62,118.9275,50.0
2020-07-17,0.09,0.64,119.124,50.0
2020-07-20,0.09,0.62,119.0483,50.0
2020-07-21,0.09,0.61,118.4042,50.0
2020-07-22,0.09,0.6,118.1337,50.0
2020-07-23,0.09,0.59,118.0613,50.0
2020-07-24,0.09,0.59,118.1329,50.0
2020-07-27,0.09,0.62,117.3869,50.0
2020-07-28,0.09,0.59,117.3189,50.0
2020-07-29,0.09,0.58,117.2126,50.0
2020-07-30,0.09,0.55,117.4008,50.0
2020-07-31,0.09,0.55,117.2082,50.0
2020-08-01,0.1,0.55,117.2082,50.0
2020-08-03,0.1,0.56,117.8074,50.0
2020-08-04,0.1,0.52,117.7833,50.0
2020-08-05,0.1,0.55,116.8736,50.0
2020-08-06,0.1,0.55,117.0422,50.0
2020-08-07,0.1,0.57,117.6239,50.0
2020-08-10,0.1,0.59,117.5821,50.0
2020-08-11,0.1,0.64,117.3781,50.0
2020-08-12,0.1,0.69,117.2559,50.0
2020-08-13,0.1,0.71,117.1193,50.0
2020-08-14,0.1,0.71,116.9395,50.0
2020-08-17,0.1,0.69,116.749,50.0
2020-08-18,0.1,0.67,116.5593,50.0
2020-08-19,0.1,0.68,116.567,50.0
2020-08-20,0.1,0.65,116.8126,50.0
2020-08-21,0.1,0.64,117.0572,50.0
2020-08-24,0.1,0.65,116.912,50.0
2020-08-25,0.1,0.69,116.8206,50.0
2020-08-26,0.1,0.69,116.6243,50.0
2020-08-27,0.1,0.74,116.649,50.0
2020-08-28,0.1,0.74,115.9374,50.0
2020-08-31,0.1,0.72,115.7586,50.0
2020-09-01,0.09,0.68,115.5687,50.0
2020-09-02,0.09,0.66,116.0304,50.0
2020-09-03,0.09,0.63,116.0685,50.0
2020-09-04,0.09,0.72,116.0347,50.0
2020-09-07,0.09,0.72,116.0347,50.0
2020-09-08,0.09,0.69,116.4618,50.0
2020-09-09,0.09,0.71,116.1291,50.0
2020-09-10,0.09,0.68,115.8806,50.0
2020-09-11,0.09,0.67,116.0866,50.0
2020-09-14,0.09,0.68,115.6428,50.0
2020-09-15,0.09,0.68,115.5908,50.0
2020-09-16,0.09,0.69,115.3537,50.0
2020-09-17,0.09,0.69,115.4392,50.0
2020-09-18,0.09,0.7,115.2395,50.0
2020-09-21,0.09,0.68,116.378,50.0
2020-09-22,0.09,0.68,116.5438,50.0
2020-09-23,0.09,0.68,117.2526,50.0
2020-09-24,0.09,0.67,117.5473,50.0
2020-09-25,0.09,0.66,117.8679,50.0
2020-09-28,0.09,0.67,117.6178,50.0
2020-09-29,0.09,0.66,117.526,50.0
2020-09-30,0.09,0.69,116.946,50.0
2020-10-01,0.09,0.68,116.7227,50.0
2020-10-02,0.09,0.7,116.7321,50.0
2020-10-05,0.09,0.78,116.1767,50.0
2020-10-06,0.09,0.76,116.2681,50.0
2020-10-07,0.09,0.81,116.3447,50.0
2020-10-08,0.09,0.78,116.1657,50.0
2020-10-09,0.09,0.79,115.2757,50.0
2020-10-12,0.09,0.79,115.2757,50.0
2020-10-13,0.09,0.74,115.9107,50.0
2020-10-14,0.09,0.73,115.6872,50.0
2020-10-15,0.09,0.74,116.0964,50.0
2020-10-16,0.09,0.76,115.7679,50.0
2020-10-19,0.09,0.78,115.4031,50.0
2020-10-20,0.09,0.81,115.2485,50.0
2020-10-21,0.09,0.83,114.9108,50.0
2020-10-22,0.09,0.87,115.1158,50.0
2020-10-23,0.09,0.85,115.0126,50.0
2020-10-26,0.09,0.81,115.2797,50.0
2020-10-27,0.09,0.79,115.0131,50.0
2020-10-28,0.09,0.79,115.8023,50.0
2020-10-29,0.09,0.85,116.3069,50.0
2020-10-30,0.09,0.88,116.1354,50.0
2020-11-01,0.09,0.88,116.1354,50.0
2020-11-02,0.09,0.87,116.2361,50.0
2020-11-03,0.09,0.9,115.4802,50.0
2020-11-04,0.09,0.78,115.1677,50.0
2020-11-05,0.09,0.79,114.4556,50.0
2020-11-06,0.09,0.83,113.9919,50.0
2020-11-09,0.09,0.96,114.0895,50.0
2020-11-10,0.09,0.98,114.0757,50.0
2020-11-11,0.09,0.98,114.0757,50.0
2020-11-12,0.09,0.88,114.2843,50.0
2020-11-13,0.09,0.89,114.2397,50.0
2020-11-16,0.09,0.91,113.8312,50.0
2020-11-17,0.09,0.87,113.682,50.0
2020-11-18,0.09,0.88,113.46,50.0
2020-11-19,0.09,0.86,113.694,50.0
2020-11-20,0.09,0.83,113.489,50.0
2020-11-23,0.09,0.86,113.7548,50.0
2020-11-24,0.09,0.88,113.4316,50.0
2020-11-25,0.09,0.88,113.1823,50.0
2020-11-26,0.09,0.88,113.1823,50.0
2020-11-27,0.09,0.84,113.1823,50.0
2020-11-30,0.09,0.84,113.2256,50.0
2020-12-01,0.09,0.92,112.8063,50.0
2020-12-02,0.09,0.95,112.6115,50.0
2020-12-03,0.09,0.92,112.0236,50.0
2020-12-04,0.09,0.97,111.7778,50.0
2020-12-07,0.09,0.94,111.8385,50.0
2020-12-08,0.09,0.92,111.8639,50.0
2020-12-09,0.09,0.95,112.0305,50.0
2020-12-10,0.09,0.92,111.9788,50.0
2020-12-11,0.09,0.9,112.1417,50.0
2020-12-14,0.09,0.9,112.1708,50.0
2020-12-15,0.09,0.92,111.8601,50.0
2020-12-16,0.09,0.92,111.7157,50.0
2020-12-17,0.09,0.94,111.2226,50.0
2020-12-18,0.09,0.95,111.6071,50.0
2020-12-21,0.09,0.95,111.9415,50.0
2020-12-22,0.09,0.93,112.1947,50.0
2020-12-23,0.09,0.96,111.9807,50.0
2020-12-24,0.09,0.94,111.9807,50.0
2020-12-25,0.09,0.94,111.9807,50.0
2020-12-28,0.09,0.94,111.9752,50.0
2020-12-29,0.09,0.94,111.5172,50.0
2020-12-30,0.09,0.93,111.3084,50.0
2020-12-31,0.09,0.93,111.3169,50.0
2021-01-01,0.09,0.93,111.3169,50.0
2021-01-04,0.09,0.93,111.2075,50.0
2021-01-05,0.09,0.96,110.9574,50.0
2021-01-06,0.09,1.04,110.8502,50.0
2021-01-07,0.09,1.08,111.3042,50.0
2021-01-08,0.09,1.13,111.2847,50.0
2021-01-11,0.09,1.15,111.8257,50.0
2021-01-12,0.09,1.15,111.5501,50.0
2021-01-13,0.09,1.1,111.3622,50.0
2021-01-14,0.09,1.15,111.1567,50.0
2021-01-15,0.09,1.11,111.5106,50.0
2021-01-18,0.09,1.11,111.5106,50.0
2021-01-19,0.09,1.1,111.4527,50.0
2021-01-20,0.09,1.1,111.4527,50.0
2021-01-21,0.09,1.12,111.1973,50.0
2021-01-22,0.09,1.1,111.5516,50.0
2021-01-25,0.09,1.05,111.8676,50.0
2021-01-26,0.09,1.05,111.6572,50.0
2021-01-27,0.09,1.04,112.0782,50.0
2021-01-28,0.09,1.07,112.0059,50.0
2021-01-29,0.09,1.11,111.9511,50.0
2021-02-01,0.08,1.09,112.4189,50.0
2021-02-02,0.08,1.12,112.2862,50.0
2021-02-03,0.08,1.15,112.2567,50.0
2021-02-04,0.08,1.15,112.7469,50.0
2021-02-05,0.08,1.19,112.2379,50.0
2021-02-08,0.08,1.19,112.0428,50.0
2021-02-09,0.08,1.18,111.7675,50.0
2021-02-10,0.08,1.15,111.5834,50.0
2021-02-11,0.08,1.16,111.5272,50.0
2021-02-12,0.08,1.2,111.4889,50.0
2021-02-15,0.08,1.2,111.4889,50.0
2021-02-16,0.08,1.3,111.7879,50.0
2021-02-17,0.08,1.29,112.0204,50.0
2021-02-18,0.08,1.29,112.1603,50.0
2021-02-19,0.08,1.34,111.7058,50.0
2021-02-22,0.08,1.37,111.918,50.0
2021-02-23,0.08,1.37,111.8981,50.0
2021-02-24,0.08,1.38,111.7212,50.0
2021-02-25,0.08,1.54,111.9253,50.0
2021-02-26,0.08,1.44,112.8306,50.0
2021-03-01,0.07,1.45,112.5263,50.0
2021-03-02,0.07,1.42,112.5342,50.0
2021-03-03,0.07,1.47,112.7617,50.0
2021-03-04,0.07,1.54,112.7037,50.0
2021-03-05,0.07,1.56,113.7487,50.0
2021-03-08,0.07,1.59,114.2678,50.0
2021-03-09,0.07,1.55,113.928,50.0
2021-03-10,0.07,1.53,113.5881,50.0
2021-03-11,0.07,1.54,112.9214,50.0
2021-03-12,0.07,1.64,113.0269,50.0
2021-03-15,0.07,1.62,113.1928,50.0
2021-03-16,0.07,1.62,112.9839,50.0
2021-03-17,0.07,1.63,113.1589,50.0
2021-03-18,0.07,1.71,112.7744,50.0
2021-03-19,0.07,1.74,112.9756,50.0
2021-03-22,0.07,1.69,113.0023,50.0
2021-03-23,0.07,1.63,113.2916,50.0
2021-03-24,0.07,1.62,113.6565,50.0
2021-03-25,0.07,1.63,114.0016,50.0
2021-03-26,0.07,1.67,113.7406,50.0
2021-03-29,0.07,1.73,113.9314,50.0
2021-03-30,0.07,1.73,114.203,50.0
2021-03-31,0.07,1.74,113.8234,50.0
2021-04-01,0.07,1.69,113.7389,50.0
2021-04-02,0.07,1.72,113.7315,50.0
2021-04-05,0.07,1.73,113.394,50.0
2021-04-06,0.07,1.67,113.1464,50.0
2021-04-07,0.07,1.68,113.2436,50.0
2021-04-08,0.07,1.64,113.0917,50.0
2021-04-09,0.07,1.67,113.2028,50.0
2021-04-12,0.07,1.69,113.1815,50.0
2021-04-13,0.07,1.64,113.0391,50.0
2021-04-14,0.07,1.64,112.7849,50.0
2021-04-15,0.07,1.56,112.6181,50.0
2021-04-16,0.07,1.59,112.4814,50.0
2021-04-19,0.07,1.61,112.1835,50.0
2021-04-20,0.07,1.58,112.2354,50.0
2021-04-21,0.07,1.57,112.1771,50.0
2021-04-22,0.07,1.57,112.2297,50.0
2021-04-23,0.07,1.58,112.0889,50.0
2021-04-26,0.07,1.58,111.8109,50.0
2021-04-27,0.07,1.63,111.9097,50.0
2021-04-28,0.07,1.63,111.7909,50.0
2021-04-29,0.07,1.65,111.7464,50.0
2021-04-30,0.07,1.65,112.0839,50.0
2021-05-01,0.06,1.65,112.0839,50.0
2021-05-03,0.06,1.63,112.005,50.0
2021-05-04,0.06,1.61,112.2896,50.0
2021-05-05,0.06,1.59,112.1514,50.0
2021-05-06,0.06,1.58,111.8401,50.0
2021-05-07,0.06,1.6,111.0249,50.0
2021-05-10,0.06,1.63,110.7905,50.0
2021-05-11,0.06,1.64,110.8921,50.0
2021-05-12,0.06,1.69,111.5636,50.0
2021-05-13,0.06,1.66,111.5955,50.0
2021-05-14,0.06,1.63,111.1353,50.0
2021-05-17,0.06,1.64,111.079,50.0
2021-05-18,0.06,1.64,110.8317,50.0
2021-05-19,0.06,1.68,110.8807,50.0
2021-05-20,0.06,1.63,110.8605,50.0
2021-05-21,0.06,1.63,111.0576,50.0
2021-05-24,0.06,1.61,110.9118,50.0
2021-05-25,0.06,1.56,110.842,50.0
2021-05-26,0.06,1.58,110.8677,50.0
2021-05-27,0.06,1.61,110.8688,50.0
2021-05-28,0.06,1.58,110.7576,50.0
2021-05-31,0.06,1.58,110.7576,50.0
2021-06-01,0.08,1.62,110.5046,50.0
2021-06-02,0.08,1.59,110.5799,50.0
2021-06-03,0.08,1.63,111.1782,50.0
2021-06-04,0.08,1.56,110.7521,50.0
2021-06-07,0.08,1.57,110.5155,50.0
2021-06-08,0.08,1.53,110.649,50.0
2021-06-09,0.08,1.5,110.5707,50.0
2021-06-10,0.08,1.45,110.5456,50.0
2021-06-11,0.08,1.47,111.0933,50.0
2021-06-14,0.08,1.51,110.9659,50.0
2021-06-15,0.08,1.51,111.3507,50.0
2021-06-16,0.08,1.57,111.1165,50.0
2021-06-17,0.08,1.52,112.5772,50.0
2021-06-18,0.08,1.45,113.0408,50.0
2021-06-21,0.08,1.5,112.8391,50.0
2021-06-22,0.08,1.48,112.9174,50.0
2021-06-23,0.08,1.5,112.3819,50.0
2021-06-24,0.08,1.49,112.326,50.0
2021-06-25,0.08,1.54,111.9655,50.0
2021-06-28,0.08,1.49,112.0248,50.0
2021-06-29,0.08,1.49,112.2613,50.0
2021-06-30,0.08,1.45,112.5533,50.0
2021-07-01,0.1,1.48,112.74,50.0
2021-07-02,0.1,1.44,112.5425,50.0
2021-07-05,0.1,1.44,112.5425,50.0
2021-07-06,0.1,1.37,112.9516,50.0
2021-07-07,0.1,1.33,113.1048,50.0
2021-07-08,0.1,1.3,113.0776,50.0
2021-07-09,0.1,1.37,112.8375,50.0
2021-07-12,0.1,1.38,112.7611,50.0
2021-07-13,0.1,1.42,113.0063,50.0
2021-07-14,0.1,1.37,112.8801,50.0
2021-07-15,0.1,1.31,113.0041,50.0
2021-07-16,0.1,1.31,113.0428,50.0
2021-07-19,0.1,1.19,113.5472,50.0
2021-07-20,0.1,1.23,113.7502,50.0
2021-07-21,0.1,1.3,113.3926,50.0
2021-07-22,0.1,1.27,113.4695,50.0
2021-07-23,0.1,1.3,113.4398,50.0
2021-07-26,0.1,1.29,113.2238,50.0
2021-07-27,0.1,1.25,113.2227,50.0
2021-07-28,0.1,1.26,113.1807,50.0
2021-07-29,0.1,1.28,112.4834,50.0
2021-07-30,0.1,1.24,112.6714,50.0
2021-08-01,0.09,1.24,112.6714,50.0
2021-08-02,0.09,1.2,112.6691,50.0
2021-08-03,0.09,1.19,112.8228,50.0
2021-08-04,0.09,1.19,112.8953,50.0
2021-08-05,0.09,1.23,112.7674,50.0
2021-08-06,0.09,1.31,113.3088,50.0
2021-08-09,0.09,1.33,113.4521,50.0
2021-08-10,0.09,1.36,113.4973,50.0
2021-08-11,0.09,1.35,113.282,50.0
2021-08-12,0.09,1.36,113.2691,50.0
2021-08-13,0.09,1.29,113.0615,50.0
2021-08-16,0.09,1.26,113.1698,50.0
2021-08-17,0.09,1.26,113.6174,50.0
2021-08-18,0.09,1.27,113.6959,50.0
2021-08-19,0.09,1.24,114.1106,50.0
2021-08-20,0.09,1.26,114.5009,50.0
2021-08-23,0.09,1.25,113.9418,50.0
2021-08-24,0.09,1.29,113.6795,50.0
2021-08-25,0.09,1.35,113.6322,50.0
2021-08-26,0.09,1.34,113.7883,50.0
2021-08-27,0.09,1.31,113.3404,50.0
2021-08-30,0.09,1.29,113.246,50.0
2021-08-31,0.09,1.3,113.1076,50.0
2021-09-01,0.08,1.31,112.8732,50.0
2021-09-02,0.08,1.29,112.7863,50.0
2021-09-03,0.08,1.33,112.5476,50.0
2021-09-06,0.08,1.33,112.5476,50.0
2021-09-07,0.08,1.38,112.9795,50.0
2021-09-08,0.08,1.35,113.2319,50.0
2021-09-09,0.08,1.3,113.043,50.0
2021-09-10,0.08,1.35,112.9425,50.0
2021-09-13,0.08,1.33,113.0341,50.0
2021-09-14,0.08,1.28,113.0061,50.0
2021-09-15,0.08,1.31,112.9773,50.0
2021-09-16,0.08,1.34,113.3036,50.0
2021-09-17,0.08,1.37,113.5989,50.0
2021-09-20,0.08,1.31,113.9422,50.0
2021-09-21,0.08,1.33,113.8179,50.0
2021-09-22,0.08,1.32,113.6223,50.0
2021-09-23,0.08,1.41,113.513,50.0
2021-09-24,0.08,1.47,113.7597,50.0
2021-09-27,0.08,1.48,113.7432,50.0
2021-09-28,0.08,1.54,114.2469,50.0
2021-09-29,0.08,1.55,114.7092,50.0
2021-09-30,0.08,1.52,114.6403,50.0
2021-10-01,0.08,1.48,114.3798,50.0
2021-10-04,0.08,1.49,114.2739,50.0
2021-10-05,0.08,1.54,114.3654,50.0
2021-10-06,0.08,1.53,114.7185,50.0
2021-10-07,0.08,1.58,114.5044,50.0
2021-10-08,0.08,1.61,114.5986,50.0
2021-10-11,0.08,1.61,114.5986,50.0
2021-10-12,0.08,1.59,114.7542,50.0
2021-10-13,0.08,1.56,114.4705,50.0
2021-10-14,0.08,1.52,114.2053,50.0
2021-10-15,0.08,1.59,114.0905,50.0
2021-10-18,0.08,1.59,113.9899,50.0
2021-10-19,0.08,1.65,113.647,50.0
2021-10-20,0.08,1.65,113.5083,50.0
2021-10-21,0.08,1.68,113.6188,50.0
2021-10-22,0.08,1.66,113.67,50.0
2021-10-25,0.08,1.64,113.605,50.0
2021-10-26,0.08,1.63,113.674,50.0
2021-10-27,0.08,1.54,113.6218,50.0
2021-10-28,0.08,1.57,113.4389,50.0
2021-10-29,0.08,1.55,114.1349,50.0
2021-11-01,0.08,1.58,114.2067,50.0
2021-11-02,0.08,1.56,114.2847,50.0
2021-11-03,0.08,1.6,114.3593,50.0
2021-11-04,0.08,1.53,114.3558,50.0
2021-11-05,0.08,1.45,114.0732,50.0
2021-11-08,0.08,1.51,113.8256,50.0
2021-11-09,0.08,1.46,113.762,50.0
2021-11-10,0.08,1.56,114.1484,50.0
2021-11-11,0.08,1.56,114.1484,50.0
2021-11-12,0.08,1.58,114.5144,50.0
2021-11-15,0.08,1.63,114.5876,50.0
2021-11-16,0.08,1.63,115.136,50.0
2021-11-17,0.08,1.6,115.0263,50.0
2021-11-18,0.08,1.59,115.0678,50.0
2021-11-19,0.08,1.54,115.2187,50.0
2021-11-22,0.08,1.63,115.6481,50.0
2021-11-23,0.08,1.67,116.0118,50.0
2021-11-24,0.08,1.64,116.2711,50.0
2021-11-25,0.08,1.64,116.2711,50.0
2021-11-26,0.08,1.48,116.5103,50.0
2021-11-29,0.08,1.52,116.581,50.0
2021-11-30,0.08,1.43,116.2071,50.0
2021-12-01,0.08,1.43,115.889,50.0
2021-12-02,0.08,1.44,116.018,50.0
2021-12-03,0.08,1.35,116.2377,50.0
2021-12-06,0.08,1.43,116.1538,50.0
2021-12-07,0.08,1.48,115.8555,50.0
2021-12-08,0.08,1.52,115.4418,50.0
2021-12-09,0.08,1.49,115.7784,50.0
2021-12-10,0.08,1.48,115.5732,50.0
2021-12-13,0.08,1.42,115.842,50.0
2021-12-14,0.08,1.44,116.2397,50.0
2021-12-15,0.08,1.47,116.4219,50.0
2021-12-16,0.08,1.44,115.7146,50.0
2021-12-17,0.08,1.41,115.791,50.0
2021-12-20,0.08,1.43,116.0092,50.0
2021-12-21,0.08,1.48,116.1089,50.0
2021-12-22,0.08,1.46,115.7485,50.0
2021-12-23,0.08,1.5,115.5337,50.0
2021-12-24,0.08,1.5,115.5337,50.0
2021-12-27,0.08,1.48,115.4684,50.0
2021-12-28,0.08,1.49,115.4192,50.0
2021-12-29,0.08,1.55,115.3678,50.0
2021-12-30,0.08,1.52,115.283,50.0
2021-12-31,0.08,1.52,115.283,50.0
2022-01-01,0.08,1.52,115.283,50.0
2022-01-03,0.08,1.63,115.4101,50.0
2022-01-04,0.08,1.66,115.3103,50.0
2022-01-05,0.08,1.71,115.137,50.0
2022-01-06,0.08,1.73,115.4046,50.0
2022-01-07,0.08,1.76,115.0451,50.0
2022-01-10,0.08,1.78,115.2216,50.0
2022-01-11,0.08,1.75,114.8332,50.0
2022-01-12,0.08,1.74,114.355,50.0
2022-01-13,0.08,1.7,114.177,50.0
2022-01-14,0.08,1.78,114.3825,50.0
2022-01-17,0.08,1.78,114.3825,50.0
2022-01-18,0.08,1.87,114.7373,50.0
2022-01-19,0.08,1.83,114.6109,50.0
2022-01-20,0.08,1.83,114.4642,50.0
2022-01-21,0.08,1.75,114.6125,50.0
2022-01-24,0.08,1.75,115.2034,50.0
2022-01-25,0.08,1.78,115.1654,50.0
2022-01-26,0.08,1.85,115.0922,50.0
2022-01-27,0.08,1.81,115.978,50.0
2022-01-28,0.08,1.78,116.0393,50.0
2022-01-31,0.08,1.79,115.566,50.0
2022-02-01,0.08,1.81,115.3685,50.0
2022-02-02,0.08,1.78,115.1538,50.0
2022-02-03,0.08,1.82,114.9065,50.0
2022-02-04,0.08,1.93,115.1362,50.0
2022-02-07,0.08,1.92,115.0098,50.0
2022-02-08,0.08,1.96,115.0892,50.0
2022-02-09,0.08,1.94,114.8232,50.0
2022-02-10,0.08,2.03,114.5527,50.0
2022-02-11,0.08,1.92,114.8413,50.0
2022-02-14,0.08,1.98,115.1946,50.0
2022-02-15,0.08,2.05,114.93,50.0
2022-02-16,0.08,2.03,114.6886,50.0
2022-02-17,0.08,1.97,114.6755,50.0
2022-02-18,0.08,1.92,114.7982,50.0
2022-02-21,0.08,1.92,114.7982,50.0
2022-02-22,0.08,1.94,114.7002,50.0
2022-02-23,0.08,1.99,114.6668,50.0
2022-02-24,0.08,1.96,115.9419,50.0
2022-02-25,0.08,1.97,115.2577,50.0
2022-02-28,0.08,1.83,115.2224,50.0
2022-03-01,0.2,1.72,115.7962,50.0
2022-03-02,0.2,1.86,115.7623,50.0
2022-03-03,0.2,1.86,115.9495,50.0
2022-03-04,0.2,1.74,116.6503,50.0
2022-03-07,0.2,1.78,117.3278,50.0
2022-03-08,0.2,1.86,117.6176,50.0
2022-03-09,0.2,1.94,116.5961,50.0
2022-03-10,0.2,1.98,116.7401,50.0
2022-03-11,0.2,2.0,117.0192,50.0
2022-03-14,0.2,2.14,117.1506,50.0
2022-03-15,0.2,2.15,117.246,50.0
2022-03-16,0.2,2.19,116.8073,50.0
2022-03-17,0.2,2.2,116.0467,50.0
2022-03-18,0.2,2.14,116.1378,50.0
2022-03-21,0.2,2.32,115.9398,50.0
2022-03-22,0.2,2.38,116.0824,50.0
2022-03-23,0.2,2.32,116.005,50.0
2022-03-24,0.2,2.34,115.9599,50.0
2022-03-25,0.2,2.48,115.7921,50.0
2022-03-28,0.2,2.46,116.1911,50.0
2022-03-29,0.2,2.41,115.5679,50.0
2022-03-30,0.2,2.35,115.0818,50.0
2022-03-31,0.2,2.32,115.2218,50.0
2022-04-01,0.33,2.39,115.4814,50.0
2022-04-04,0.33,2.42,115.4112,50.0
2022-04-05,0.33,2.54,115.73,50.0
2022-04-06,0.33,2.61,115.9995,50.0
2022-04-07,0.33,2.66,116.3512,50.0
2022-04-08,0.33,2.72,116.4176,50.0
2022-04-11,0.33,2.79,116.5401,50.0
2022-04-12,0.33,2.72,116.3866,50.0
2022-04-13,0.33,2.7,116.2796,50.0
2022-04-14,0.33,2.83,116.7558,50.0
2022-04-15,0.33,2.83,116.7017,50.0
2022-04-18,0.33,2.85,116.8441,50.0
2022-04-19,0.33,2.93,117.1324,50.0
2022-04-20,0.33,2.85,116.7306,50.0
2022-04-21,0.33,2.9,117.1432,50.0
2022-04-22,0.33,2.9,118.0186,50.0
2022-04-25,0.33,2.81,118.6271,50.0
2022-04-26,0.33,2.77,118.9624,50.0
2022-04-27,0.33,2.82,119.4708,50.0
2022-04-28,0.33,2.85,120.0675,50.0
2022-04-29,0.33,2.89,119.4933,50.0
2022-05-01,0.77,2.89,119.4933,50.0
2022-05-02,0.77,2.99,119.8825,50.0
2022-05-03,0.77,2.97,119.7043,50.0
2022-05-04,0.77,2.93,119.5592,50.0
2022-05-05,0.77,3.05,120.0068,50.0
2022-05-06,0.77,3.12,119.8577,50.0
2022-05-09,0.77,3.05,120.4972,50.0
2022-05-10,0.77,2.99,120.7742,50.0
2022-05-11,0.77,2.91,120.3925,50.0
2022-05-12,0.77,2.84,121.2796,50.0
2022-05-13,0.77,2.93,120.8442,50.0
2022-05-16,0.77,2.88,120.6881,50.0
2022-05-17,0.77,2.98,119.8871,50.0
2022-05-18,0.77,2.89,120.0274,50.0
2022-05-19,0.77,2.84,119.4278,50.0
2022-05-20,0.77,2.78,119.3677,50.0
2022-05-23,0.77,2.86,118.7169,50.0
2022-05-24,0.77,2.76,118.6245,50.0
2022-05-25,0.77,2.75,118.9598,50.0
2022-05-26,0.77,2.75,118.7687,50.0
2022-05-27,0.77,2.74,118.2834,50.0
2022-05-30,0.77,2.74,118.2834,50.0
2022-05-31,0.77,2.85,118.0704,50.0
2022-06-01,1.21,2.94,118.6954,50.0
2022-06-02,1.21,2.92,118.0658,50.0
2022-06-03,1.21,2.96,118.2153,50.0
2022-06-06,1.21,3.04,118.3081,50.0
2022-06-07,1.21,2.98,118.4414,50.0
2022-06-08,1.21,3.03,118.3951,50.0
2022-06-09,1.21,3.04,118.9226,50.0
2022-06-10,1.21,3.15,119.9981,50.0
2022-06-13,1.21,3.43,121.1523,50.0
2022-06-14,1.21,3.49,121.6669,50.0
2022-06-15,1.21,3.33,121.6403,50.0
2022-06-16,1.21,3.28,120.6714,50.0
2022-06-17,1.21,3.25,121.2369,50.0
2022-06-20,1.21,3.25,121.2369,50.0
2022-06-21,1.21,3.31,120.6427,50.0
2022-06-22,1.21,3.16,120.5197,50.0
2022-06-23,1.21,3.09,120.7622,50.0
2022-06-24,1.21,3.13,120.4853,50.0
2022-06-27,1.21,3.2,120.1736,50.0
2022-06-28,1.21,3.2,120.62,50.0
2022-06-29,1.21,3.1,120.9616,50.0
2022-06-30,1.21,2.98,120.9652,50.0
2022-07-01,1.68,2.88,121.5058,50.0
2022-07-04,1.68,2.88,121.5058,50.0
2022-07-05,1.68,2.82,122.6203,50.0
2022-07-06,1.68,2.93,123.0073,50.0
2022-07-07,1.68,3.01,122.7257,50.0
2022-07-08,1.68,3.09,122.4662,50.0
2022-07-11,1.68,2.99,123.2974,50.0
2022-07-12,1.68,2.96,123.4524,50.0
2022-07-13,1.68,2.91,123.2834,50.0
2022-07-14,1.68,2.96,124.0622,50.0
2022-07-15,1.68,2.93,123.4765,50.0
2022-07-18,1.68,2.96,122.7727,50.0
2022-07-19,1.68,3.01,122.4819,50.0
2022-07-20,1.68,3.04,122.5997,50.0
2022-07-21,1.68,2.91,122.9032,50.0
2022-07-22,1.68,2.77,122.451,50.0
2022-07-25,1.68,2.81,122.4594,50.0
2022-07-26,1.68,2.81,122.7581,50.0
2022-07-27,1.68,2.78,122.8169,50.0
2022-07-28,1.68,2.68,122.1161,50.0
2022-07-29,1.68,2.67,121.7678,50.0
2022-08-01,2.33,2.6,121.4109,50.0
2022-08-02,2.33,2.75,121.9486,50.0
2022-08-03,2.33,2.73,122.3888,50.0
2022-08-04,2.33,2.68,121.8333,50.0
2022-08-05,2.33,2.83,122.321,50.0
2022-08-08,2.33,2.77,121.8783,50.0
2022-08-09,2.33,2.8,121.8614,50.0
2022-08-10,2.33,2.78,120.7543,50.0
2022-08-11,2.33,2.87,120.7163,50.0
2022-08-12,2.33,2.84,121.018,50.0
2022-08-15,2.33,2.79,121.4315,50.0
2022-08-16,2.33,2.82,121.6807,50.0
2022-08-17,2.33,2.89,122.0711,50.0
2022-08-18,2.33,2.88,122.3627,50.0
2022-08-19,2.33,2.98,123.0501,50.0
2022-08-22,2.33,3.03,123.605,50.0
2022-08-23,2.33,3.05,123.0547,50.0
2022-08-24,2.33,3.11,123.109,50.0
2022-08-25,2.33,3.03,123.0586,50.0
2022-08-26,2.33,3.04,123.0656,50.0
2022-08-29,2.33,3.12,123.4686,50.0
2022-08-30,2.33,3.11,123.6848,50.0
2022-08-31,2.33,3.15,123.535,50.0
2022-09-01,2.56,3.26,124.4006,50.0
2022-09-02,2.56,3.2,123.7743,50.0
2022-09-05,2.56,3.2,123.7743,50.0
2022-09-06,2.56,3.33,124.767,50.0
2022-09-07,2.56,3.27,124.8408,50.0
2022-09-08,2.56,3.29,124.578,50.0
2022-09-09,2.56,3.33,123.7874,50.0
2022-09-12,2.56,3.37,123.3332,50.0
2022-09-13,2.56,3.42,124.4242,50.0
2022-09-14,2.56,3.41,124.4509,50.0
2022-09-15,2.56,3.45,124.8843,50.0
2022-09-16,2.56,3.45,124.8794,50.0
2022-09-19,2.56,3.49,125.0104,50.0
2022-09-20,2.56,3.57,125.1248,50.0
2022-09-21,2.56,3.51,125.7399,50.0
2022-09-22,2.56,3.7,126.1667,50.0
2022-09-23,2.56,3.69,127.2853,50.0
2022-09-26,2.56,3.88,128.4539,50.0
2022-09-27,2.56,3.97,128.4386,50.0
2022-09-28,2.56,3.72,128.0884,50.0
2022-09-29,2.56,3.76,127.5437,50.0
2022-09-30,2.56,3.83,127.5148,50.0
2022-10-01,3.08,3.83,127.5148,50.0
2022-10-03,3.08,3.67,127.0813,50.0
2022-10-04,3.08,3.62,126.1819,50.0
2022-10-05,3.08,3.76,126.8616,50.0
2022-10-06,3.08,3.83,127.2493,50.0
2022-10-07,3.08,3.89,127.3111,50.0
2022-10-10,3.08,3.89,127.3111,50.0
2022-10-11,3.08,3.93,127.6641,50.0
2022-10-12,3.08,3.91,128.1481,50.0
2022-10-13,3.08,3.97,127.7286,50.0
2022-10-14,3.08,4.0,128.3325,50.0
2022-10-17,3.08,4.02,127.6448,50.0
2022-10-18,3.08,4.01,127.9153,50.0
2022-10-19,3.08,4.14,128.3968,50.0
2022-10-20,3.08,4.24,128.0052,50.0
2022-10-21,3.08,4.21,127.6735,50.0
2022-10-24,3.08,4.25,128.0304,50.0
2022-10-25,3.08,4.1,127.3771,50.0
2022-10-26,3.08,4.04,126.4723,50.0
2022-10-27,3.08,3.96,126.7028,50.0
2022-10-28,3.08,4.02,127.2135,50.0
2022-10-31,3.08,4.1,127.6219,50.0
2022-11-01,3.78,4.07,127.3987,50.0
2022-11-02,3.78,4.1,127.3115,50.0
2022-11-03,3.78,4.14,128.1743,50.0
2022-11-04,3.78,4.17,127.1468,50.0
2022-11-07,3.78,4.22,126.3062,50.0
2022-11-08,3.78,4.14,125.633,50.0
2022-11-09,3.78,4.12,125.9861,50.0
2022-11-10,3.78,3.82,124.7044,50.0
2022-11-11,3.78,3.82,124.7044,50.0
2022-11-14,3.78,3.88,123.4277,50.0
2022-11-15,3.78,3.8,123.039,50.0
2022-11-16,3.78,3.67,123.2817,50.0
2022-11-17,3.78,3.77,123.977,50.0
2022-11-18,3.78,3.82,123.8524,50.0
2022-11-21,3.78,3.83,124.7009,50.0
2022-11-22,3.78,3.76,124.2365,50.0
2022-11-23,3.78,3.71,123.7574,50.0
2022-11-24,3.78,3.71,123.7574,50.0
2022-11-25,3.78,3.68,123.3386,50.0
2022-11-28,3.78,3.69,123.6032,50.0
2022-11-29,3.78,3.75,123.6615,50.0
2022-11-30,3.78,3.68,123.5175,50.0
2022-12-01,4.1,3.53,122.0045,50.0
2022-12-02,4.1,3.51,122.0102,50.0
2022-12-05,4.1,3.6,122.6384,50.0
2022-12-06,4.1,3.51,123.0191,50.0
2022-12-07,4.1,3.42,122.7608,50.0
2022-12-08,4.1,3.48,122.4152,50.0
2022-12-09,4.1,3.57,122.4201,50.0
2022-12-12,4.1,3.61,122.7714,50.0
2022-12-13,4.1,3.51,121.8493,50.0
2022-12-14,4.1,3.49,121.8226,50.0
2022-12-15,4.1,3.44,122.5519,50.0
2022-12-16,4.1,3.48,122.6505,50.0
2022-12-19,4.1,3.57,122.5275,50.0
2022-12-20,4.1,3.69,122.1357,50.0
2022-12-21,4.1,3.68,122.2828,50.0
2022-12-22,4.1,3.67,122.2419,50.0
2022-12-23,4.1,3.75,121.9743,50.0
2022-12-26,4.1,3.75,121.9743,50.0
2022-12-27,4.1,3.84,121.7539,50.0
2022-12-28,4.1,3.88,122.0075,50.0
2022-12-29,4.1,3.83,121.6577,50.0
2022-12-30,4.1,3.88,121.4256,50.0
2023-01-01,4.33,3.88,121.4256,50.0
2023-01-02,4.33,3.88,121.4256,50.0
2023-01-03,4.33,3.79,122.0905,50.0
2023-01-04,4.33,3.69,121.5008,50.0
2023-01-05,4.33,3.71,122.1017,50.0
2023-01-06,4.33,3.55,121.0852,50.0
2023-01-09,4.33,3.53,120.1508,50.0
2023-01-10,4.33,3.61,120.2483,50.0
2023-01-11,4.33,3.54,120.1614,50.0
2023-01-12,4.33,3.43,119.4218,50.0
2023-01-13,4.33,3.49,119.1673,50.0
2023-01-16,4.33,3.49,119.1673,50.0
2023-01-17,4.33,3.53,119.2121,50.0
2023-01-18,4.33,3.37,119.0755,50.0
2023-01-19,4.33,3.39,119.6107,50.0
2023-01-20,4.33,3.48,119.3486,50.0
2023-01-23,4.33,3.52,119.1434,50.0
2023-01-24,4.33,3.46,119.0958,50.0
2023-01-25,4.33,3.46,118.9686,50.0
2023-01-26,4.33,3.49,119.021,50.0
2023-01-27,4.33,3.52,118.9223,50.0
2023-01-30,4.33,3.55,118.8953,50.0
2023-01-31,4.33,3.52,118.9802,50.0
2023-02-01,4.57,3.39,118.6259,50.0
2023-02-02,4.57,3.4,118.3421,50.0
2023-02-03,4.57,3.53,119.5095,50.0
2023-02-06,4.57,3.63,120.541,50.0
2023-02-07,4.57,3.67,120.3475,50.0
2023-02-08,4.57,3.63,120.1436,50.0
2023-02-09,4.57,3.67,119.9781,50.0
2023-02-10,4.57,3.74,120.1419,50.0
2023-02-13,4.57,3.72,119.9828,50.0
2023-02-14,4.57,3.77,119.9229,50.0
2023-02-15,4.57,3.81,120.4557,50.0
2023-02-16,4.57,3.86,120.4651,50.0
2023-02-17,4.57,3.82,120.5526,50.0
2023-02-20,4.57,3.82,120.5526,50.0
2023-02-21,4.57,3.95,120.6256,50.0
2023-02-22,4.57,3.93,120.8389,50.0
2023-02-23,4.57,3.88,121.0896,50.0
2023-02-24,4.57,3.95,121.5681,50.0
2023-02-27,4.57,3.92,121.3941,50.0
2023-02-28,4.57,3.92,121.3341,50.0
2023-03-01,4.65,4.01,120.6347,50.0
2023-03-02,4.65,4.08,121.1302,50.0
2023-03-03,4.65,3.97,120.7742,50.0
2023-03-06,4.65,3.98,120.485,50.0
2023-03-07,4.65,3.97,121.4623,50.0
2023-03-08,4.65,3.98,121.4511,50.0
2023-03-09,4.65,3.93,121.4458,50.0
2023-03-10,4.65,3.7,121.2421,50.0
2023-03-13,4.65,3.55,120.8897,50.0
2023-03-14,4.65,3.64,121.0141,50.0
2023-03-15,4.65,3.51,122.1079,50.0
2023-03-16,4.65,3.56,121.7221,50.0
2023-03-17,4.65,3.39,121.5643,50.0
2023-03-20,4.65,3.47,121.0141,50.0
2023-03-21,4.65,3.59,120.8958,50.0
2023-03-22,4.65,3.48,120.6217,50.0
2023-03-23,4.65,3.38,119.7587,50.0
2023-03-24,4.65,3.38,120.4598,50.0
2023-03-27,4.65,3.53,120.2541,50.0
2023-03-28,4.65,3.55,119.7138,50.0
2023-03-29,4.65,3.57,119.7258,50.0
2023-03-30,4.65,3.55,119.4078,50.0
2023-03-31,4.65,3.48,119.3602,50.0
2023-04-01,4.83,3.48,119.3602,50.0
2023-04-03,4.83,3.43,119.3204,50.0
2023-04-04,4.83,3.35,119.142,50.0
2023-04-05,4.83,3.3,119.2953,50.0
2023-04-06,4.83,3.3,119.3072,50.0
2023-04-07,4.83,3.39,119.3547,50.0
2023-04-10,4.83,3.41,119.7948,50.0
2023-04-11,4.83,3.43,119.5248,50.0
2023-04-12,4.83,3.41,119.003,50.0
2023-04-13,4.83,3.45,118.3915,50.0
2023-04-14,4.83,3.52,118.8567,50.0
2023-04-17,4.83,3.6,119.2787,50.0
2023-04-18,4.83,3.58,119.1049,50.0
2023-04-19,4.83,3.6,119.303,50.0
2023-04-20,4.83,3.54,119.1199,50.0
2023-04-21,4.83,3.57,119.3117,50.0
2023-04-24,4.83,3.52,119.2039,50.0
2023-04-25,4.83,3.4,119.613,50.0
2023-04-26,4.83,3.43,119.3228,50.0
2023-04-27,4.83,3.53,119.4298,50.0
2023-04-28,4.83,3.44,119.2248,50.0
2023-05-01,5.06,3.59,119.4435,50.0
2023-05-02,5.06,3.44,119.6105,50.0
2023-05-03,5.06,3.38,119.1233,50.0
2023-05-04,5.06,3.37,119.0465,50.0
2023-05-05,5.06,3.44,118.5548,50.0
2023-05-08,5.06,3.52,118.5759,50.0
2023-05-09,5.06,3.53,118.8239,50.0
2023-05-10,5.06,3.43,118.5864,50.0
2023-05-11,5.06,3.39,119.0303,50.0
2023-05-12,5.06,3.46,119.3671,50.0
2023-05-15,5.06,3.5,119.1608,50.0
2023-05-16,5.06,3.54,119.1743,50.0
2023-05-17,5.06,3.57,119.607,50.0
2023-05-18,5.06,3.65,120.0886,50.0
2023-05-19,5.06,3.7,119.7751,50.0
2023-05-22,5.06,3.72,120.0875,50.0
2023-05-23,5.06,3.7,120.3204,50.0
2023-05-24,5.06,3.73,120.4752,50.0
2023-05-25,5.06,3.83,120.8413,50.0
2023-05-26,5.06,3.8,120.6304,50.0
2023-05-29,5.06,3.8,120.6304,50.0
2023-05-30,5.06,3.69,120.5546,50.0
2023-05-31,5.06,3.64,120.9662,50.0
2023-06-01,5.08,3.61,120.0491,50.0
2023-06-02,5.08,3.69,120.0049,50.0
2023-06-05,5.08,3.69,120.0048,50.0
2023-06-06,5.08,3.7,119.9718,50.0
2023-06-07,5.08,3.79,119.859,50.0
2023-06-08,5.08,3.73,119.5712,50.0
2023-06-09,5.08,3.75,119.4322,50.0
2023-06-12,5.08,3.73,119.6376,50.0
2023-06-13,5.08,3.84,119.1899,50.0
2023-06-14,5.08,3.83,118.776,50.0
2023-06-15,5.08,3.72,118.5521,50.0
2023-06-16,5.08,3.77,118.4184,50.0
2023-06-19,5.08,3.77,118.4184,50.0
2023-06-20,5.08,3.74,118.938,50.0
2023-06-21,5.08,3.72,118.727,50.0
2023-06-22,5.08,3.8,118.7552,50.0
2023-06-23,5.08,3.74,119.152,50.0
2023-06-26,5.08,3.72,119.0761,50.0
2023-06-27,5.08,3.77,118.8949,50.0
2023-06-28,5.08,3.71,119.3382,50.0
2023-06-29,5.08,3.85,119.527,50.0
2023-06-30,5.08,3.81,119.3606,50.0
2023-07-01,5.12,3.81,119.3606,50.0
2023-07-03,5.12,3.86,119.2119,50.0
2023-07-04,5.12,3.86,119.2119,50.0
2023-07-05,5.12,3.95,119.3483,50.0
2023-07-06,5.12,4.05,119.8193,50.0
2023-07-07,5.12,4.06,119.0761,50.0
2023-07-10,5.12,4.01,118.9548,50.0
2023-07-11,5.12,3.99,118.7344,50.0
2023-07-12,5.12,3.86,117.6385,50.0
2023-07-13,5.12,3.76,117.1831,50.0
2023-07-14,5.12,3.83,117.0463,50.0
2023-07-17,5.12,3.81,117.1267,50.0
2023-07-18,5.12,3.8,117.0264,50.0
2023-07-19,5.12,3.75,117.3462,50.0
2023-07-20,5.12,3.85,117.5947,50.0
2023-07-21,5.12,3.84,117.9418,50.0
2023-07-24,5.12,3.86,117.8124,50.0
2023-07-25,5.12,3.91,117.8565,50.0
2023-07-26,5.12,3.86,117.76,50.0
2023-07-27,5.12,4.01,117.8938,50.0
2023-07-28,5.12,3.96,117.788,50.0
2023-07-31,5.12,3.97,117.8241,50.0
2023-08-01,5.33,4.05,118.5738,50.0
2023-08-02,5.33,4.08,119.1268,50.0
2023-08-03,5.33,4.2,119.3963,50.0
2023-08-04,5.33,4.05,118.821,50.0
2023-08-07,5.33,4.09,119.0809,50.0
2023-08-08,5.33,4.02,119.6407,50.0
2023-08-09,5.33,4.0,119.476,50.0
2023-08-10,5.33,4.09,119.1581,50.0
2023-08-11,5.33,4.16,119.6268,50.0
2023-08-14,5.33,4.19,120.0725,50.0
2023-08-15,5.33,4.21,120.2127,50.0
2023-08-16,5.33,4.28,120.3551,50.0
2023-08-17,5.33,4.3,120.5242,50.0
2023-08-18,5.33,4.26,120.4321,50.0
2023-08-21,5.33,4.34,120.4627,50.0
2023-08-22,5.33,4.34,120.3554,50.0
2023-08-23,5.33,4.19,120.0307,50.0
2023-08-24,5.33,4.23,120.2354,50.0
2023-08-25,5.33,4.25,120.5137,50.0
2023-08-28,5.33,4.2,120.3155,50.0
2023-08-29,5.33,4.12,120.2669,50.0
2023-08-30,5.33,4.12,119.7937,50.0
2023-08-31,5.33,4.09,120.225,50.0
2023-09-01,5.33,4.18,120.759,50.0
2023-09-04,5.33,4.18,120.759,50.0
2023-09-05,5.33,4.27,121.4345,50.0
2023-09-06,5.33,4.3,121.8671,50.0
2023-09-07,5.33,4.27,121.9528,50.0
2023-09-08,5.33,4.26,121.9475,50.0
2023-09-11,5.33,4.29,121.3386,50.0
2023-09-12,5.33,4.27,121.2913,50.0
2023-09-13,5.33,4.25,121.0549,50.0
2023-09-14,5.33,4.29,121.2395,50.0
2023-09-15,5.33,4.33,121.199,50.0
2023-09-18,5.33,4.32,121.1938,50.0
2023-09-19,5.33,4.37,121.1645,50.0
2023-09-20,5.33,4.35,120.9648,50.0
2023-09-21,5.33,4.49,121.5528,50.0
2023-09-22,5.33,4.44,121.5306,50.0
2023-09-25,5.33,4.55,122.1143,50.0
2023-09-26,5.33,4.56,122.4742,50.0
2023-09-27,5.33,4.61,122.9895,50.0
2023-09-28,5.33,4.59,122.5342,50.0
2023-09-29,5.33,4.59,122.3077,50.0
2023-10-01,5.33,4.59,122.3077,50.0
2023-10-02,5.33,4.69,123.0545,50.0
2023-10-03,5.33,4.81,123.7848,50.0
2023-10-04,5.33,4.73,123.5946,50.0
2023-10-05,5.33,4.72,123.8993,50.0
2023-10-06,5.33,4.78,123.3563,50.0
2023-10-09,5.33,4.78,123.3563,50.0
2023-10-10,5.33,4.66,122.9282,50.0
2023-10-11,5.33,4.58,122.7697,50.0
2023-10-12,5.33,4.7,123.2101,50.0
2023-10-13,5.33,4.63,123.5954,50.0
2023-10-16,5.33,4.71,123.3185,50.0
2023-10-17,5.33,4.83,123.1202,50.0
2023-10-18,5.33,4.91,123.8148,50.0
2023-10-19,5.33,4.98,123.798,50.0
2023-10-20,5.33,4.93,123.612,50.0
2023-10-23,5.33,4.86,123.2846,50.0
2023-10-24,5.33,4.83,123.6416,50.0
2023-10-25,5.33,4.95,123.7871,50.0
2023-10-26,5.33,4.86,124.0064,50.0
2023-10-27,5.33,4.84,123.62,50.0
2023-10-30,5.33,4.88,123.4076,50.0
2023-10-31,5.33,4.88,123.8364,50.0
2023-11-01,5.33,4.77,123.7922,50.0
2023-11-02,5.33,4.67,122.8818,50.0
2023-11-03,5.33,4.57,121.7564,50.0
2023-11-06,5.33,4.67,121.6484,50.0
2023-11-07,5.33,4.58,122.0777,50.0
2023-11-08,5.33,4.49,122.0926,50.0
2023-11-09,5.33,4.62,122.1281,50.0
2023-11-10,5.33,4.61,122.1281,50.0
2023-11-13,5.33,4.63,122.4264,50.0
2023-11-14,5.33,4.44,121.35,50.0
2023-11-15,5.33,4.53,121.0749,50.0
2023-11-16,5.33,4.45,121.1754,50.0
2023-11-17,5.33,4.44,120.8477,50.0
2023-11-20,5.33,4.42,120.2533,50.0
2023-11-21,5.33,4.41,120.2241,50.0
2023-11-22,5.33,4.42,120.6802,50.0
2023-11-23,5.33,4.42,120.6802,50.0
2023-11-24,5.33,4.47,120.2105,50.0
2023-11-27,5.33,4.39,120.173,50.0
2023-11-28,5.33,4.34,119.5904,50.0
2023-11-29,5.33,4.27,119.8159,50.0
2023-11-30,5.33,4.37,120.2434,50.0
2023-12-01,5.33,4.22,119.9424,50.0
2023-12-04,5.33,4.28,120.4727,50.0
2023-12-05,5.33,4.18,120.7913,50.0
2023-12-06,5.33,4.12,120.5334,50.0
2023-12-07,5.33,4.14,120.6013,50.0
2023-12-08,5.33,4.23,120.7607,50.0
2023-12-11,5.33,4.23,120.9279,50.0
2023-12-12,5.33,4.2,120.6817,50.0
2023-12-13,5.33,4.04,121.1571,50.0
2023-12-14,5.33,3.92,119.5683,50.0
2023-12-15,5.33,3.91,119.7382,50.0
2023-12-18,5.33,3.95,119.9102,50.0
2023-12-19,5.33,3.93,119.4632,50.0
2023-12-20,5.33,3.86,119.5435,50.0
2023-12-21,5.33,3.89,119.3168,50.0
2023-12-22,5.33,3.9,119.0625,50.0
2023-12-25,5.33,3.9,119.0625,50.0
2023-12-26,5.33,3.89,118.8875,50.0
2023-12-27,5.33,3.79,118.4729,50.0
2023-12-28,5.33,3.84,118.4104,50.0
2023-12-29,5.33,3.88,118.4208,50.0
2024-01-01,5.33,3.88,118.4208,50.0
2024-01-02,5.33,3.95,119.2686,50.0
2024-01-03,5.33,3.91,119.6958,50.0
2024-01-04,5.33,3.99,119.6208,50.0
2024-01-05,5.33,4.05,119.388,50.0
2024-01-08,5.33,4.01,119.2506,50.0
2024-01-09,5.33,4.02,119.6666,50.0
2024-01-10,5.33,4.04,119.7614,50.0
2024-01-11,5.33,3.98,119.8916,50.0
2024-01-12,5.33,3.96,119.534,50.0
2024-01-15,5.33,3.96,119.534,50.0
2024-01-16,5.33,4.07,120.5759,50.0
2024-01-17,5.33,4.1,121.0402,50.0
2024-01-18,5.33,4.14,120.8895,50.0
2024-01-19,5.33,4.15,120.6442,50.0
2024-01-22,5.33,4.11,120.6178,50.0
2024-01-23,5.33,4.14,121.1001,50.0
2024-01-24,5.33,4.18,120.4916,50.0
2024-01-25,5.33,4.14,120.8311,50.0
2024-01-26,5.33,4.15,120.6173,50.0
2024-01-29,5.33,4.08,120.8538,50.0
2024-01-30,5.33,4.06,120.6025,50.0
2024-01-31,5.33,3.99,120.4331,50.0
2024-02-01,5.33,3.87,120.3335,50.0
2024-02-02,5.33,4.03,120.902,50.0
2024-02-05,5.33,4.17,121.349,50.0
2024-02-06,5.33,4.09,120.9588,50.0
2024-02-07,5.33,4.09,120.9049,50.0
2024-02-08,5.33,4.15,121.0798,50.0
2024-02-09,5.33,4.17,121.039,50.0
2024-02-12,5.33,4.17,120.9378,50.0
2024-02-13,5.33,4.31,121.5202,50.0
2024-02-14,5.33,4.27,121.4002,50.0
2024-02-15,5.33,4.24,121.2121,50.0
2024-02-16,5.33,4.3,121.1505,50.0
2024-02-19,5.33,4.3,121.1505,50.0
2024-02-20,5.33,4.27,121.0199,50.0
2024-02-21,5.33,4.32,121.0379,50.0
2024-02-22,5.33,4.33,121.102,50.0
2024-02-23,5.33,4.26,121.0369,50.0
2024-02-26,5.33,4.28,121.0592,50.0
2024-02-27,5.33,4.31,120.9647,50.0
2024-02-28,5.33,4.27,121.128,50.0
2024-02-29,5.33,4.25,121.1824,50.0
2024-03-01,5.33,4.19,121.0111,50.0
2024-03-04,5.33,4.22,120.872,50.0
2024-03-05,5.33,4.13,120.8846,50.0
2024-03-06,5.33,4.11,120.4649,50.0
2024-03-07,5.33,4.09,120.1909,50.0
2024-03-08,5.33,4.09,119.975,50.0
2024-03-11,5.33,4.1,120.0394,50.0
2024-03-12,5.33,4.16,120.1668,50.0
2024-03-13,5.33,4.19,119.9642,50.0
2024-03-14,5.33,4.29,120.241,50.0
2024-03-15,5.33,4.31,120.4003,50.0
2024-03-18,5.33,4.34,120.5752,50.0
2024-03-19,5.33,4.3,120.9332,50.0
2024-03-20,5.33,4.27,120.9289,50.0
2024-03-21,5.33,4.27,120.8086,50.0
2024-03-22,5.33,4.22,121.1842,50.0
2024-03-25,5.33,4.25,121.0295,50.0
2024-03-26,5.33,4.24,121.0742,50.0
2024-03-27,5.33,4.2,121.0089,50.0
2024-03-28,5.33,4.2,121.0635,50.0
2024-03-29,5.33,4.2,121.0191,50.0
2024-04-01,5.33,4.33,121.5151,50.0
2024-04-02,5.33,4.36,121.3035,50.0
2024-04-03,5.33,4.36,121.0198,50.0
2024-04-04,5.33,4.31,120.7613,50.0
2024-04-05,5.33,4.39,120.9646,50.0
2024-04-08,5.33,4.42,120.7359,50.0
2024-04-09,5.33,4.36,120.7048,50.0
2024-04-10,5.33,4.55,121.5727,50.0
2024-04-11,5.33,4.56,121.6081,50.0
2024-04-12,5.33,4.5,122.2885,50.0
2024-04-15,5.33,4.63,122.425,50.0
2024-04-16,5.33,4.67,123.1234,50.0
2024-04-17,5.33,4.59,123.0207,50.0
2024-04-18,5.33,4.64,123.0017,50.0
2024-04-19,5.33,4.62,123.1075,50.0
2024-04-22,5.33,4.62,123.0609,50.0
2024-04-23,5.33,4.61,122.7227,50.0
2024-04-24,5.33,4.65,122.89,50.0
2024-04-25,5.33,4.7,122.8384,50.0
2024-04-26,5.33,4.67,122.9471,50.0
2024-04-29,5.33,4.63,122.5449,50.0
2024-04-30,5.33,4.69,122.9853,50.0
2024-05-01,5.33,4.63,123.0168,50.0
2024-05-02,5.33,4.58,122.4384,50.0
2024-05-03,5.33,4.5,122.1375,50.0
2024-05-06,5.33,4.49,121.8913,50.0
2024-05-07,5.33,4.47,122.093,50.0
2024-05-08,5.33,4.48,122.1926,50.0
2024-05-09,5.33,4.45,122.1634,50.0
2024-05-10,5.33,4.5,122.014,50.0
2024-05-13,5.33,4.48,122.0261,50.0
2024-05-14,5.33,4.45,121.9256,50.0
2024-05-15,5.33,4.36,121.3543,50.0
2024-05-16,5.33,4.38,121.2236,50.0
2024-05-17,5.33,4.42,121.2354,50.0
2024-05-20,5.33,4.44,121.2289,50.0
2024-05-21,5.33,4.41,121.3793,50.0
2024-05-22,5.33,4.43,121.5462,50.0
2024-05-23,5.33,4.47,121.7477,50.0
2024-05-24,5.33,4.46,121.6172,50.0
2024-05-27,5.33,4.46,121.6172,50.0
2024-05-28,5.33,4.54,121.43,50.0
2024-05-29,5.33,4.61,122.1641,50.0
2024-05-30,5.33,4.55,121.9601,50.0
2024-05-31,5.33,4.51,122.098,50.0
2024-06-01,5.33,4.51,122.098,50.0
2024-06-03,5.33,4.41,122.3509,50.0
2024-06-04,5.33,4.33,122.7256,50.0
2024-06-05,5.33,4.29,122.5339,50.0
2024-06-06,5.33,4.28,122.3713,50.0
2024-06-07,5.33,4.43,123.549,50.0
2024-06-10,5.33,4.47,123.9125,50.0
2024-06-11,5.33,4.39,124.0349,50.0
2024-06-12,5.33,4.31,123.8295,50.0
2024-06-13,5.33,4.24,124.0235,50.0
2024-06-14,5.33,4.2,124.1694,50.0
2024-06-17,5.33,4.28,124.239,50.0
2024-06-18,5.33,4.22,123.9776,50.0
2024-06-19,5.33,4.22,123.9776,50.0
2024-06-20,5.33,4.25,124.192,50.0
2024-06-21,5.33,4.25,124.1086,50.0
2024-06-24,5.33,4.25,123.7125,50.0
2024-06-25,5.33,4.23,123.9417,50.0
2024-06-26,5.33,4.32,124.26,50.0
2024-06-27,5.33,4.29,124.3379,50.0
2024-06-28,5.33,4.36,124.2103,50.0
2024-07-01,5.33,4.48,124.4667,50.0
2024-07-02,5.33,4.43,124.2917,50.0
2024-07-03,5.33,4.36,123.7768,50.0
2024-07-04,5.33,4.36,123.7768,50.0
2024-07-05,5.33,4.28,123.4762,50.0
2024-07-08,5.33,4.28,123.3576,50.0
2024-07-09,5.33,4.3,123.4071,50.0
2024-07-10,5.33,4.28,123.1895,50.0
2024-07-11,5.33,4.2,122.769,50.0
2024-07-12,5.33,4.18,122.4404,50.0
2024-07-15,5.33,4.23,122.6347,50.0
2024-07-16,5.33,4.17,122.7264,50.0
2024-07-17,5.33,4.16,122.518,50.0
2024-07-18,5.33,4.2,122.7909,50.0
2024-07-19,5.33,4.25,123.147,50.0
2024-07-22,5.33,4.26,123.2172,50.0
2024-07-23,5.33,4.25,123.3843,50.0
2024-07-24,5.33,4.28,123.5575,50.0
2024-07-25,5.33,4.27,123.5286,50.0
2024-07-26,5.33,4.2,123.672,50.0
2024-07-29,5.33,4.17,124.1392,50.0
2024-07-30,5.33,4.15,124.2855,50.0
2024-07-31,5.33,4.09,123.6373,50.0
2024-08-01,5.33,3.99,123.8693,50.0
2024-08-02,5.33,3.8,123.4681,50.0
2024-08-05,5.33,3.78,123.5787,50.0
2024-08-06,5.33,3.9,123.6532,50.0
2024-08-07,5.33,3.96,123.5698,50.0
2024-08-08,5.33,3.99,123.4466,50.0
2024-08-09,5.33,3.94,122.9276,50.0
2024-08-12,5.33,3.9,123.2204,50.0
2024-08-13,5.33,3.85,123.0146,50.0
2024-08-14,5.33,3.83,122.4297,50.0
2024-08-15,5.33,3.92,122.5844,50.0
2024-08-16,5.33,3.89,122.3972,50.0
2024-08-19,5.33,3.86,121.8788,50.0
2024-08-20,5.33,3.82,121.7728,50.0
2024-08-21,5.33,3.79,121.8535,50.0
2024-08-22,5.33,3.86,122.3626,50.0
2024-08-23,5.33,3.81,121.4597,50.0
2024-08-26,5.33,3.82,121.6943,50.0
2024-08-27,5.33,3.83,121.8672,50.0
2024-08-28,5.33,3.84,121.8943,50.0
2024-08-29,5.33,3.87,122.2333,50.0
2024-08-30,5.33,3.91,122.3262,50.0
2024-09-01,5.13,3.91,122.3262,50.0
2024-09-02,5.13,3.91,122.3262,50.0
2024-09-03,5.13,3.84,122.7811,50.0
2024-09-04,5.13,3.77,122.5144,50.0
2024-09-05,5.13,3.73,122.4533,50.0
2024-09-06,5.13,3.72,122.4991,50.0
2024-09-09,5.13,3.7,122.7156,50.0
2024-09-10,5.13,3.65,123.0071,50.0
2024-09-11,5.13,3.65,122.7754,50.0
2024-09-12,5.13,3.68,122.4423,50.0
2024-09-13,5.13,3.66,121.6551,50.0
2024-09-16,5.13,3.63,121.4976,50.0
2024-09-17,5.13,3.65,121.6031,50.0
2024-09-18,5.13,3.7,121.5618,50.0
2024-09-19,5.13,3.73,121.3059,50.0
2024-09-20,5.13,3.73,121.4052,50.0
2024-09-23,5.13,3.75,121.4303,50.0
2024-09-24,5.13,3.74,121.1291,50.0
2024-09-25,5.13,3.79,121.4447,50.0
2024-09-26,5.13,3.79,121.0785,50.0
2024-09-27,5.13,3.75,121.1111,50.0
2024-09-30,5.13,3.81,121.2864,50.0
2024-10-01,4.83,3.74,121.6881,50.0
2024-10-02,4.83,3.79,121.5724,50.0
2024-10-03,4.83,3.85,122.1197,50.0
2024-10-04,4.83,3.98,122.2197,50.0
2024-10-07,4.83,4.03,122.4241,50.0
2024-10-08,4.83,4.04,122.6625,50.0
2024-10-09,4.83,4.06,122.8821,50.0
2024-10-10,4.83,4.09,123.0951,50.0
2024-10-11,4.83,4.08,122.9805,50.0
2024-10-14,4.83,4.08,122.9805,50.0
2024-10-15,4.83,4.03,123.5124,50.0
2024-10-16,4.83,4.02,123.9235,50.0
2024-10-17,4.83,4.09,124.1122,50.0
2024-10-18,4.83,4.08,123.9185,50.0
2024-10-21,4.83,4.19,124.4757,50.0
2024-10-22,4.83,4.2,124.4107,50.0
2024-10-23,4.83,4.24,124.6931,50.0
2024-10-24,4.83,4.21,124.5127,50.0
2024-10-25,4.83,4.25,124.6105,50.0
2024-10-28,4.83,4.28,124.8076,50.0
2024-10-29,4.83,4.28,124.8612,50.0
2024-10-30,4.83,4.29,124.8153,50.0
2024-10-31,4.83,4.28,124.7988,50.0
2024-11-01,4.64,4.37,124.8076,50.0
2024-11-04,4.64,4.31,124.5903,50.0
2024-11-05,4.64,4.26,124.5532,50.0
2024-11-06,4.64,4.42,125.7035,50.0
2024-11-07,4.64,4.31,124.775,50.0
2024-11-08,4.64,4.3,125.5811,50.0
2024-11-11,4.64,4.3,125.5811,50.0
2024-11-12,4.64,4.43,126.7762,50.0
2024-11-13,4.64,4.44,126.9572,50.0
2024-11-14,4.64,4.43,127.0015,50.0
2024-11-15,4.64,4.43,126.8848,50.0
2024-11-18,4.64,4.42,126.6045,50.0
2024-11-19,4.64,4.39,126.3994,50.0
2024-11-20,4.64,4.41,126.88,50.0
2024-11-21,4.64,4.43,127.1047,50.0
2024-11-22,4.64,4.41,127.4712,50.0
2024-11-25,4.64,4.27,126.9948,50.0
2024-11-26,4.64,4.3,127.4301,50.0
2024-11-27,4.64,4.25,126.8205,50.0
2024-11-28,4.64,4.25,126.8205,50.0
2024-11-29,4.64,4.18,126.5798,50.0
2024-12-01,4.48,4.18,126.5798,50.0
2024-12-02,4.48,4.19,127.1272,50.0
2024-12-03,4.48,4.23,126.9565,50.0
2024-12-04,4.48,4.19,126.7574,50.0
2024-12-05,4.48,4.17,126.4286,50.0
2024-12-06,4.48,4.15,126.688,50.0
2024-12-09,4.48,4.2,126.5981,50.0
2024-12-10,4.48,4.22,126.957,50.0
2024-12-11,4.48,4.26,126.8483,50.0
2024-12-12,4.48,4.32,126.9556,50.0
2024-12-13,4.48,4.4,127.3096,50.0
2024-12-16,4.48,4.39,127.2687,50.0
2024-12-17,4.48,4.4,127.5043,50.0
2024-12-18,4.48,4.5,127.6418,50.0
2024-12-19,4.48,4.57,128.6366,50.0
2024-12-20,4.48,4.52,127.893,50.0
2024-12-23,4.48,4.59,128.3021,50.0
2024-12-24,4.48,4.59,128.3377,50.0
2024-12-25,4.48,4.59,128.3377,50.0
2024-12-26,4.48,4.58,128.3329,50.0
2024-12-27,4.48,4.62,128.45,50.0
2024-12-30,4.48,4.55,128.8205,50.0
2024-12-31,4.48,4.58,129.2775,50.0
2025-01-01,4.33,4.58,129.2775,50.0
2025-01-02,4.33,4.57,129.4598,50.0
2025-01-03,4.33,4.6,129.4535,50.0
2025-01-06,4.33,4.62,128.538,50.0
2025-01-07,4.33,4.67,128.613,50.0
2025-01-08,4.33,4.67,129.0785,50.0
2025-01-09,4.33,4.68,129.2827,50.0
2025-01-10,4.33,4.77,129.8664,50.0
2025-01-13,4.33,4.79,130.0413,50.0
2025-01-14,4.33,4.78,129.3812,50.0
2025-01-15,4.33,4.66,129.2092,50.0
2025-01-16,4.33,4.61,129.436,50.0
2025-01-17,4.33,4.61,129.4859,50.0
2025-01-20,4.33,4.61,129.4859,50.0
2025-01-21,4.33,4.57,128.4151,50.0
2025-01-22,4.33,4.6,128.3402,50.0
2025-01-23,4.33,4.65,128.2162,50.0
2025-01-24,4.33,4.63,127.4611,50.0
2025-01-27,4.33,4.53,128.0912,50.0
2025-01-28,4.33,4.55,128.2817,50.0
2025-01-29,4.33,4.55,128.3418,50.0
2025-01-30,4.33,4.52,128.1004,50.0
2025-01-31,4.33,4.58,128.4828,50.0
2025-02-01,4.33,4.58,128.4828,50.0
2025-02-03,4.33,4.54,129.109,50.0
2025-02-04,4.33,4.52,128.1083,50.0
2025-02-05,4.33,4.43,127.9751,50.0
2025-02-06,4.33,4.45,128.2017,50.0
2025-02-07,4.33,4.49,128.4292,50.0
2025-02-10,4.33,4.51,128.6382,50.0
2025-02-11,4.33,4.54,128.4322,50.0
2025-02-12,4.33,4.62,128.3288,50.0
2025-02-13,4.33,4.52,127.8931,50.0
2025-02-14,4.33,4.47,127.1491,50.0
2025-02-17,4.33,4.47,127.1491,50.0
2025-02-18,4.33,4.55,127.2906,50.0
2025-02-19,4.33,4.53,127.7317,50.0
2025-02-20,4.33,4.5,127.1126,50.0
2025-02-21,4.33,4.42,127.1408,50.0
2025-02-24,4.33,4.4,127.1921,50.0
2025-02-25,4.33,4.3,127.3752,50.0
2025-02-26,4.33,4.25,127.2822,50.0
2025-02-27,4.33,4.29,127.9704,50.0
2025-02-28,4.33,4.24,128.2805,50.0
2025-03-01,4.33,4.24,128.2805,50.0
2025-03-03,4.33,4.16,127.75,50.0
2025-03-04,4.33,4.22,127.9966,50.0
2025-03-05,4.33,4.28,126.504,50.0
2025-03-06,4.33,4.29,126.1099,50.0
2025-03-07,4.33,4.32,125.9814,50.0
2025-03-10,4.33,4.22,126.268,50.0
2025-03-11,4.33,4.28,126.0457,50.0
2025-03-12,4.33,4.32,125.8664,50.0
2025-03-13,4.33,4.27,126.0031,50.0
2025-03-14,4.33,4.31,125.6942,50.0
2025-03-17,4.33,4.31,125.3688,50.0
2025-03-18,4.33,4.29,125.488,50.0
2025-03-19,4.33,4.25,125.8006,50.0
2025-03-20,4.33,4.24,125.985,50.0
2025-03-21,4.33,4.25,126.2679,50.0
2025-03-24,4.33,4.34,126.1956,50.0
2025-03-25,4.33,4.31,126.0535,50.0
2025-03-26,4.33,4.35,126.2364,50.0
2025-03-27,4.33,4.38,126.3626,50.0
2025-03-28,4.33,4.27,126.4187,50.0
2025-03-31,4.33,4.23,126.7075,50.0
2025-04-01,4.33,4.17,126.4338,50.0
2025-04-02,4.33,4.2,126.3811,50.0
2025-04-03,4.33,4.06,124.7316,50.0
2025-04-04,4.33,4.01,125.8129,50.0
2025-04-07,4.33,4.15,126.8282,50.0
2025-04-08,4.33,4.26,126.8668,50.0
2025-04-09,4.33,4.34,126.628,50.0
2025-04-10,4.33,4.4,125.089,50.0
2025-04-11,4.33,4.48,124.0163,50.0
2025-04-14,4.33,4.38,123.6598,50.0
2025-04-15,4.33,4.35,123.776,50.0
2025-04-16,4.33,4.29,123.2724,50.0
2025-04-17,4.33,4.34,123.1298,50.0
2025-04-18,4.33,4.34,122.9865,50.0
2025-04-21,4.33,4.42,122.3145,50.0
2025-04-22,4.33,4.41,122.4175,50.0
2025-04-23,4.33,4.4,123.0252,50.0
2025-04-24,4.33,4.32,122.9251,50.0
2025-04-25,4.33,4.29,122.8858,50.0
2025-04-28,4.33,4.23,122.7176,50.0
2025-04-29,4.33,4.19,122.5944,50.0
2025-04-30,4.33,4.17,122.5921,50.0
2025-05-01,4.33,4.25,123.1405,50.0
2025-05-02,4.33,4.33,122.4962,50.0
2025-05-05,4.33,4.36,122.2613,50.0
2025-05-06,4.33,4.3,122.0417,50.0
2025-05-07,4.33,4.26,122.117,50.0
2025-05-08,4.33,4.37,122.7568,50.0
2025-05-09,4.33,4.37,122.5191,50.0
2025-05-12,4.33,4.45,123.4863,50.0
2025-05-13,4.33,4.49,122.9583,50.0
2025-05-14,4.33,4.53,122.6746,50.0
2025-05-15,4.33,4.45,122.8174,50.0
2025-05-16,4.33,4.43,123.0737,50.0
2025-05-19,4.33,4.46,122.4186,50.0
2025-05-20,4.33,4.48,122.3199,50.0
2025-05-21,4.33,4.58,121.7496,50.0
2025-05-22,4.33,4.54,122.0429,50.0
2025-05-23,4.33,4.51,121.3837,50.0
2025-05-26,4.33,4.51,121.3837,50.0
2025-05-27,4.33,4.43,121.6099,50.0
2025-05-28,4.33,4.47,121.9888,50.0
2025-05-29,4.33,4.43,121.5617,50.0
2025-05-30,4.33,4.41,121.7674,50.0
2025-06-01,4.33,4.41,121.7674,50.0
2025-06-02,4.33,4.46,121.1881,50.0
2025-06-03,4.33,4.46,121.4592,50.0
2025-06-04,4.33,4.37,121.0539,50.0
2025-06-05,4.33,4.4,120.9596,50.0
2025-06-06,4.33,4.51,121.161,50.0
2025-06-09,4.33,4.49,120.9103,50.0
2025-06-10,4.33,4.47,121.0485,50.0
2025-06-11,4.33,4.41,120.587,50.0
2025-06-12,4.33,4.36,120.1723,50.0
2025-06-13,4.33,4.41,120.3245,50.0
2025-06-16,4.33,4.46,120.1565,50.0
2025-06-17,4.33,4.39,120.5048,50.0
2025-06-18,4.33,4.38,120.7305,50.0
2025-06-19,4.33,4.38,120.7305,50.0
2025-06-20,4.33,4.38,121.0408,50.0
2025-06-23,4.33,4.34,121.1694,50.0
2025-06-24,4.33,4.3,120.3645,50.0
2025-06-25,4.33,4.29,120.3336,50.0
2025-06-26,4.33,4.26,119.6451,50.0
2025-06-27,4.33,4.29,119.659,50.0
2025-06-30,4.33,4.24,119.4088,50.0
2025-07-01,4.33,4.26,119.3436,50.0
2025-07-02,4.33,4.3,119.3037,50.0
2025-07-03,4.33,4.35,119.2382,50.0
2025-07-04,4.33,4.35,119.2382,50.0
2025-07-07,4.33,4.4,119.6201,50.0
2025-07-08,4.33,4.42,119.8371,50.0
2025-07-09,4.33,4.34,119.7311,50.0
2025-07-10,4.33,4.35,119.8343,50.0
2025-07-11,4.33,4.43,119.9214,50.0
2025-07-14,4.33,4.43,120.2209,50.0
2025-07-15,4.33,4.5,120.5105,50.0
2025-07-16,4.33,4.46,120.4175,50.0
2025-07-17,4.33,4.47,120.6384,50.0
2025-07-18,4.33,4.44,120.356,50.0
2025-07-21,4.33,4.38,119.9961,50.0
2025-07-22,4.33,4.35,119.681,50.0
2025-07-23,4.33,4.4,119.5697,50.0
2025-07-24,4.33,4.43,119.5664,50.0
2025-07-25,4.33,4.4,119.9857,50.0
2025-07-28,4.33,4.42,120.6149,50.0
2025-07-29,4.33,4.34,120.9674,50.0
2025-07-30,4.33,4.38,121.4042,50.0
2025-07-31,4.33,4.37,121.721,50.0
2025-08-01,4.33,4.23,121.2122,50.0
2025-08-04,4.33,4.22,120.9859,50.0
2025-08-05,4.33,4.22,120.9082,50.0
2025-08-06,4.33,4.22,120.5082,50.0
2025-08-07,4.33,4.23,120.5043,50.0
2025-08-08,4.33,4.27,120.3329,50.0
2025-08-11,4.33,4.27,120.6892,50.0
2025-08-12,4.33,4.29,120.2736,50.0
2025-08-13,4.33,4.24,120.13,50.0
2025-08-14,4.33,4.29,120.6446,50.0
2025-08-15,4.33,4.33,120.3377,50.0
2025-08-18,4.33,4.34,120.5622,50.0
2025-08-19,4.33,4.3,120.7224,50.0
2025-08-20,4.33,4.29,120.7757,50.0
2025-08-21,4.33,4.33,121.0843,50.0
2025-08-22,4.33,4.26,120.2774,50.0
2025-08-25,4.33,4.28,120.4214,50.0
2025-08-26,4.33,4.26,120.5274,50.0
2025-08-27,4.33,4.24,120.7274,50.0
2025-08-28,4.33,4.22,120.2595,50.0
2025-08-29,4.33,4.23,120.2082,50.0
2025-09-01,4.22,4.23,120.2082,50.0
2025-09-02,4.22,4.28,120.6837,50.0
2025-09-03,4.22,4.22,120.5052,50.0
2025-09-04,4.22,4.17,120.7629,50.0
2025-09-05,4.22,4.1,120.1282,50.0
2025-09-08,4.22,4.05,120.0971,50.0
2025-09-09,4.22,4.08,120.1569,50.0
2025-09-10,4.22,4.04,120.1223,50.0
2025-09-11,4.22,4.01,119.9534,50.0
2025-09-12,4.22,4.06,120.0611,50.0
2025-09-15,4.22,4.05,119.5644,50.0
2025-09-16,4.22,4.04,119.1348,50.0
2025-09-17,4.22,4.06,119.1582,50.0
2025-09-18,4.22,4.11,119.6616,50.0
2025-09-19,4.22,4.14,119.7858,50.0
2025-09-22,4.22,4.15,119.8152,50.0
2025-09-23,4.22,4.12,119.6202,50.0
2025-09-24,4.22,4.16,120.1707,50.0
2025-09-25,4.22,4.18,120.5419,50.0
2025-09-26,4.22,4.2,120.4349,50.0
2025-09-29,4.22,4.15,120.115,50.0
2025-09-30,4.22,4.16,120.1368,50.0
2025-10-01,4.09,4.12,120.1502,50.0
2025-10-02,4.09,4.1,120.4296,50.0
2025-10-03,4.09,4.13,120.0881,50.0
2025-10-06,4.09,4.18,120.2722,50.0
2025-10-07,4.09,4.14,120.4884,50.0
2025-10-08,4.09,4.13,120.7766,50.0
2025-10-09,4.09,4.14,121.0902,50.0
2025-10-10,4.09,4.05,121.1163,50.0
2025-10-13,4.09,4.05,121.1163,50.0
2025-10-14,4.09,4.03,121.1822,50.0
2025-10-15,4.09,4.05,120.8642,50.0
2025-10-16,4.09,3.99,120.6698,50.0
2025-10-17,4.09,4.02,120.7028,50.0
2025-10-20,4.09,4.0,120.6209,50.0
2025-10-21,4.09,3.98,120.8895,50.0
2025-10-22,4.09,3.97,120.8958,50.0
2025-10-23,4.09,4.01,120.9531,50.0
2025-10-24,4.09,4.02,120.9345,50.0
2025-10-27,4.09,4.01,120.7988,50.0
2025-10-28,4.09,3.99,120.6361,50.0
2025-10-29,4.09,4.08,120.5312,50.0
2025-10-30,4.09,4.11,121.2832,50.0
2025-10-31,4.09,4.11,121.3859,50.0
2025-11-01,3.88,4.11,121.3859,50.0
2025-11-03,3.88,4.13,121.4512,50.0
2025-11-04,3.88,4.1,121.8271,50.0
2025-11-05,3.88,4.17,121.8482,50.0
2025-11-06,3.88,4.11,121.6948,50.0
2025-11-07,3.88,4.11,121.388,50.0
2025-11-10,3.88,4.13,121.2984,50.0
2025-11-11,3.88,4.13,121.2984,50.0
2025-11-12,3.88,4.08,121.0458,50.0
2025-11-13,3.88,4.11,120.7725,50.0
2025-11-14,3.88,4.14,120.9666,50.0
2025-11-17,3.88,4.13,121.1146,50.0
2025-11-18,3.88,4.12,121.2127,50.0
2025-11-19,3.88,4.13,121.4978,50.0
2025-11-20,3.88,4.1,121.6889,50.0
2025-11-21,3.88,4.06,121.8653,50.0
2025-11-24,3.88,4.04,121.9171,50.0
2025-11-25,3.88,4.01,121.6335,50.0
2025-11-26,3.88,4.0,121.2437,50.0
2025-11-27,3.88,4.0,121.2437,50.0
2025-11-28,3.88,4.02,121.0527,50.0
2025-12-01,3.72,4.09,120.9862,50.0
2025-12-02,3.72,4.09,121.1467,50.0
2025-12-03,3.72,4.06,120.7336,50.0
2025-12-04,3.72,4.11,120.6766,50.0
2025-12-05,3.72,4.14,120.6863,50.0
2025-12-08,3.72,4.17,120.776,50.0
2025-12-09,3.72,4.18,120.6832,50.0
2025-12-10,3.72,4.13,120.6752,50.0
2025-12-11,3.72,4.14,119.98,50.0
2025-12-12,3.72,4.19,120.1442,50.0
2025-12-15,3.72,4.18,119.9561,50.0
2025-12-16,3.72,4.15,119.8902,50.0
2025-12-17,3.72,4.16,120.155,50.0
2025-12-18,3.72,4.12,120.0528,50.0
2025-12-19,3.72,4.16,120.1652,50.0
2025-12-22,3.72,4.17,119.9912,50.0
2025-12-23,3.72,4.18,119.7057,50.0
2025-12-24,3.72,4.15,119.4372,50.0
2025-12-25,3.72,4.15,119.4372,50.0
2025-12-26,3.72,4.14,119.4723,50.0
2025-12-29,3.72,4.12,119.5899,50.0
2025-12-30,3.72,4.14,119.4939,50.0
2025-12-31,3.72,4.18,119.7456,50.0
2026-01-01,3.64,4.18,119.7456,50.0
2026-01-02,3.64,4.19,119.6059,50.0
2026-01-05,3.64,4.17,119.6192,50.0
2026-01-06,3.64,4.18,119.7807,50.0
2026-01-07,3.64,4.15,119.8719,50.0
2026-01-08,3.64,4.19,120.0904,50.0
2026-01-09,3.64,4.18,120.2215,50.0
2026-01-12,3.64,4.19,119.9958,50.0
2026-01-13,3.64,4.18,120.1401,50.0
2026-01-14,3.64,4.15,119.9537,50.0
2026-01-15,3.64,4.17,119.9951,50.0
2026-01-16,3.64,4.24,120.0838,50.0
2026-01-19,3.64,4.24,120.0838,50.0
2026-01-20,3.64,4.3,119.4455,50.0
2026-01-21,3.64,4.26,119.3431,50.0
2026-01-22,3.64,4.26,119.1962,50.0
2026-01-23,3.64,4.24,118.8976,50.0
2026-01-26,3.64,4.22,118.0525,50.0
2026-01-27,3.64,4.24,117.4523,50.0
2026-01-28,3.64,4.26,117.5117,50.0
2026-01-29,3.64,4.24,117.4396,50.0
2026-01-30,3.64,4.26,117.8996,50.0
2026-02-01,3.64,4.26,117.8996,50.0
2026-02-02,3.64,4.29,118.3609,50.0
2026-02-03,3.64,4.28,117.9764,50.0
2026-02-04,3.64,4.29,118.2602,50.0
2026-02-05,3.64,4.21,118.5034,50.0
2026-02-06,3.64,4.22,118.2407,50.0
2026-02-09,3.64,4.22,117.6392,50.0
2026-02-10,3.64,4.16,117.5216,50.0
2026-02-11,3.64,4.18,117.4601,50.0
2026-02-12,3.64,4.09,117.5376,50.0
2026-02-13,3.64,4.04,117.5258,50.0
2026-02-16,3.64,4.04,117.5258,50.0
2026-02-17,3.64,4.05,117.7375,50.0
2026-02-18,3.64,4.09,117.8426,50.0
2026-02-19,3.64,4.08,118.2354,50.0
2026-02-20,3.64,4.08,117.9917,50.0
2026-02-23,3.64,4.03,117.9395,50.0
2026-02-24,3.64,4.04,117.9463,50.0
2026-02-25,3.64,4.05,117.769,50.0
2026-02-26,3.64,4.02,117.9042,50.0
2026-02-27,3.64,3.97,117.8223,50.0
2026-03-01,3.64,3.97,117.8223,50.0
2026-03-02,3.64,4.05,118.667,50.0
2026-03-03,3.64,4.06,119.4341,50.0
2026-03-04,3.64,4.09,119.0705,50.0
2026-03-05,3.64,4.13,119.5683,50.0
2026-03-06,3.64,4.15,119.491,50.0
2026-03-09,3.64,4.12,119.5151,50.0
2026-03-10,3.64,4.15,118.7255,50.0
2026-03-11,3.64,4.21,119.2885,50.0
2026-03-12,3.64,4.27,119.8227,50.0
2026-03-13,3.64,4.28,120.5518,50.0
2026-03-16,3.64,4.23,120.097,50.0
2026-03-17,3.64,4.2,119.8328,50.0
2026-03-18,3.64,4.26,119.9276,50.0
2026-03-19,3.64,4.25,120.1802,50.0
2026-03-20,3.64,4.39,120.2757,50.0
2026-03-23,3.64,4.34,119.9371,50.0
2026-03-24,3.64,4.39,120.1295,50.0
2026-03-25,3.64,4.33,120.1282,50.0
2026-03-26,3.64,4.42,120.389,50.0
2026-03-27,3.64,4.44,120.8851,50.0
2026-03-30,3.64,4.35,121.2851,50.0
2026-03-31,3.64,4.3,121.035,50.0
2026-04-01,3.64,4.33,120.1198,50.0
2026-04-02,3.64,4.31,120.503,50.0
2026-04-03,3.64,4.35,120.6565,50.0
2026-04-06,3.64,4.34,120.4302,50.0
2026-04-07,3.64,4.33,120.32,50.0
2026-04-08,3.64,4.29,119.0596,50.0
2026-04-09,3.64,4.29,118.8998,50.0
2026-04-10,3.64,4.31,118.8552,50.0
