Date,Open,High,Low,Close,Volume,Change,MA5,MA20,MA60,MA120,MA200,High_52W,Low_52W,Dist_High_52W,Dist_Low_52W,RSI,MACD,MACD_Signal,MACD_Hist,BB_Mid,BB_Upper,BB_Lower,BB_Width,BB_Pct,Volume_MA20,Volume_Ratio,Daily_Return,Volatility_20
2025-05-19,203000,203000,197500,199400,2482673,-0.024938875305623442,0.0,0.0,0.0,0.0,0.0,0.0,0.0,0.0,0.0,0.0,0.0,0.0,0.0,0.0,0.0,0.0,0.0,0.0,0.0,0.0,0.0,0.0
2025-05-20,202500,208000,201500,202000,2820546,0.013039117352056095,0.0,0.0,0.0,0.0,0.0,0.0,0.0,0.0,0.0,0.0,207.40740740741603,41.48148148148321,165.92592592593283,0.0,0.0,0.0,0.0,0.0,0.0,0.0,0.013039117352056095,0.0
2025-05-21,204500,205000,199900,200500,1721760,-0.007425742574257432,0.0,0.0,0.0,0.0,0.0,0.0,0.0,0.0,0.0,0.0,247.88435158805805,82.76205550279818,165.12229608525988,0.0,0.0,0.0,0.0,0.0,0.0,0.0,-0.007425742574257432,0.0
2025-05-22,199900,201500,196500,196900,1988587,-0.01795511221945134,0.0,0.0,0.0,0.0,0.0,0.0,0.0,0.0,0.0,0.0,-10.40732293241308,64.12817981575593,-74.53550274816901,0.0,0.0,0.0,0.0,0.0,0.0,0.0,-0.01795511221945134,0.0
2025-05-23,199900,201500,198700,200000,1538701,0.015744032503808958,199760.0,0.0,0.0,0.0,0.0,0.0,0.0,0.0,0.0,0.0,34.63945427161525,58.230434706927795,-23.590980435312545,0.0,0.0,0.0,0.0,0.0,0.0,0.0,0.015744032503808958,0.0
2025-05-26,200000,203500,196900,203000,1459997,0.014999999999999902,200480.0,0.0,0.0,0.0,0.0,0.0,0.0,0.0,0.0,0.0,308.85400103521533,108.35514797258531,200.49885306263002,0.0,0.0,0.0,0.0,0.0,0.0,0.0,0.014999999999999902,0.0
2025-05-27,200500,203500,200000,202500,1424916,-0.0024630541871921707,200580.0,0.0,0.0,0.0,0.0,0.0,0.0,0.0,0.0,0.0,480.28871429973515,182.7418612380153,297.54685306171984,0.0,0.0,0.0,0.0,0.0,0.0,0.0,-0.0024630541871921707,0.0
2025-05-28,206500,209500,206000,208000,3161188,0.02716049382716057,202080.0,0.0,0.0,0.0,0.0,0.0,0.0,0.0,0.0,0.0,1047.8767236744752,355.76883372530733,692.1078899491679,0.0,0.0,0.0,0.0,0.0,0.0,0.0,0.02716049382716057,0.0
2025-05-29,214500,214500,207500,212000,3827689,0.019230769230769162,205100.0,0.0,0.0,0.0,0.0,0.0,0.0,0.0,0.0,0.0,1799.7148880145396,644.5580445831538,1155.1568434313858,0.0,0.0,0.0,0.0,0.0,0.0,0.0,0.019230769230769162,0.0
2025-05-30,210000,210000,203000,204500,4826628,-0.035377358490566,206000.0,0.0,0.0,0.0,0.0,0.0,0.0,0.0,0.0,0.0,1769.9617132038693,869.6387783072969,900.3229348965724,0.0,0.0,0.0,0.0,0.0,0.0,0.0,-0.035377358490566,0.0
2025-06-02,205000,208500,203000,207500,1775752,0.014669926650366705,206900.0,0.0,0.0,0.0,0.0,0.0,0.0,0.0,0.0,0.0,1965.7965567202773,1088.870333989893,876.9262227303843,0.0,0.0,0.0,0.0,0.0,0.0,0.0,0.014669926650366705,0.0
2025-06-04,218000,223000,216500,217500,5108674,0.04819277108433728,209900.0,0.0,0.0,0.0,0.0,0.0,0.0,0.0,0.0,0.0,2894.5469719343528,1450.0056615787848,1444.541310355568,0.0,0.0,0.0,0.0,0.0,0.0,0.0,0.04819277108433728,0.0
2025-06-05,225500,230000,222000,224500,5768506,0.03218390804597693,213200.0,0.0,0.0,0.0,0.0,0.0,0.0,0.0,0.0,0.0,4147.618699273735,1989.528269117775,2158.09043015596,0.0,0.0,0.0,0.0,0.0,0.0,0.0,0.03218390804597693,0.0
2025-06-09,233000,233500,228000,229000,3666084,0.020044543429844186,216600.0,0.0,0.0,0.0,0.0,0.0,0.0,0.0,0.0,0.0,5441.078101613384,2679.838235616897,2761.2398659964874,0.0,0.0,0.0,0.0,0.0,0.0,0.0,0.020044543429844186,0.0
2025-06-10,231000,232500,227500,230500,3718655,0.0065502183406114245,221800.0,0.0,0.0,0.0,0.0,0.0,0.0,0.0,0.0,77.13787085514835,6512.12375186116,3446.2953388657497,3065.82841299541,0.0,0.0,0.0,0.0,0.0,0.0,0.0,0.0065502183406114245,0.0
2025-06-11,236000,241000,235000,240000,4230421,0.04121475054229928,228300.0,0.0,0.0,0.0,0.0,0.0,0.0,0.0,0.0,79.59501557632399,8034.884603173676,4364.013191727336,3670.87141144634,0.0,0.0,0.0,0.0,0.0,0.0,0.0,0.04121475054229928,0.0
2025-06-12,242500,246500,235000,235500,4994238,-0.018750000000000044,231900.0,0.0,0.0,0.0,0.0,0.0,0.0,0.0,0.0,76.04166666666666,8777.390858724248,5246.688725126718,3530.7021335975296,0.0,0.0,0.0,0.0,0.0,0.0,0.0,-0.018750000000000044,0.0
2025-06-13,240500,243000,233750,235500,4100610,0.0,234100.0,0.0,0.0,0.0,0.0,0.0,0.0,0.0,0.0,80.34591194968553,9259.099282774143,6049.170836656203,3209.9284461179395,0.0,0.0,0.0,0.0,0.0,0.0,0.0,0.0,0.0
2025-06-16,238000,248500,238000,248000,3760740,0.05307855626326963,237900.0,0.0,0.0,0.0,0.0,0.0,0.0,0.0,0.0,82.87671232876713,10528.140363921208,6944.964742109205,3583.1756218120026,0.0,0.0,0.0,0.0,0.0,0.0,0.0,0.05307855626326963,0.0
2025-06-17,253000,260000,248000,249000,5044669,0.0040322580645162365,241600.0,217290.0,0.0,0.0,0.0,0.0,0.0,0.0,0.0,82.3943661971831,11482.196591441869,7852.411111975738,3629.7854794661307,217290.0,252348.8617823466,182231.1382176534,70117.72356469318,0.9522394394441955,3371051.7,1.4964674080792055,0.0040322580645162365,0.0
2025-06-18,245500,252000,245000,246500,4081001,-0.010040160642570295,242900.0,219645.0,0.0,0.0,0.0,0.0,0.0,0.0,0.0,80.13698630136986,11899.395099141024,8661.807909408795,3237.5871897322286,219645.0,255949.52922302205,183340.47077697795,72609.0584460441,0.8698574334214222,3450968.1,1.1825670019957588,-0.010040160642570295,0.3643570420085479
2025-06-19,247000,250000,242000,246000,2317796,-0.0020283975659228792,245000.0,221845.0,0.0,0.0,0.0,0.0,0.0,0.0,0.0,77.94117647058823,12050.768344784097,9339.599996483856,2711.1683483002416,221845.0,258970.75925149542,184719.24074850458,74251.51850299083,0.8253132122682038,3425830.6,0.6765646847803858,-0.0020283975659228792,0.36710251144411266
2025-06-20,249000,257000,247500,257000,3597877,0.04471544715447151,249300.0,224670.0,0.0,0.0,0.0,0.0,0.0,0.0,0.0,80.0,12909.527801116608,10053.585557410406,2855.942243706202,224670.0,263515.66493459116,185824.33506540884,77691.32986918231,0.9161339502675213,3519636.45,1.0222297248910466,0.04471544715447151,0.38040288499729447
2025-06-23,252500,263000,248500,259500,3398736,0.009727626459143934,251600.0,227800.0,0.0,0.0,0.0,0.0,0.0,0.0,0.0,89.28571428571429,13634.658112475474,10769.80006842342,2864.8580440520545,227800.0,267306.6949689343,188293.3050310657,79013.38993786857,0.9011978226086351,3590143.9,0.9466851732600468,0.009727626459143934,0.3630527202466237
2025-06-24,270000,283000,269500,278500,5436312,0.07321772639691715,257500.0,231725.0,0.0,0.0,0.0,0.0,0.0,0.0,0.0,91.27906976744185,15563.068947728461,11728.453844284428,3834.6151034440336,231725.0,275018.94633749255,188431.05366250747,86587.89267498508,1.040202545124568,3785024.45,1.436268661355675,0.07321772639691715,0.4193647462413864
2025-06-25,289000,291500,284000,286000,5466598,0.026929982046678624,265400.0,235875.0,0.0,0.0,0.0,0.0,0.0,0.0,0.0,91.01796407185628,17494.86582494687,12881.736240416918,4613.129584529954,235875.0,283291.2696927852,188458.73030721475,94832.53938557048,1.0285633003688903,3985354.5,1.3716717044870161,0.026929982046678624,0.4207391889860596
2025-06-26,294500,298500,287000,293000,5894020,0.02447552447552437,274800.0,240400.0,0.0,0.0,0.0,0.0,0.0,0.0,0.0,91.01796407185628,19367.414764933375,14178.87194532021,5188.542819613165,240400.0,291533.05656504614,189266.94343495386,102266.11313009227,1.014344374593446,4208809.7,1.4004006881090394,0.02447552447552437,0.4145094422441253
2025-06-27,288000,294500,281000,284000,5134863,-0.030716723549488067,280200.0,244200.0,0.0,0.0,0.0,0.0,0.0,0.0,0.0,81.25,19895.851515464892,15322.267859349147,4573.583656115745,244200.0,296478.0018141877,191921.99818581235,104556.00362837533,0.8806572422322253,4307493.45,1.1920767981666924,-0.030716723549488067,0.4488178206123976
2025-06-30,288500,294500,286000,292000,4375298,0.028169014084507005,286700.0,248200.0,0.0,0.0,0.0,0.0,0.0,0.0,0.0,82.53968253968253,20721.312200178014,16402.076727514923,4319.235472663091,248200.0,302314.3039753524,194085.69602464762,108228.60795070475,0.90469891306326,4334873.9,1.0093253231656865,0.028169014084507005,0.4507705279939578
2025-07-01,291000,294500,285500,285500,3687981,-0.022260273972602773,288100.0,252250.0,0.0,0.0,0.0,0.0,0.0,0.0,0.0,74.86338797814207,20613.38182837004,17244.337747685946,3369.0440806840925,252250.0,304691.9478541448,199808.05214585524,104883.89570828955,0.8170172100822526,4277941.55,0.8620924238668011,-0.022260273972602773,0.43278902564268984
2025-07-02,283500,283500,274500,279000,4702056,-0.02276707530647981,286700.0,255825.0,0.0,0.0,0.0,0.0,0.0,0.0,0.0,73.2620320855615,19775.392143011966,17750.54862675115,2024.8435162608148,255825.0,305073.3235087353,206576.67649126472,98496.64701747056,0.7352871970950374,4424256.75,1.0627900381233526,-0.02276707530647981,0.45546534148814755
2025-07-03,281000,284000,277000,278500,3642140,-0.0017921146953404632,283800.0,258875.0,0.0,0.0,0.0,0.0,0.0,0.0,0.0,72.87234042553192,18853.60088362306,17971.159078125533,882.4418054975285,258875.0,305621.6576345304,212128.34236546964,93493.31526906075,0.7099080553890071,4350930.05,0.8370945885466489,-0.0017921146953404632,0.44194412888983187
2025-07-04,279500,281500,269000,270500,3654933,-0.02872531418312385,281100.0,261175.0,0.0,0.0,0.0,0.0,0.0,0.0,0.0,62.569832402234645,17278.36726576992,17832.60071565441,-554.2334498844903,261175.0,305250.62281256827,217099.37718743176,88151.24562513651,0.6057840979315768,4245251.4,0.860946185660524,-0.02872531418312385,0.45906428630742663
2025-07-07,266000,272000,264500,271000,2523564,0.001848428835489857,276900.0,263275.0,0.0,0.0,0.0,0.0,0.0,0.0,0.0,62.359550561797754,15887.191442485928,17443.518861020715,-1556.3274185347873,263275.0,304825.82493322575,221724.17506677425,83101.64986645151,0.592958443212793,4188125.4,0.6025521585385194,0.001848428835489857,0.4581972910566011
2025-07-08,271000,285000,268500,282000,3119395,0.040590405904058935,276200.0,265850.0,0.0,0.0,0.0,0.0,0.0,0.0,0.0,68.2051282051282,15493.6811371496,17053.551316246492,-1559.8701790968917,265850.0,305172.01740286953,226527.98259713047,78644.03480573907,0.7053556895941633,4158162.4,0.7501859475233579,0.040590405904058935,0.4716711137523
2025-07-09,282500,284000,277500,281000,2626484,-0.0035460992907800915,276600.0,267900.0,0.0,0.0,0.0,0.0,0.0,0.0,0.0,67.85714285714286,14929.037095793232,16628.64847215584,-1699.611376362609,267900.0,305796.8128086338,230003.18719136622,75793.62561726756,0.6728377537466085,4077965.55,0.6440672359284644,-0.0035460992907800915,0.45967803518347283
2025-07-10,284000,297000,283500,297000,4556065,0.05693950177935947,280300.0,270975.0,0.0,0.0,0.0,0.0,0.0,0.0,0.0,69.41747572815534,15592.873962584767,16421.493570241626,-828.6196076568594,270975.0,307766.69671771635,234183.30328228368,73583.39343543266,0.8536803453191663,4056056.9,1.1232744294095085,0.05693950177935947,0.47870877975114084
2025-07-11,299500,306500,292000,294500,3732533,-0.008417508417508435,285100.0,273925.0,0.0,0.0,0.0,0.0,0.0,0.0,0.0,66.99029126213591,15735.847303089977,16284.364316811298,-548.5170137213208,273925.0,308109.1375956436,239740.86240435645,68368.27519128713,0.800943675153911,4037653.05,0.9244313351787371,-0.008417508417508435,0.4824468082156884
2025-07-14,292500,302500,292500,300000,2936976,0.018675721561969505,290900.0,276525.0,0.0,0.0,0.0,0.0,0.0,0.0,0.0,62.01117318435754,16107.28399661294,16248.948252771626,-141.66425615868684,276525.0,310314.55771427485,242735.44228572512,67579.11542854973,0.8473706314611302,3996464.85,0.7348934896800106,0.018675721561969505,0.45812714669753835
2025-07-15,296000,298500,290000,298500,4196196,-0.0050000000000000044,294200.0,279000.0,0.0,0.0,0.0,0.0,0.0,0.0,0.0,57.48502994011976,16095.078739440243,16218.17435010535,-123.0956106651065,279000.0,311528.52998765686,246471.47001234314,65057.05997531372,0.7997368772489766,3954041.2,1.0612423563011937,-0.0050000000000000044,0.460789098831494
2025-07-16,298500,299500,292500,296000,3123297,-0.008375209380234505,297200.0,281475.0,0.0,0.0,0.0,0.0,0.0,0.0,0.0,51.89873417721519,15702.666315849754,16115.072743254232,-412.40642740447765,281475.0,310984.09761590924,251965.90238409076,59018.19523181848,0.7461105417227171,3906156.0,0.7995832731718856,-0.008375209380234505,0.4598897035373402
2025-07-17,283500,289500,268000,269500,9328322,-0.08952702702702697,291700.0,282650.0,0.0,0.0,0.0,0.0,0.0,0.0,0.0,42.487046632124354,13102.312806588248,15512.520755921036,-2410.2079493327874,282650.0,307754.2038836442,257545.7961163558,50208.40776728839,0.23809167458667216,4256682.3,2.1914536586392646,-0.08952702702702697,0.578718054850608
2025-07-18,270000,275000,267000,269000,5359504,-0.0018552875695733162,286600.0,283250.0,0.0,0.0,0.0,0.0,0.0,0.0,0.0,37.07865168539326,10875.798657661595,14585.176336269149,-3709.377678607554,283250.0,306259.1514974276,260240.8485025724,46018.302994855214,0.1903406020514674,4344763.65,1.2335547872667365,-0.0018552875695733162,0.5598539873040246
2025-07-21,267500,274500,266500,272500,2424891,0.013011152416356975,281100.0,283900.0,0.0,0.0,0.0,0.0,0.0,0.0,0.0,42.441860465116285,9286.640294170182,13525.469127849357,-4238.828833679176,283900.0,304713.962924719,263086.037075281,41627.92584943795,0.22614537555312897,4296071.4,0.5644438311709623,0.013011152416356975,0.5605076267527167
2025-07-22,273000,273500,267000,268500,3139858,-0.014678899082568808,275100.0,283400.0,0.0,0.0,0.0,0.0,0.0,0.0,0.0,43.712574850299404,7616.654222555342,12343.706146790555,-4727.051924235213,283400.0,305216.45926214516,261583.54073785484,43632.91852429032,0.15851470623709873,4181248.7,0.7509378717415206,-0.014678899082568808,0.4978938406635798
2025-07-23,267500,271000,264500,269000,3116279,0.0018621973929235924,269700.0,282550.0,0.0,0.0,0.0,0.0,0.0,0.0,0.0,44.31137724550898,6261.347138269572,11127.23434508636,-4865.8872068167875,282550.0,305246.85811783315,259853.14188216685,45393.7162356663,0.20150053523589576,4063732.75,0.7668513634416535,0.0018621973929235924,0.4868371093114394
2025-07-24,277000,279000,269000,269500,3667144,0.0018587360594795044,269700.0,281375.0,0.0,0.0,0.0,0.0,0.0,0.0,0.0,49.3421052631579,5168.0285151024,9935.393179089568,-4767.364663987168,281375.0,304226.638199942,258523.361800058,45703.276399884024,0.24017180089893603,3952388.95,0.9278297369999478,0.0018587360594795044,0.47666459118142984
2025-07-25,273000,275000,265500,266000,2171063,-0.012987012987012991,269100.0,280475.0,0.0,0.0,0.0,0.0,0.0,0.0,0.0,46.835443037974684,3973.342659172544,8742.983075106164,-4769.64041593362,280475.0,304288.91676266096,256661.08323733904,47627.83352532191,0.1960810742671255,3804198.95,0.5707017504959881,-0.012987012987012991,0.46741885900817065
2025-07-28,261000,265500,258500,262000,2877357,-0.015037593984962405,267000.0,278975.0,0.0,0.0,0.0,0.0,0.0,0.0,0.0,36.11111111111111,2672.9666448780335,7528.979789060538,-4856.013144182504,278975.0,303500.97978084715,254449.02021915285,49051.9595616943,0.15393839202998633,3729301.9,0.7715537859780137,-0.015037593984962405,0.4543701983053547
2025-07-29,254500,265000,254500,262500,2944177,0.001908396946564972,265800.0,277825.0,0.0,0.0,0.0,0.0,0.0,0.0,0.0,37.06293706293707,1663.5784098053118,6355.899513209493,-4692.3211034041815,277825.0,303204.79926095385,252445.20073904618,50759.59852190767,0.19808665855806923,3692111.7,0.7974235990747517,0.001908396946564972,0.4502804247154828
2025-07-30,263000,266000,260500,263500,2482807,0.003809523809523707,264700.0,277050.0,0.0,0.0,0.0,0.0,0.0,0.0,0.0,20.35398230088495,933.5610927562811,5271.431829118851,-4337.87073636257,277050.0,303213.25265470025,250886.74734529972,52326.50530940053,0.24104901674819598,3581149.25,0.6932989458621419,0.003809523809523707,0.44528772456010496
2025-07-31,271000,274000,265500,273500,3472644,0.03795066413662229,265500.0,276800.0,0.0,0.0,0.0,0.0,0.0,0.0,0.0,33.59375,1148.692128199269,4446.8838889349345,-3298.1917607356654,276800.0,303000.44194082863,250599.55805917134,52400.8838816573,0.43702396304129554,3572674.45,0.9720012412549931,0.03795066413662229,0.4678668209872206
2025-08-01,266000,267000,257000,258000,3227394,-0.05667276051188297,263900.0,276175.0,0.0,0.0,0.0,0.0,0.0,0.0,0.0,21.621621621621628,67.68433969223406,3571.0439790863948,-3503.3596393941607,276175.0,303577.0264329406,248772.9735670594,54804.05286588121,0.16836394300110144,3551297.5,0.9087929130127791,-0.05667276051188297,0.49967654076828166
2025-08-04,254500,260000,254000,258000,2281558,0.0,263100.0,275525.0,0.0,0.0,0.0,0.0,0.0,0.0,0.0,22.06896551724138,-780.0304158582003,2700.829100097476,-3480.859515955676,275525.0,304038.10871197755,247011.89128802245,57026.217423955095,0.19268521056354923,3539197.2,0.6446541040437079,0.0,0.49953656394747953
2025-08-05,264000,264500,260500,263500,2118171,0.02131782945736438,263300.0,274600.0,0.0,0.0,0.0,0.0,0.0,0.0,0.0,28.47682119205298,-996.5587238722946,1961.3515353035218,-2957.9102591758165,274600.0,303427.2531871454,245772.74681285457,57654.506374290824,0.3074738524697576,3489136.0,0.6070760784331708,0.02131782945736438,0.48213724234009736
2025-08-06,260500,260500,257500,258500,1374559,-0.018975332068311146,262300.0,273475.0,0.0,0.0,0.0,0.0,0.0,0.0,0.0,39.81481481481481,-1553.7070139246644,1258.3398254578847,-2812.046839382549,273475.0,302998.3627381506,243951.63726184942,59046.72547630116,0.24638729109524707,3426539.75,0.4011507527382398,-0.018975332068311146,0.48549428418884333
2025-08-07,258000,263000,250000,262000,2724438,0.013539651837524147,260000.0,271725.0,0.0,0.0,0.0,0.0,0.0,0.0,0.0,43.85964912280702,-1693.3108649466303,668.0096873769817,-2361.320552323612,271725.0,299472.8780601707,243977.12193982932,55495.756120341364,0.32476137492547036,3334958.4,0.8169331287610664,0.013539651837524147,0.43544894238869913
2025-08-08,262000,266000,255500,256500,2676174,-0.020992366412213692,259700.0,269825.0,0.0,0.0,0.0,0.0,0.0,0.0,0.0,36.44067796610169,-2222.1365503348643,89.98043983461247,-2312.1169901694766,269825.0,296175.42194808467,243474.57805191533,52700.84389616933,0.24715774900582607,3282140.45,0.8153746132344823,-0.020992366412213692,0.43869662206811544
2025-08-11,260500,267500,260000,267000,2415473,0.040935672514619936,261500.0,268175.0,0.0,0.0,0.0,0.0,0.0,0.0,0.0,48.85496183206107,-1773.5283374584978,-282.72131562400966,-1490.8070218344883,268175.0,290375.6993725778,245974.30062742223,44401.398745155544,0.47353686971115416,3256065.3,0.7418380092070022,0.040935672514619936,0.46213489848955436
2025-08-12,268000,276000,267500,269000,3008648,0.0074906367041198685,262600.0,266700.0,254330.0,0.0,0.0,0.0,0.0,0.0,0.0,50.0,-1242.2993577125599,-474.63692404171974,-767.6624336708401,266700.0,283736.80226976133,249663.1977302387,34073.60453952264,0.5675009301505543,3196687.9,0.9411766472416654,0.0074906367041198685,0.46439796362426705
2025-08-13,278000,279000,274000,278000,3472694,0.03345724907063197,266500.0,265800.0,255640.0,0.0,0.0,0.0,0.0,0.0,0.0,55.629139072847686,-93.98834101459943,-398.50720743629574,304.5188664216963,265800.0,277332.1062119722,254267.89378802784,23064.21242394435,1.028958014076142,3214157.75,1.0804367022744916,0.03345724907063197,0.48344108309185707
2025-08-14,277500,277500,270500,276500,2101050,-0.0053956834532373765,269400.0,266150.0,256881.66666666666,0.0,0.0,0.0,0.0,0.0,0.0,57.14285714285714,687.0985050139134,-181.38606494625395,868.4845699601674,266150.0,278547.368141751,253752.63185824902,24794.73628350196,0.9174273072178889,2852794.15,0.7364884704352047,-0.0053956834532373765,0.35927895051185216
2025-08-18,272000,272000,267000,267500,1993220,-0.032549728752260365,271600.0,266075.0,257998.33333333334,0.0,0.0,0.0,0.0,0.0,0.0,53.5031847133758,573.2822333266377,-30.452405291675632,603.7346386183133,266075.0,278417.80101282126,253732.19898717874,24685.602025642525,0.557725956957408,2684479.95,0.7424976297550666,-0.032549728752260365,0.3790865439192723
2025-08-19,268500,270000,261500,263000,1709646,-0.016822429906542036,270800.0,265600.0,259100.0,0.0,0.0,0.0,0.0,0.0,0.0,50.303030303030305,118.6024508557166,-0.6414340621971846,119.24388491791379,265600.0,277628.9125378025,253571.08746219752,24057.825075604953,0.39192705525835403,2648717.7,0.6454617643850834,-0.016822429906542036,0.3802875239830204
2025-08-20,254500,257000,251000,255500,3571545,-0.028517110266159662,268100.0,264950.0,260025.0,0.0,0.0,0.0,0.0,0.0,0.0,45.50561797752809,-837.2703411184484,-167.96721547344742,-669.303125645001,264950.0,277702.2959749049,252197.7040250951,25504.59194980981,0.12947848690947267,2670302.05,1.3375059948742503,-0.028517110266159662,0.3897043280967307
2025-08-21,246500,251000,245000,245000,6301130,-0.04109589041095896,261500.0,263750.0,260725.0,0.0,0.0,0.0,0.0,0.0,0.0,34.07821229050279,-2414.2388209715136,-617.2215365730607,-1797.0172843984528,263750.0,279141.3851502099,248358.61484979012,30782.77030041977,-0.10910697175764929,2829544.6,2.2269060540696195,-0.04109589041095896,0.41291984871738013
2025-08-22,245500,252500,245500,251000,3064062,0.02448979591836742,256400.0,262825.0,261533.33333333334,0.0,0.0,0.0,0.0,0.0,0.0,45.625,-3143.6102644920174,-1122.4992821568521,-2021.1109823351653,262825.0,278966.72429320647,246683.27570679356,32283.44858641291,0.13371323331991244,2799390.5,1.094546116377833,0.02448979591836742,0.42506072710105547
2025-08-25,256000,261500,254000,259500,3183709,0.03386454183266929,254800.0,262500.0,262391.6666666667,0.0,0.0,0.0,0.0,0.0,0.0,50.847457627118644,-3001.1678311876603,-1498.2329919630138,-1502.9348392246466,262500.0,278634.304740945,246365.69525905498,32268.609481890016,0.40703039120158857,2850022.8,1.1170819405374581,0.03386454183266929,0.4429224451053446
2025-08-26,259500,262500,257000,261500,2050625,0.007707129094412402,254500.0,262475.0,263216.6666666667,0.0,0.0,0.0,0.0,0.0,0.0,48.82352941176471,-2695.822131804598,-1737.7508199313306,-958.0713118732674,262475.0,278614.1156087183,246335.88439128167,32278.231217436638,0.4697938838893583,2808686.2,0.7301011412382059,0.007707129094412402,0.44062183158123314
2025-08-27,259000,261000,256000,260000,2801594,-0.005736137667303964,255400.0,262350.0,264141.6666666667,0.0,0.0,0.0,0.0,0.0,0.0,50.920245398773,-2545.5276706719596,-1899.3061900794567,-646.221480592503,262350.0,278526.98169752635,246173.01830247368,32353.963395052677,0.4273659312985623,2801557.05,1.0000131890942574,-0.005736137667303964,0.44108071508251423
2025-08-28,254000,268500,253000,268500,3836024,0.0326923076923078,260100.0,262600.0,265158.3333333333,0.0,0.0,0.0,0.0,0.0,0.0,53.757225433526,-1720.7040595774888,-1863.5857639790631,142.88170440157432,262600.0,279004.7489914866,246195.25100851338,32809.49798297323,0.679825976095757,2869217.9,1.3369580609405791,0.0326923076923078,0.4561425936437654
2025-08-29,268000,270000,266000,269000,1892127,0.0018621973929235924,263700.0,262375.0,266016.6666666667,0.0,0.0,0.0,0.0,0.0,0.0,57.668711656441715,-1014.9795316877426,-1693.8645175207992,678.8849858330566,262375.0,278265.6626008714,246484.3373991286,31781.325201742817,0.7084557506002497,2790192.05,0.6781350409194952,0.0018621973929235924,0.43522809064664925
2025-09-01,259500,261000,255000,256000,1837054,-0.048327137546468446,263000.0,262275.0,266541.6666666667,0.0,0.0,0.0,0.0,0.0,0.0,43.452380952380956,-1487.5317730084644,-1652.5979686183323,165.06619560986792,262275.0,278306.13746497885,246243.86253502112,32062.274929957726,0.30428712517411227,2720675.05,0.6752199238200094,-0.048327137546468446,0.4217333140891578
2025-09-02,256000,261500,256000,260500,1584710,0.017578125,262800.0,262400.0,267066.6666666667,0.0,0.0,0.0,0.0,0.0,0.0,45.08670520231214,-1481.838722498971,-1618.4461193944603,136.60739689548927,262400.0,278329.4497212254,246470.55027877455,31858.89944245087,0.44036203279927666,2685832.65,0.5900255922497628,0.017578125,0.4263529759690041
2025-09-03,259500,265500,257750,262500,2437896,0.007677543186180413,263300.0,262350.0,267600.0,0.0,0.0,0.0,0.0,0.0,0.0,40.25157232704403,-1300.9471447779215,-1554.9463244711528,253.99917969323133,262350.0,278271.18747224315,246428.81252775685,31842.374944486306,0.5047107039051408,2701818.9,0.9023165838391315,0.007677543186180413,0.42036502681446675
2025-09-04,267000,271000,264500,265500,2189959,0.011428571428571344,262700.0,262700.0,268025.0,0.0,0.0,0.0,0.0,0.0,0.0,43.20987654320987,-905.0811263949727,-1424.973284855917,519.8921584609443,262700.0,278572.51845502976,246827.48154497024,31745.036910059513,0.5882027640393974,2742588.9,0.7985006429508994,0.011428571428571344,0.4158536171732625
2025-09-05,273000,275000,272000,273500,3103427,0.030131826741996326,263600.0,263275.0,268658.3333333333,0.0,0.0,0.0,0.0,0.0,0.0,53.75,53.5612655163859,-1129.2663747814565,1182.8276402978424,263275.0,279858.0446064964,246691.9553935036,33166.08921299281,0.8082968249387171,2761538.35,1.1238036944154695,0.030131826741996326,0.42618034165929763
2025-09-08,278500,279000,274000,277000,2018299,0.01279707495429605,267800.0,264300.0,269350.0,0.0,0.0,0.0,0.0,0.0,0.0,58.86075949367089,1083.2262590022874,-686.7678480247079,1769.9941070269952,264300.0,281636.90921279305,246963.09078720695,34673.8184255861,0.8662705919527016,2728644.6,0.7396708974118505,0.01279707495429605,0.4182874903564084
2025-09-09,278000,288500,277000,288000,4158342,0.03971119133573997,273300.0,265350.0,270016.6666666667,0.0,0.0,0.0,0.0,0.0,0.0,69.69696969696969,2755.09226519207,1.6041746186476757,2753.4880905734226,265350.0,285663.5941000886,245036.4058999114,40627.18820017719,1.0575084322449153,2815788.05,1.476795101818832,0.03971119133573997,0.41688075960187837
2025-09-10,294500,305000,293000,304000,5265553,0.05555555555555558,281600.0,267100.0,270933.3333333333,0.0,0.0,0.0,0.0,0.0,0.0,83.52272727272728,5309.915007760224,1063.266341246963,4246.648666513262,267100.0,293772.6747617738,240427.32523822619,53345.3495235476,1.1917191532077518,2928633.3,1.797955722213498,0.05555555555555558,0.45518485152425553
2025-09-11,310000,315000,305500,307000,5148088,0.009868421052631637,289900.0,268550.0,271941.6666666667,0.0,0.0,0.0,0.0,0.0,0.0,82.94117647058823,7490.361145011557,2348.6853019998816,5141.675843011675,268550.0,300373.361164237,236726.63883576295,63646.722328474076,1.1041159480540643,3012403.0,1.7089639068876243,0.009868421052631637,0.444243638367026
2025-09-12,322000,329500,319000,328500,4242516,0.07003257328990231,300900.0,271150.0,273316.6666666667,0.0,0.0,0.0,0.0,0.0,0.0,85.20408163265306,10828.427364852221,4044.6337145703496,6783.793650281872,271150.0,312714.2812241979,229585.71877580212,83128.56244839577,1.189895245519269,3119476.3,1.3600090502370543,0.07003257328990231,0.4975407392046996
2025-09-15,339500,341500,325000,331000,4221256,0.007610350076103556,311700.0,274325.0,274550.0,0.0,0.0,0.0,0.0,0.0,0.0,85.27918781725889,13519.750729515334,5939.657117559347,7580.0936119559865,274325.0,323685.4092365531,224964.5907634469,98720.81847310622,1.0740937005646831,3230878.1,1.3065352109694266,0.007610350076103556,0.4727372413207007
2025-09-16,331500,354000,331500,348000,5841135,0.051359516616314105,323700.0,278575.0,276025.0,0.0,0.0,0.0,0.0,0.0,0.0,88.59649122807018,16830.391533972055,8117.804000841889,8712.587533130165,278575.0,337533.7500760177,219616.24992398234,117917.50015203535,1.0887590892826569,3437452.55,1.6992627287320665,0.051359516616314105,0.4811529558427009
2025-09-17,341000,342500,333500,333500,4498866,-0.04166666666666663,329600.0,282475.0,276941.6666666667,0.0,0.0,0.0,0.0,0.0,0.0,77.08333333333333,18075.70394163503,10109.383989000518,7966.319952634512,282475.0,345205.39639264956,219744.6036073504,125460.79278529916,0.9067007617855478,3483818.6,1.2913605777292767,-0.04166666666666663,0.4987019677163121
2025-09-18,338500,357000,336500,353000,4526286,0.058470764617691184,338800.0,287875.0,278058.3333333333,0.0,0.0,0.0,0.0,0.0,0.0,80.2158273381295,20400.94068334665,12167.695327869746,8233.245355476904,287875.0,355430.7274832376,220319.27251676237,135111.45496647526,0.9820094640839976,3395076.4,1.3331912059475304,0.058470764617691184,0.4779361493030997
2025-09-19,351500,360000,348000,353000,4385543,0.0,343700.0,292975.0,279058.3333333333,0.0,0.0,0.0,0.0,0.0,0.0,88.4920634920635,21990.218008809083,14132.199864057613,7858.01814475147,292975.0,364114.94732401165,221835.05267598835,142279.8946480233,0.9218797051297497,3461150.45,1.267076673884546,0.0,0.48199539432979716
2025-09-22,349000,359000,345250,351000,4377563,-0.005665722379603388,347700.0,297550.0,280175.0,0.0,0.0,0.0,0.0,0.0,0.0,86.63967611336032,22825.233371962735,15870.806565638639,6954.426806324096,297550.0,371344.8079759716,223755.1920240284,147589.6159519432,0.8621528496788272,3520843.15,1.2433280363540193,-0.005665722379603388,0.4847539191299403
2025-09-23,355500,363000,353000,361000,3315336,0.028490028490028463,350300.0,302525.0,281325.0,0.0,0.0,0.0,0.0,0.0,0.0,87.45247148288973,24017.05186592118,17500.05562569515,6516.996240226032,302525.0,379436.75736552005,225613.24263447995,153823.5147310401,0.8801434397220949,3584078.7,0.9250176342388909,0.028490028490028463,0.48584709505611795
2025-09-24,359000,364000,348500,357500,4165199,-0.00969529085872578,355100.0,307400.0,282525.0,0.0,0.0,0.0,0.0,0.0,0.0,84.84848484848484,24397.911918271275,18879.626884210375,5518.2850340609,307400.0,385316.01416369993,229483.98583630007,155832.02832739986,0.8215000185631984,3652258.95,1.1404446007312816,-0.00969529085872578,0.48846750680215145
2025-09-25,352000,359000,349500,356500,2148215,-0.002797202797202747,355800.0,311800.0,283816.6666666667,0.0,0.0,0.0,0.0,0.0,0.0,83.2,24338.49558414932,19971.400624198162,4367.094959951159,311800.0,390402.5310962493,233197.4689037507,157205.0621924986,0.7843419885885385,3567868.5,0.60210038570648,-0.002797202797202747,0.4891038327726903
2025-09-26,347500,349000,333000,336500,3685324,-0.056100981767180924,352500.0,315175.0,284783.3333333333,0.0,0.0,0.0,0.0,0.0,0.0,71.02473498233215,22419.140956741525,20460.948690706835,1958.19226603469,315175.0,391811.7199331056,238538.28006689443,153273.43986621115,0.6391304326347347,3657528.35,1.0075995719896471,-0.056100981767180924,0.5489319975198882
2025-09-29,339500,351000,339000,349000,2275986,0.03714710252600306,352100.0,319825.0,286091.6666666667,0.0,0.0,0.0,0.0,0.0,0.0,71.32867132867133,21657.035297584487,20700.166012082365,956.8692855021218,319825.0,392528.63416675007,247121.36583324993,145407.26833350013,0.7006433401464179,3679474.95,0.6185627109650522,0.03714710252600306,0.5069524129476924
2025-09-30,353000,356500,347500,347500,2238614,-0.004297994269340966,349400.0,324175.0,287366.6666666667,0.0,0.0,0.0,0.0,0.0,0.0,66.9260700389105,20693.482028471888,20698.829215360274,-5.347186888386204,324175.0,392193.01232026704,256156.987679733,136036.02464053404,0.6714619348928687,3712170.15,0.6030472498681129,-0.004297994269340966,0.5120263344428267
2025-10-01,351000,362000,351000,360000,2802437,0.03597122302158273,349900.0,329050.0,288666.6666666667,0.0,0.0,0.0,0.0,0.0,0.0,69.20289855072464,20699.889216164593,20699.041215521138,0.8480006434547249,329050.0,392262.1740439958,265837.8259560042,126424.34808799159,0.7448104377683535,3730397.2,0.7512435941137849,0.03597122302158273,0.5164879920346048
2025-10-02,388500,404500,384000,395500,7430763,0.0986111111111112,357700.0,335550.0,290575.0,0.0,0.0,0.0,0.0,0.0,0.0,72.03947368421052,23300.921751067333,21219.417322630376,2081.504428436958,335550.0,397977.979557078,273122.020442922,124855.95911415596,0.9801532936460609,3992437.4,1.8612096460172425,0.0986111111111112,0.592446008148571
2025-10-10,426000,439250,416500,428000,6835852,0.08217446270543616,376000.0,343275.0,292758.3333333333,0.0,0.0,0.0,0.0,0.0,0.0,76.64835164835165,27665.82277697604,22508.698413499507,5157.124363476534,343275.0,411354.2688129452,275195.7311870548,136158.53762589046,1.122252570255936,4179058.65,1.6357396659173473,0.08217446270543616,0.6308988744029869
2025-10-13,405500,415500,403000,415000,4356534,-0.030373831775700966,389200.0,350175.0,294766.6666666667,0.0,0.0,0.0,0.0,0.0,0.0,68.82022471910112,29733.29995936068,23953.618722671745,5779.681236688935,350175.0,417944.170913593,282405.829086407,135538.34182718606,0.9782779479673214,4295970.4,1.0140977693887276,-0.030373831775700966,0.6585090332591057
2025-10-14,425000,436500,406500,411500,4101275,-0.008433734939759074,402000.0,356350.0,296625.0,0.0,0.0,0.0,0.0,0.0,0.0,73.35329341317366,30735.07496026758,25309.90997019091,5425.164990076668,356350.0,422757.9101185678,289942.0898814322,132815.82023713563,0.915236678142201,4293117.05,0.9553140415773197,-0.008433734939759074,0.6627406500628593
2025-10-15,410500,424000,407000,422500,2688019,0.026731470230862753,414500.0,362275.0,298691.6666666667,0.0,0.0,0.0,0.0,0.0,0.0,71.92429022082018,32047.177026957972,26657.363381544325,5389.8136454136475,362275.0,430145.9882986212,294404.0117013788,135741.9765972424,0.9436726317806057,4164240.35,0.6455004452372688,0.026731470230862753,0.6493075916719229
2025-10-16,421000,455000,420500,452500,4247934,0.07100591715976323,425900.0,369550.0,301300.0,0.0,0.0,0.0,0.0,0.0,0.0,76.39257294429709,35103.12962021161,28346.516629277783,6756.612990933823,369550.0,443402.55581223976,295697.44418776024,147705.11162447953,1.0615919387467725,4119232.65,1.0312440109446113,0.07100591715976323,0.6756685242183266
2025-10-17,451500,475000,449500,465500,4541583,0.02872928176795586,433400.0,376400.0,304566.6666666667,0.0,0.0,0.0,0.0,0.0,0.0,78.69674185463658,38134.395844325365,30304.092472287302,7830.303372038063,376400.0,459104.6743412652,293695.3256587348,165409.34868253046,1.0386636288073972,4134186.0,1.098543461760066,0.02872928176795586,0.6509038509017627
2025-10-20,477500,485500,465500,485500,3333903,0.0429645542427497,447500.0,384125.0,308175.0,0.0,0.0,0.0,0.0,0.0,0.0,79.71360381861575,41670.181110006175,32577.310199831078,9092.870910175097,384125.0,477188.00921531883,291061.99078468117,186126.01843063766,1.0446578659704078,4089818.35,0.8151714121973168,0.0429645542427497,0.6552406708676426
2025-10-21,497000,502000,478000,479000,4126858,-0.013388259526261548,461000.0,390675.0,311616.6666666667,0.0,0.0,0.0,0.0,0.0,0.0,78.58823529411765,43446.99086391559,34751.246332647985,8695.744531267606,390675.0,491175.4713264674,290174.5286735326,201000.9426529348,0.9394257998705474,4004104.5,1.030656917170868,-0.013388259526261548,0.6546203015925353
2025-10-22,475000,482000,469000,481500,3870276,0.005219206680584509,472800.0,398075.0,315166.6666666667,0.0,0.0,0.0,0.0,0.0,0.0,79.20560747663552,44543.386074369715,36709.67428099233,7833.711793377384,398075.0,502565.37981404894,293584.62018595106,208980.75962809788,0.8991994294042334,3972675.0,0.9742241688534803,0.005219206680584509,0.6191881052746404
2025-10-23,470000,488500,468000,478500,3583993,-0.006230529595015577,478000.0,404350.0,318658.3333333333,0.0,0.0,0.0,0.0,0.0,0.0,86.04060913705584,44655.451996242686,38298.829824042405,6356.622172200281,404350.0,512453.8000208474,296246.1999791526,216207.60004169482,0.8429574167869232,3925560.35,0.9129888934200183,-0.006230529595015577,0.6072942055030235
2025-10-24,493000,513000,491500,510000,4254202,0.0658307210031348,486900.0,412200.0,322666.6666666667,0.0,0.0,0.0,0.0,0.0,0.0,87.26851851851852,46747.179405160365,39988.499740265994,6758.679664894371,412200.0,527185.7657094541,297214.2342905459,229971.53141890815,0.9252700297144643,3918993.3,1.0855343896607326,0.0658307210031348,0.6288604097088966
2025-10-27,533000,537000,523000,535000,3381231,0.0490196078431373,496800.0,421400.0,327150.0,0.0,0.0,0.0,0.0,0.0,0.0,89.14405010438414,49847.56778074935,41960.313348362666,7887.254432386682,421400.0,544897.1126873227,297902.8873126774,246994.22537464526,0.9599297810614372,3869176.7,0.8738890110653256,0.0490196078431373,0.6300302469909482
2025-10-28,521000,527000,509000,521000,5659008,-0.0261682242990654,505200.0,429400.0,331466.6666666667,0.0,0.0,0.0,0.0,0.0,0.0,83.40248962655602,50591.774425091164,43686.60556370837,6905.168861382794,429400.0,557081.1818966535,301718.8181033465,255362.36379330698,0.8587059527462001,3986360.3,1.4195927046534154,-0.0261682242990654,0.652083556862074
2025-10-29,538000,559000,523000,558000,4803031,0.07101727447216888,520500.0,439425.0,336391.6666666667,0.0,0.0,0.0,0.0,0.0,0.0,83.50515463917526,53549.864822508825,45659.25741546846,7890.607407040363,439425.0,574601.4052130245,304248.59478697553,270352.81042604893,0.9385935541529514,4018251.9,1.1953036095123852,0.07101727447216888,0.6672521913694812
2025-10-30,558000,579000,552000,568000,4888461,0.017921146953405076,538400.0,450000.0,341466.6666666667,0.0,0.0,0.0,0.0,0.0,0.0,81.81818181818181,56054.92294216645,47738.39052080806,8316.532421358388,450000.0,590834.7295684966,309165.27043150336,281669.4591369932,0.9189307579229214,4155264.2,1.1764501039428492,0.017921146953405076,0.6605105248768582
2025-10-31,557000,566000,552000,559000,3351809,-0.015845070422535246,548200.0,461125.0,346225.0,0.0,0.0,0.0,0.0,0.0,0.0,83.33333333333333,56660.82405651739,49522.877227949924,7137.946828567467,461125.0,599336.8415979424,322913.15840205754,276423.68319588486,0.8540760287556178,4138588.45,0.8098918364303654,-0.015845070422535246,0.6089050971579055
2025-11-03,557000,624000,555000,620000,5787058,0.10912343470482999,565200.0,474675.0,352258.3333333333,0.0,0.0,0.0,0.0,0.0,0.0,88.11700182815356,61355.922376233735,51889.486257606695,9466.43611862704,474675.0,619577.2447249034,329772.7552750966,289804.48944980674,1.0014587602693772,4314142.05,1.341415728302224,0.10912343470482999,0.6757200865132769
2025-11-04,611000,614000,583000,586000,5969769,-0.05483870967741933,578200.0,486600.0,357725.0,0.0,0.0,0.0,0.0,0.0,0.0,77.5716694772344,61622.95470790623,53836.179947666606,7786.774760239627,486600.0,626607.368227157,346592.63177284296,280014.7364543141,0.8549813172644132,4500699.8,1.326409061986316,-0.05483870967741933,0.7312567942671363
2025-11-05,563000,587000,532000,579000,8976222,-0.011945392491467532,582400.0,497550.0,362983.3333333333,0.0,0.0,0.0,0.0,0.0,0.0,73.12614259597807,60571.50762066501,55183.245482266284,5388.262138398728,497550.0,629914.6876108419,365185.31238915806,264729.3752216839,0.8076726937907583,4809389.05,1.8663954832267104,-0.011945392491467532,0.7435306466104329
2025-11-06,602000,607000,583000,593000,5321244,0.024179620034542326,587400.0,507425.0,368558.3333333333,0.0,0.0,0.0,0.0,0.0,0.0,73.22404371584699,60174.25981589581,56181.44834899219,3992.811466903622,507425.0,637176.2904306584,377673.7095693417,259502.5808613167,0.8297655064391551,4703913.1,1.1312377348127456,0.024179620034542326,0.6909530642133939
2025-11-07,577000,599000,565000,580000,4789397,-0.021922428330522714,591600.0,515025.0,373858.3333333333,0.0,0.0,0.0,0.0,0.0,0.0,67.66355140186916,58140.242193174665,56573.20711782869,1567.0350753459716,515025.0,642982.0137523577,387067.9862476423,255914.02750471537,0.7538938589398064,4601590.35,1.0408134222551992,-0.021922428330522714,0.6677981571636725
2025-11-10,584000,615000,581000,606000,4893645,0.04482758620689653,588800.0,524575.0,379683.3333333333,0.0,0.0,0.0,0.0,0.0,0.0,72.12543554006969,57958.14585408353,56850.19486507966,1107.950989003868,524575.0,649575.3263153635,399574.6736846365,250000.65263072704,0.8256991497549081,4628445.9,1.057297655785498,0.04482758620689653,0.6514939367772917
2025-11-11,622000,646000,604000,619000,5508697,0.021452145214521545,595400.0,534950.0,385550.0,0.0,0.0,0.0,0.0,0.0,0.0,73.10924369747899,58192.02312853816,57118.560517771366,1073.4626107667937,534950.0,654771.3143327223,415128.68566727766,239642.62866544467,0.8507305877425452,4698817.0,1.1723582765619516,0.021452145214521545,0.6428408436383818
2025-11-12,605000,620000,601000,617000,2831484,-0.003231017770597755,603000.0,544675.0,391350.0,322840.0,0.0,0.0,0.0,0.0,0.0,73.35581787521079,57552.55919110478,57205.36025243805,347.19893866673374,544675.0,657431.9696760529,431918.0303239471,225513.93935210584,0.8207118824130663,4705990.25,0.6016765546847446,-0.003231017770597755,0.6483101130094753
2025-11-13,607000,622000,607000,612000,3875541,-0.008103727714748765,606800.0,552650.0,396916.6666666667,326278.3333333333,0.0,0.0,0.0,0.0,0.0,68.88888888888889,55996.82466244779,56963.65313444,-966.8284719922085,552650.0,660408.5507658576,444891.4492341425,215517.10153171507,0.7753841786948219,4687370.6,0.8268049042249829,-0.008103727714748765,0.6260084844682249
2025-11-14,579000,585000,560000,560000,5778374,-0.08496732026143794,602800.0,557375.0,401641.6666666667,329261.6666666667,0.0,0.0,0.0,0.0,0.0,54.20875420875421,49991.655733586056,55569.25365426921,-5577.597920683154,557375.0,657025.9038171704,457724.0961828296,199301.80763434083,0.5131709793862785,4749210.15,1.2167021078231293,-0.08496732026143794,0.7184465558101818
2025-11-17,588000,606000,584000,606000,4470947,0.08214285714285707,602800.0,563400.0,407283.3333333333,332640.8333333333,0.0,0.0,0.0,0.0,0.0,62.91793313069909,48386.56149321189,54132.71522205775,-5746.153728845857,563400.0,659252.1888391869,467547.811160813,191704.3776783739,0.7222171476515304,4806062.35,0.930272367357032,0.08214285714285707,0.7546581510017412
2025-11-18,583000,591000,570000,570000,3544391,-0.05940594059405946,593000.0,567950.0,412400.0,335750.0,0.0,0.0,0.0,0.0,0.0,51.829268292682926,43705.80034769699,52047.3322471856,-8341.531899488611,567950.0,655185.2536173548,480714.7463826452,174470.50723470957,0.5117498368778292,4776939.0,0.7419795396173156,-0.05940594059405946,0.7921059025527841
2025-11-19,563000,570000,546000,562000,4529736,-0.01403508771929829,582000.0,571975.0,417508.3333333333,338766.6666666667,0.0,0.0,0.0,0.0,0.0,49.079754601226995,38902.28890494094,49418.32357873667,-10516.03467379573,571975.0,649278.5540818416,494671.4459181584,154607.1081636832,0.4354816210038709,4809912.0,0.9417502856601119,-0.01403508771929829,0.796552287863394
2025-11-20,595000,597000,570000,571000,4670237,0.016014234875444844,573800.0,576600.0,422941.6666666667,341833.3333333333,0.0,0.0,0.0,0.0,0.0,51.84049079754601,35413.4718041498,46617.3532238193,-11203.881419669502,576600.0,640211.9816585392,512988.0183414609,127223.96331707825,0.4559831351422115,4864224.2,0.960119601395018,0.016014234875444844,0.7948446906513412
2025-11-21,518000,531000,514000,521000,6646712,-0.08756567425569173,566000.0,577150.0,427441.6666666667,344487.5,0.0,0.0,0.0,0.0,0.0,34.28571428571429,28287.891775847296,42951.4609342249,-14663.569158377606,577150.0,638486.946880584,515813.05311941606,122673.89376116794,0.04228240191578439,4983849.7,1.3336501700683308,-0.08756567425569173,0.8374372329781206
2025-11-24,531000,542000,517000,520000,6399162,-0.0019193857965451588,548800.0,576400.0,431783.3333333333,347087.5,0.0,0.0,0.0,0.0,0.0,38.29787234042553,22303.03116363485,38821.77498010689,-16518.743816472044,576400.0,640223.4406699245,512576.5593300755,127646.88133984897,0.058156067676735486,5134746.25,1.24624697861165,-0.0019193857965451588,0.8191333798772749
2025-11-25,546000,550000,518000,519000,3716730,-0.0019230769230769162,538600.0,576300.0,436075.0,349645.8333333333,0.0,0.0,0.0,0.0,0.0,39.130434782608695,17280.100129409926,34513.4400099675,-17233.33988055757,576300.0,640494.1135192808,512105.88648071914,128388.22703856166,0.05369739639141673,5037632.35,0.7377930229465833,-0.0019230769230769162,0.8134258247695043
2025-11-26,513000,528000,501000,524000,5127393,0.009633911368015502,531000.0,574600.0,440475.0,352308.3333333333,0.0,0.0,0.0,0.0,0.0,37.07865168539326,13546.691482887138,30320.090304551428,-16773.39882166429,574600.0,642526.8956886353,506673.1043113647,135853.7913772706,0.12754075917187993,5053850.45,1.0145517859555975,0.009633911368015502,0.7714981566084438
2025-11-27,535000,556000,533000,544000,3654092,0.03816793893129766,525600.0,573400.0,445066.6666666667,355112.5,0.0,0.0,0.0,0.0,0.0,43.43065693430657,12062.719563441933,26668.61615632953,-14605.896592887599,573400.0,642652.8547768021,504147.1452231979,138505.70955360425,0.2877343822521505,4992132.0,0.7319702283513336,0.03816793893129766,0.7817190133495352
2025-11-28,551000,552000,530000,530000,2680138,-0.02573529411764708,527400.0,571950.0,449416.6666666667,357716.6666666667,0.0,0.0,0.0,0.0,0.0,35.49618320610686,9645.787494777469,23264.050424019122,-13618.262929241653,571950.0,643643.7199040768,500256.2800959232,143387.43980815355,0.20743602050411541,4958548.45,0.5405085837166721,-0.02573529411764708,0.7849901991450223
2025-12-01,542000,545000,525000,538000,3134704,0.015094339622641506,531000.0,567850.0,454116.6666666667,360329.1666666667,0.0,0.0,0.0,0.0,0.0,34.24124513618678,8280.432882635505,20267.3269157424,-11986.894033106895,567850.0,637317.9782345794,498382.02176542056,138935.95646915887,0.2851528088293965,4825930.75,0.6495542854608927,0.015094339622641506,0.6720742086136252
2025-12-02,548000,559000,542000,558000,2686580,0.037174721189590976,538800.0,566450.0,459075.0,363070.8333333333,0.0,0.0,0.0,0.0,0.0,39.27272727272727,8711.788296112325,17956.219191816384,-9244.43089570406,566450.0,635505.20293672,497394.79706328,138110.40587343997,0.43881706489413,4661771.3,0.5763002573721281,0.037174721189590976,0.6630647308278571
2025-12-03,550000,559000,544000,552000,2586619,-0.010752688172043001,544400.0,565100.0,463900.0,365750.0,0.0,0.0,0.0,0.0,0.0,39.130434782608695,8471.832699308055,16059.341893314719,-7587.509194006663,565100.0,634177.8355800256,496022.1644199744,138155.6711600512,0.4051794262949665,4342291.15,0.5956806926684315,-0.010752688172043001,0.662831471213715
2025-12-04,542000,543000,532000,542000,2858305,-0.018115942028985477,544000.0,562550.0,468508.3333333333,368266.6666666667,0.0,0.0,0.0,0.0,0.0,46.15384615384615,7389.567400395288,14325.386994730834,-6935.819594335546,562550.0,631054.2449702744,494045.75502972555,137008.48994054884,0.35000929497933214,4219144.2,0.6774608462066786,-0.018115942028985477,0.6580468867844977
2025-12-05,530000,546000,527000,544000,3204933,0.0036900369003689537,546800.0,560750.0,473016.6666666667,370837.5,0.0,0.0,0.0,0.0,0.0,33.684210526315795,6616.971312638605,12783.703858312389,-6166.7325456737835,560750.0,629215.5118712295,492284.48812877043,136931.02374245907,0.3776756388566587,4139921.0,0.7741531782852861,0.0036900369003689537,0.6548913554326569
2025-12-08,543000,580000,533000,577000,4288433,0.06066176470588225,554600.0,559300.0,478016.6666666667,373683.3333333333,0.0,0.0,0.0,0.0,0.0,51.87165775401069,8568.732539465767,11940.709594543066,-3371.977055077299,559300.0,624898.7804764692,493701.2195235308,131197.5609529384,0.6349110446218514,4109660.4,1.043500577322642,0.06066176470588225,0.672212112524503
2025-12-09,569000,575000,564000,566000,2391174,-0.01906412478336217,556200.0,556650.0,482650.0,376333.3333333333,0.0,0.0,0.0,0.0,0.0,51.05263157894737,9122.747944649891,11377.117264564431,-2254.36931991454,556650.0,616086.9192372977,497213.0807627023,118873.83847459545,0.578654816904883,3953784.25,0.6047811030660057,-0.01906412478336217,0.6691730153193629
2025-12-10,571000,593000,570000,587000,3986083,0.03710247349823326,563200.0,555150.0,487366.6666666667,379150.0,0.0,0.0,0.0,0.0,0.0,53.96039603960396,11128.05633395759,11327.305078443063,-199.24874448547416,555150.0,609467.8753169468,500832.1246830533,108635.75063389348,0.7931815706538041,4011514.2,0.9936604487153504,0.03710247349823326,0.6846149789278356
2025-12-11,583000,589000,565000,565000,4021907,-0.03747870528109032,567800.0,552800.0,491666.6666666667,381804.1666666667,0.0,0.0,0.0,0.0,0.0,62.643678160919535,10817.365683597978,11225.317199474048,-407.9515158760696,552800.0,600415.1236478495,505184.87635215046,95230.24729569908,0.6281105567448309,4018832.5,1.000765023175263,-0.03747870528109032,0.6961619831412098
2025-12-12,565000,579000,560000,571000,2646148,0.010619469026548645,573200.0,553350.0,495708.3333333333,384512.5,0.0,0.0,0.0,0.0,0.0,64.24581005586592,10929.30473891634,11166.114707362507,-236.80996844616675,553350.0,601565.6340663591,505134.36593364086,96431.26813271828,0.683031918399209,3862221.2,0.6851363148231903,0.010619469026548645,0.6261745117343005
2025-12-15,535000,563500,535000,554000,2482125,-0.02977232924693518,568600.0,550750.0,499425.0,386987.5,0.0,0.0,0.0,0.0,0.0,58.97435897435897,9536.330440502847,10840.157853990575,-1303.8274134877283,550750.0,592135.8607942883,509364.13920571166,82771.72158857668,0.5392646176450736,3762780.1,0.6596518887723468,-0.02977232924693518,0.5578032917956292
2025-12-16,545000,551000,530000,530000,3287998,-0.04332129963898912,561400.0,548750.0,502458.3333333333,389241.6666666667,0.0,0.0,0.0,0.0,0.0,51.4018691588785,6421.762765785796,9956.478836349619,-3534.7160705638235,548750.0,590084.9603528106,507415.03964718943,82669.92070562113,0.27319441170426667,3749960.45,0.8768087140759044,-0.04332129963898912,0.5391785268261794
2025-12-17,530000,554000,525000,551000,2692626,0.039622641509434064,554200.0,548200.0,506083.3333333333,391512.5,0.0,0.0,0.0,0.0,0.0,51.62790697674419,5583.605610200786,9081.904191119853,-3498.298580919067,548200.0,589082.8879400146,507317.1120599854,81765.77588002919,0.5342441561871588,3658104.95,0.7360712819351998,0.039622641509434064,0.5580256312684838
2025-12-18,538000,563000,537000,552000,2959059,0.001814882032667775,551600.0,547250.0,509400.0,393729.1666666667,0.0,0.0,0.0,0.0,0.0,55.445544554455445,4943.071022660355,8254.137557427954,-3311.0665347675986,547250.0,586762.1566902617,507737.8433097383,79024.31338052335,0.560108083155717,3572546.05,0.8282773569846636,0.001814882032667775,0.5547549134649526
2025-12-19,569000,570000,547000,547000,3440005,-0.009057971014492794,546800.0,548550.0,512633.3333333333,395845.8333333333,0.0,0.0,0.0,0.0,0.0,52.26130653266331,3986.0359922779026,7400.517244397944,-3414.481252120041,548550.0,586087.2096094417,511012.79039055837,75074.41921888333,0.47935381963487494,3412210.7,1.0081455403677153,-0.009057971014492794,0.4531589171124163
2025-12-22,574000,580000,567000,580000,2878464,0.06032906764168189,552000.0,551550.0,516450.0,398312.5,0.0,0.0,0.0,0.0,0.0,55.18867924528301,5823.27594292094,7085.068984102543,-1261.7930411816033,551550.0,589070.3804267551,514029.619573245,75040.76085351006,0.8791272859764604,3236175.8,0.8894646576369554,0.06032906764168189,0.49633373046487783
2025-12-23,585000,593000,581000,584000,2011188,0.006896551724137945,562800.0,554800.0,520166.6666666667,400745.8333333333,0.0,0.0,0.0,0.0,0.0,57.61904761904762,7515.435152764665,7171.1422178349685,344.29293492969646,554800.0,591704.4284890752,517895.57151092484,73808.85697815032,0.8956164774187467,3150898.7,0.6382902757235578,0.006896551724137945,0.49546844301617826
2025-12-24,587000,591000,584000,588000,2160697,0.006849315068493178,570200.0,558000.0,524008.3333333333,403266.6666666667,0.0,0.0,0.0,0.0,0.0,61.27450980392157,9074.643249904271,7551.842424248829,1522.8008256554422,558000.0,594758.0997160741,521241.900283926,73516.19943214807,0.9080733257666351,3002563.9,0.7196173243806735,0.006849315068493178,0.4953241294915331
2025-12-26,594000,605000,590000,599000,4243548,0.018707482993197244,579600.0,560750.0,528050.0,405933.3333333333,0.0,0.0,0.0,0.0,0.0,62.91079812206572,11070.323175014695,8255.538574402002,2814.784600612693,560750.0,601147.368335339,520352.631664661,80794.73667067802,0.9734219279147867,3032036.7,1.3995701305330506,0.018707482993197244,0.4833571514200921
2025-12-29,630000,640000,625000,640000,4176151,0.06844741235392315,598200.0,566250.0,533108.3333333334,408945.8333333333,0.0,0.0,0.0,0.0,0.0,64.25339366515837,15778.387809502776,9760.108421422157,6018.279388080618,566250.0,617511.4557158228,514988.5442841772,102522.91143164557,1.2193514012638118,3106837.35,1.3441807631159062,0.06844741235392315,0.5176453787645184
2025-12-30,639000,659000,634000,651000,4094603,0.01718749999999991,612400.0,571900.0,538141.6666666666,412116.6666666667,0.0,0.0,0.0,0.0,0.0,69.23076923076923,20164.724627867923,11841.031662711312,8323.692965156612,571900.0,633847.0062145651,509952.99378543487,123894.01242913026,1.1384489326733735,3154832.3,1.2978829334288229,0.01718749999999991,0.517973295660899
2026-01-02,651000,679000,647000,677000,4181895,0.03993855606758823,631000.0,577850.0,543633.3333333334,415500.0,0.0,0.0,0.0,0.0,0.0,69.91150442477877,25445.589945642627,14561.943319297574,10883.646626345053,577850.0,655136.2757613059,500563.72423869406,154572.55152261187,1.1414463565705946,3229598.05,1.2948654709523373,0.03993855606758823,0.5199800330183996
2026-01-05,698000,700000,684000,696000,4337511,0.028064992614475592,652600.0,585050.0,549233.3333333334,418950.0,0.0,0.0,0.0,0.0,0.0,79.37219730941703,30808.7113205872,17811.2969195555,12997.4144010317,585050.0,677532.6584028766,492567.3415971234,184965.31680575316,1.099842186178706,3317142.65,1.3076046036187199,0.028064992614475592,0.5174694574873231
2026-01-06,690000,727000,671000,726000,4830275,0.0431034482758621,678000.0,594250.0,554741.6666666666,422658.3333333333,0.0,0.0,0.0,0.0,0.0,81.37651821862349,37052.65300955414,21659.56813755523,15393.084871998908,594250.0,703744.2920886746,484755.7079113253,218988.5841773493,1.101629534685248,3415741.15,1.4141220859197718,0.0431034482758621,0.5155944033860154
2026-01-07,760000,762000,728000,742000,5693115,0.02203856749311295,698400.0,604150.0,559975.0,426366.6666666667,0.0,0.0,0.0,0.0,0.0,88.21138211382114,42798.7309366985,25887.400697383884,16911.330239314615,604150.0,729212.1319269157,479087.8680730843,250124.26385383145,1.0511260598074452,3540150.25,1.6081563204838552,0.02203856749311295,0.5142656837816229
2026-01-08,731000,788000,731000,756000,6496379,0.018867924528301883,719400.0,613100.0,565658.3333333334,430212.5,0.0,0.0,0.0,0.0,0.0,97.88135593220339,47929.71813390043,30295.864184687198,17633.853949213233,613100.0,754530.1389751361,471669.8610248639,282860.2779502722,1.005196420775356,3650547.55,1.7795629042004946,0.018867924528301883,0.4869428684266944
2026-01-09,744000,756000,727000,744000,4343703,-0.015873015873015928,732800.0,622000.0,571200.0,433912.5,0.0,0.0,0.0,0.0,0.0,92.51101321585904,50446.2497769061,34325.94130313098,16120.30847377512,622000.0,773027.3589714617,470972.64102853835,302054.7179429233,0.9039003291551075,3748174.0,1.1588850997845885,-0.015873015873015928,0.4841890637670932
2026-01-12,755000,762000,735000,749000,3329793,0.006720430107526987,743400.0,630100.0,576641.6666666666,437666.6666666667,0.0,0.0,0.0,0.0,0.0,92.64069264069263,52241.86573906825,37909.126190318435,14332.739548749814,630100.0,790320.7687437622,469879.23125623784,320441.5374875243,0.8710505227638567,3715359.5,0.8962236359630879,0.006720430107526987,0.47709073768217064
2026-01-13,753000,754000,724000,738000,3771944,-0.014686248331108098,745800.0,638750.0,581400.0,441350.0,0.0,0.0,0.0,0.0,0.0,90.29535864978902,52175.84558704065,40762.47006966288,11413.375517377768,638750.0,802806.3125399646,474693.68746003543,328112.62507992913,0.8024875985062213,3702861.35,1.018656558663748,-0.014686248331108098,0.4514776874764532
2026-01-14,733000,750000,728000,742000,4885051,0.005420054200542035,745800.0,647300.0,586008.3333333334,445287.5,0.0,0.0,0.0,0.0,0.0,88.9423076923077,51848.61218488752,42979.69849270781,8868.91369217971,647300.0,814287.046456336,480312.95354366396,333974.0929126721,0.7835549283900958,3814806.5,1.2805501406165687,0.005420054200542035,0.4523436996222818
2026-01-15,732000,750000,727000,749000,3003414,0.009433962264151052,744400.0,657050.0,590400.0,449287.5,0.0,0.0,0.0,0.0,0.0,89.0995260663507,51559.76992183435,44695.71277853312,6864.05714330123,657050.0,823871.019753444,490228.980246556,333642.039506888,0.7755947665824696,3840870.95,0.7819617058469511,0.009433962264151052,0.42297996637078733
2026-01-16,751000,763000,747000,756000,3712326,0.009345794392523255,746800.0,668350.0,595016.6666666666,453316.6666666667,0.0,0.0,0.0,0.0,0.0,89.25233644859813,51304.29783628741,46017.429790083974,5286.868046203439,668350.0,829454.4447098315,507245.5552901685,322208.889419663,0.7720284972828283,3862087.35,0.9612226921796577,0.009345794392523255,0.3628358817975846
2026-01-19,755000,774000,750000,764000,3392008,0.010582010582010692,749800.0,679000.0,599725.0,457445.8333333333,0.0,0.0,0.0,0.0,0.0,89.0995260663507,51157.65391927725,47045.474615922634,4112.179303354613,679000.0,835537.535434796,522462.464565204,313075.070869592,0.7715003777333831,3897056.45,0.8704025829546297,0.010582010582010692,0.3546005299415558
2026-01-20,764000,764000,737000,743000,2762369,-0.027486910994764413,750800.0,688550.0,604133.3333333334,461395.8333333333,0.0,0.0,0.0,0.0,0.0,76.96335078534031,48784.555079234764,47393.29070858507,1391.2643706496965,688550.0,835474.2196364829,541625.7803635171,293848.43927296577,0.6852996059285497,3887221.95,0.7106280617704374,-0.027486910994764413,0.3848826430460392
2026-01-21,729000,756000,728000,740000,5108442,-0.004037685060565233,750400.0,698200.0,607966.6666666666,465316.6666666667,0.0,0.0,0.0,0.0,0.0,74.31693989071039,46130.02402131853,47140.637371131765,-1010.6133498132331,698200.0,830614.9776867763,565785.0223132237,264829.9553735526,0.6578371296443389,3970643.8,1.2865525736657617,-0.004037685060565233,0.3810725183759689
2026-01-22,766000,773000,751000,755000,3545309,0.020270270270270174,751600.0,706950.0,611633.3333333334,469391.6666666667,0.0,0.0,0.0,0.0,0.0,72.67441860465117,44721.146138092736,46656.73912452396,-1935.5929864312275,706950.0,829217.136351429,584682.863648571,244534.27270285808,0.6964959736273333,4003986.05,0.8854448930959687,0.020270270270270174,0.34320787421291754
2026-01-23,754000,776000,744000,767000,3508272,0.015894039735099286,753800.0,716100.0,615733.3333333334,473600.0,0.0,0.0,0.0,0.0,0.0,71.51515151515152,44064.946700943285,46138.38063980783,-2073.433938864546,716100.0,826433.2750304611,605766.7249695389,220666.55006092228,0.7306647744569683,4078840.25,0.8601150780543563,0.015894039735099286,0.3424005403313662
2026-01-26,753000,754000,736000,736000,3133330,-0.04041720990873532,748200.0,723500.0,618700.0,477545.8333333333,0.0,0.0,0.0,0.0,0.0,53.01204819277108,40575.731225103256,45025.850756866916,-4450.119531763659,723500.0,816082.8220965877,630917.1779034123,185165.64419317548,0.5675071234432627,4127471.9,0.7591402378778157,-0.04041720990873532,0.39278198468862474
2026-01-27,738000,800000,733000,800000,5660198,0.08695652173913038,759600.0,733550.0,622566.6666666666,482016.6666666667,0.0,0.0,0.0,0.0,0.0,63.55140186915888,42485.02700642403,44517.68600677834,-2032.6590003543097,733550.0,811749.4077242344,655350.5922757656,156398.81544846878,0.9248753407080265,4198304.4,1.3482104823080479,0.08695652173913038,0.4752665592304509
2026-01-28,810000,854000,803000,841000,6708497,0.05125000000000002,779800.0,743600.0,627266.6666666666,486745.8333333333,0.0,0.0,0.0,0.0,0.0,67.63485477178423,46767.40943331143,44967.63069208496,1799.7787412264734,743600.0,822834.2297109951,664365.7702890049,158468.4594219902,1.1146333494707021,4324921.7,1.5511256539049019,0.05125000000000002,0.45300957416645105
2026-01-29,879000,884000,819000,861000,6837983,0.02378121284185486,801000.0,754100.0,631283.3333333334,491770.8333333333,0.0,0.0,0.0,0.0,0.0,73.49397590361446,51185.03202493768,46211.1109586555,4973.921066282179,754100.0,837228.0559390782,670971.9440609218,166256.11187815643,1.1429838806668555,4462090.7,1.5324616776615498,0.02378121284185486,0.45420314737438877
2026-01-30,854000,931000,853000,909000,7875195,0.05574912891986061,829400.0,765700.0,636666.6666666666,497195.8333333333,0.0,0.0,0.0,0.0,0.0,77.3972602739726,57891.886966810795,48547.26616028657,9344.620806524224,765700.0,866415.5452382182,664984.4547617818,201431.0904764363,1.211409542891609,4646755.7,1.6947727637155532,0.05574912891986061,0.4691870447787006
2026-02-02,870000,888000,830000,830000,7634191,-0.08690869086908692,848200.0,772400.0,640850.0,501916.6666666667,0.0,0.0,0.0,0.0,0.0,62.77777777777778,56184.814491448575,50074.77582651898,6110.038664929598,772400.0,871406.4325395604,673393.5674604396,198012.86507912073,0.7908901902761949,4811589.7,1.5866255179655073,-0.08690869086908692,0.5895831041673733
2026-02-03,874000,907000,871000,907000,5272538,0.09277108433734949,869600.0,781450.0,646083.3333333334,507320.8333333333,0.0,0.0,0.0,0.0,0.0,69.05311778290994,60349.531902586925,52129.72704173257,8219.804860854354,781450.0,894667.9546854557,668232.0453145443,226435.9093709113,1.0544615266580526,4833702.85,1.0907865385229463,0.09277108433734949,0.6503561604914428
2026-02-04,884000,906000,883000,900000,3800763,-0.007717750826901848,881400.0,789350.0,651416.6666666666,512637.5,0.0,0.0,0.0,0.0,0.0,67.43648960739031,62366.33862752351,54177.04935889076,8189.289268632747,789350.0,912584.094735439,666115.905264561,246468.1894708781,0.9489423168058528,4739085.25,0.8020035090105205,-0.007717750826901848,0.6528269205144824
2026-02-05,851000,877000,838000,842000,5473720,-0.06444444444444442,877600.0,793650.0,655350.0,517516.6666666667,0.0,0.0,0.0,0.0,0.0,58.884297520661164,58608.949723954895,55063.42943190359,3545.520292051304,793650.0,917981.0944721053,669318.9055278947,248662.18894421053,0.6944404985948534,4687952.3,1.1676142694540643,-0.06444444444444442,0.7036595083048555
2026-02-06,805000,850000,791000,839000,5581574,-0.0035629453681710332,863600.0,798400.0,659016.6666666666,522283.3333333333,0.0,0.0,0.0,0.0,0.0,57.82881002087682,54757.90201062965,55002.32394764881,-244.42193701915676,798400.0,922001.0560336423,674798.9439663577,247202.11206728453,0.6642380789568224,4749845.85,1.175106345819623,-0.0035629453681710332,0.6998541617499063
2026-02-09,898000,899000,873000,887000,4228584,0.05721096543504167,875000.0,805300.0,663516.6666666666,527433.3333333334,0.0,0.0,0.0,0.0,0.0,64.2292490118577,54945.7375399546,54991.00666610997,-45.26912615537003,805300.0,932640.5711178946,677959.4288821054,254681.14223578922,0.8207932840365555,4794785.4,0.8819130883313359,0.05721096543504167,0.7222294206345319
2026-02-10,894000,905000,876000,876000,3441377,-0.012401352874859106,868800.0,812200.0,667916.6666666666,532416.6666666666,0.0,0.0,0.0,0.0,0.0,63.2295719844358,53589.246999796596,54710.654732847295,-1121.4077330506989,812200.0,939140.6823760817,685259.3176239183,253881.3647521634,0.7512984758147999,4778257.05,0.7202159624292294,-0.012401352874859106,0.7212607025764376
2026-02-11,860000,874000,848000,860000,3125590,-0.0182648401826484,860800.0,818100.0,672916.6666666666,537279.1666666666,0.0,0.0,0.0,0.0,0.0,60.194174757281544,50639.41256520222,53896.40629931828,-3256.993734116062,818100.0,942240.667241472,693959.332758528,248281.3344829441,0.6687601691333679,4690284.0,0.6663967469773685,-0.0182648401826484,0.7279434208531372
2026-02-12,882000,894000,878000,888000,4619344,0.032558139534883734,870000.0,825050.0,677616.6666666666,542450.0,0.0,0.0,0.0,0.0,0.0,61.39359698681733,49984.819631372346,53114.0889657291,-3129.2693343567516,825050.0,948463.6817460093,701636.3182539907,246827.36349201854,0.7550365531171567,4771080.5,0.9681966170975317,0.032558139534883734,0.7329893083395023
2026-02-13,889000,903000,878000,880000,3534047,-0.009009009009009028,878200.0,831250.0,682783.3333333334,547591.6666666666,0.0,0.0,0.0,0.0,0.0,64.17322834645668,48264.15770735894,52144.102714055065,-3879.9450066961217,831250.0,952497.6803901831,710002.3196098169,242495.36078036623,0.7010347737916272,4762166.55,0.7421090721827023,-0.009009009009009028,0.7359488948034756
2026-02-19,905000,913000,888000,894000,3285109,0.015909090909090873,879600.0,837750.0,688316.6666666666,552912.5,0.0,0.0,0.0,0.0,0.0,60.262008733624455,47482.850983902696,51211.8523680246,-3729.0013841219043,837750.0,957749.780701554,717750.219298446,239999.56140310806,0.7343754283180598,4756821.6,0.6906100914106176,0.015909090909090873,0.7363782663700434
2026-02-20,892000,955000,881000,949000,5054333,0.06152125279642062,894200.0,848050.0,694616.6666666666,558779.1666666666,0.0,0.0,0.0,0.0,0.0,61.44067796610169,50717.06536314462,51112.8949670486,-395.8296039039851,848050.0,969164.9519215005,726935.0480784995,242229.903843001,0.9167528385158824,4871419.8,1.0375482318317137,0.06152125279642062,0.7457563078451426
2026-02-23,980000,980000,941000,951000,3523887,0.0021074815595363283,912400.0,858600.0,701783.3333333334,564612.5,0.0,0.0,0.0,0.0,0.0,59.91189427312776,52832.56591254333,51456.82915614755,1375.7367563957814,858600.0,976810.1607530552,740389.8392469448,236420.3215061105,0.8908293475424098,4792192.05,0.7353392692181442,0.0021074815595363283,0.7441727381760137
2026-02-24,952000,1005000,946000,1005000,4102382,0.056782334384858135,935800.0,871100.0,709866.6666666666,570825.0,0.0,0.0,0.0,0.0,0.0,60.43478260869565,58195.62114739942,52804.58755439793,5391.033593001492,871100.0,995873.3102364781,746326.6897635219,249546.62047295622,1.0365730850060175,4820045.7,0.8511085278714265,0.056782334384858135,0.7595987081223112
2026-02-25,1012000,1038000,1004000,1018000,3462525,0.012935323383084674,963400.0,883650.0,718183.3333333334,577129.1666666666,0.0,0.0,0.0,0.0,0.0,73.85786802030456,62771.28412459546,54797.92686843744,7973.357256158022,883650.0,1014672.3363842171,752627.6636157829,262044.67276843428,1.0126988409290174,4817758.35,0.718700430460569,0.012935323383084674,0.7596503471385833
2026-02-26,1024000,1099000,1023000,1099000,4461976,0.0795677799607073,1004400.0,901800.0,727766.6666666666,584120.8333333334,0.0,0.0,0.0,0.0,0.0,74.12060301507537,72102.40145288769,58258.82178532749,13843.579667560196,901800.0,1046553.2928450116,757046.7071549884,289506.58569002314,1.181158943344879,4884190.65,0.9135548384050077,0.0795677799607073,0.762233860657631
2026-02-27,1050000,1096000,1048000,1061000,6453062,-0.034576888080072754,1026800.0,914850.0,736383.3333333334,590725.0,0.0,0.0,0.0,0.0,0.0,68.76456876456876,75560.08709239995,61719.07484674198,13841.012245657963,914850.0,1067789.3068473483,761910.6931526517,305878.6136946967,0.9778039178177883,4923833.85,1.3105767165559417,-0.034576888080072754,0.7453649866591378
2026-03-03,1022000,1040000,939000,939000,6818327,-0.11498586239396791,1024400.0,919750.0,743200.0,596308.3333333334,0.0,0.0,0.0,0.0,0.0,59.83772819472617,67675.82271204749,62910.42441980309,4765.398292244405,919750.0,1068961.0832626754,770538.9167373246,298422.1665253509,0.564505932063075,4929325.35,1.3832170765518654,-0.11498586239396791,0.8631756950676218
2026-03-04,894000,954000,846000,849000,9253420,-0.09584664536741216,993200.0,919150.0,748383.3333333334,601250.0,0.0,0.0,0.0,0.0,0.0,50.862068965517246,53547.970873172395,61037.93371047695,-7489.962837304556,919150.0,1069448.3348999056,768851.6651000944,300596.6697998112,0.266630814484013,5050097.2,1.832325128316342,-0.09584664536741216,0.9337997125115223
2026-03-05,976000,992000,927000,941000,6442459,0.10836277974087172,977800.0,920750.0,754766.6666666666,606920.8333333334,0.0,0.0,0.0,0.0,0.0,54.32692307692307,49207.93913760735,58671.934795903035,-9463.995658295687,920750.0,1071274.5215204067,770225.4784795933,301049.0430408134,0.5672647878081932,4978460.4,1.2940665351079221,0.10836277974087172,0.9916218399522942
2026-03-06,912000,938000,885000,924000,3744322,-0.018065887353878818,942800.0,925450.0,760966.6666666666,612433.3333333334,0.0,0.0,0.0,0.0,0.0,53.8095238095238,43890.729781964095,55715.69379311525,-11824.964011151154,925450.0,1069786.5584502525,781113.4415497475,288673.11690050503,0.49497701754992374,4783966.95,0.7826814104558143,-0.018065887353878818,0.9368813480073259
2026-03-09,851000,864000,808000,836000,7253621,-0.09523809523809523,897800.0,921900.0,765866.6666666666,617187.5,0.0,0.0,0.0,0.0,0.0,48.29059829059829,32204.702739429078,51013.49558237802,-18808.79284294894,921900.0,1071542.2400260032,772257.7599739967,299284.48005200655,0.2129821099140418,4883021.1,1.4854781192733328,-0.09523809523809523,0.9463508274483747
2026-03-10,915000,950000,899000,938000,5304897,0.12200956937799035,897600.0,923800.0,772433.3333333334,622725.0,0.0,0.0,0.0,0.0,0.0,53.22164948453609,30818.730523888255,46974.54257068007,-16155.812046791812,923800.0,1073236.2740434865,774363.7259565135,298872.5480869729,0.5475118912422418,4958227.8,1.0699179654472513,0.12200956937799035,1.0436394835013585
2026-03-11,954000,985000,941000,955000,3916098,0.01812366737739879,918800.0,929450.0,778733.3333333334,628375.0,0.0,0.0,0.0,0.0,0.0,54.77707006369427,30737.769608306466,43727.18797820535,-12989.418369898885,929450.0,1074339.7584553966,784560.2415446035,289779.51691079314,0.588170483105144,4880346.7,0.8024220902174839,0.01812366737739879,1.0123702642198986
2026-03-12,938000,963000,928000,930000,3711742,-0.02617801047120416,916600.0,934000.0,784800.0,633725.0,0.0,0.0,0.0,0.0,0.0,52.26130653266331,28329.74872449378,40647.700127463046,-12317.951402969265,934000.0,1072504.797560837,795495.2024391631,277009.5951216738,0.4855600669780298,4786855.1,0.7754030407145602,-0.02617801047120416,1.0190330391761426
2026-03-13,891000,929000,884000,910000,3645102,-0.021505376344086002,913800.0,935150.0,790183.3333333334,638775.0,486274.0,0.0,0.0,0.0,0.0,47.43758212877792,24524.83494117041,37423.12709020452,-12898.29214903411,935150.0,1072387.8266099824,797912.1733900177,274475.6532199647,0.408370743616211,4757681.0,0.7661509882650812,-0.021505376344086002,1.005942985342094
2026-03-16,925000,975000,924000,974000,3829496,0.0703296703296703,941400.0,940050.0,797000.0,644333.3333333334,490147.0,0.0,0.0,0.0,0.0,51.39732685297692,26369.704940661555,35212.44266029593,-8842.737719634373,940050.0,1075380.3560298202,804719.6439701798,270660.7120596403,0.6254337939985875,4777086.95,0.8016383289820588,0.0703296703296703,1.0314768148483333
2026-03-17,1009000,1010000,969000,970000,3326240,-0.004106776180698102,947800.0,945550.0,803650.0,649679.1666666666,493987.0,0.0,0.0,0.0,0.0,47.736093143596385,27195.518131822348,33609.057754601214,-6413.539622778866,945550.0,1076036.4985957914,815063.5014042086,260972.9971915828,0.5936878537745841,4787119.45,0.6948312100296556,-0.004106776180698102,1.028036410529048
2026-03-18,1000000,1060000,999000,1056000,4347884,0.0886597938144329,968000.0,953950.0,812016.6666666666,655720.8333333334,498264.5,0.0,0.0,0.0,0.0,52.24586288416076,34393.00119461981,33765.84644260493,627.1547520148742,953950.0,1090334.09384027,817565.9061597299,272768.18768054014,0.8741272062104197,4773546.45,0.910828886979826,0.0886597938144329,1.0644299215344093
2026-03-19,1008000,1043000,1003000,1013000,3347483,-0.04071969696969702,984600.0,960600.0,820066.6666666666,661262.5,502345.0,0.0,0.0,0.0,0.0,44.678217821782184,36209.912412542384,34254.65963659243,1955.2527759499571,960600.0,1094753.7217248615,826446.2782751385,268307.44344972307,0.6952983462787119,4764218.25,0.702630069476771,-0.04071969696969702,1.0781360753014588
2026-03-20,1023000,1026000,1002000,1007000,3426646,-0.005923000987166804,1004000.0,966250.0,827666.6666666666,666875.0,506380.0,0.0,0.0,0.0,0.0,46.52061855670103,36742.13729937596,34752.15516914913,1989.9821302268247,966250.0,1098091.8111142847,834408.1888857153,263683.62222856935,0.6545412629559394,4771295.1,0.7181794309892927,-0.005923000987166804,1.079133492194121
2026-03-23,952000,963000,927000,933000,3911813,-0.07348560079443889,995800.0,965450.0,834016.6666666666,671708.3333333334,510030.0,0.0,0.0,0.0,0.0,49.58791208791209,30837.27489106171,33969.17911353165,-3131.904222469944,965450.0,1097925.1813896117,832974.8186103883,264950.36277922336,0.37752422884191394,4714169.1,0.8297990413623475,-0.07348560079443889,1.0968581580647403
2026-03-24,993000,994000,938000,986000,4352152,0.05680600214362275,999000.0,967200.0,841333.3333333334,676983.3333333334,513947.5,0.0,0.0,0.0,0.0,59.91316931982634,30087.45648123056,33192.83458707144,-3105.3781058408786,967200.0,1099796.102189278,834603.897810722,265192.204378556,0.5708919783070371,4755582.35,0.9151669931654113,0.05680600214362275,1.1143629332000546
2026-03-25,1016000,1042000,988000,995000,4463869,0.009127789046653234,986800.0,966700.0,848250.0,682350.0,517882.5,0.0,0.0,0.0,0.0,54.44078947368421,29875.063636135426,32529.28039688424,-2654.2167607488154,966700.0,1098770.3161995632,834629.6838004368,264140.6323991264,0.6071398964368252,4773656.7,0.9351047384701962,0.009127789046653234,1.0972159353814186
2026-03-26,965000,973000,931000,933000,4660620,-0.062311557788944705,970800.0,962450.0,854066.6666666666,687116.6666666666,521487.5,0.0,0.0,0.0,0.0,50.68912710566616,24422.333473896957,30907.891012286786,-6485.557538389829,962450.0,1093031.6542285043,831868.3457714958,261163.30845700845,0.3872353081526074,4833561.45,0.9642206990044576,-0.062311557788944705,1.1193426733854825
2026-03-27,890000,934000,880000,922000,4520942,-0.011789924973204746,953800.0,953600.0,859633.3333333334,691820.8333333334,525075.0,0.0,0.0,0.0,0.0,57.46527777777777,18994.441369876382,28525.201083804706,-9530.759713928324,953600.0,1068233.3284869632,838966.6715130368,229266.65697392635,0.3621692294157114,4836509.75,0.9347530003428609,-0.011789924973204746,1.0772306219307826
2026-03-30,867000,884000,862000,873000,4498502,-0.053145336225596584,941800.0,944200.0,864200.0,696125.0,528402.5,0.0,0.0,0.0,0.0,43.78585086042065,10616.52657191304,24943.466181426375,-14326.939609513334,944200.0,1052403.7065227581,835996.293477242,216407.41304551612,0.1709909378888751,4738781.75,0.9492950376961337,-0.053145336225596584,1.0856183087901339
2026-03-31,817000,852000,806000,807000,7194351,-0.07560137457044669,906000.0,937600.0,866983.3333333334,700045.8333333334,531350.0,0.0,0.0,0.0,0.0,37.06293706293707,-1333.3101110714488,19688.11092292681,-21021.42103399826,937600.0,1062026.0930495646,813173.9069504353,248852.18609912938,-0.024809534717030356,4757582.95,1.5121861406536274,-0.07560137457044669,1.042023082982011
2026-04-01,884000,905000,858000,893000,6255058,0.10656753407682773,885600.0,939800.0,871016.6666666666,704579.1666666666,534692.5,0.0,0.0,0.0,0.0,47.077409162717224,-3820.124491061317,14986.463840129187,-18806.588331190505,939800.0,1059079.5919368924,820520.4080631076,238559.18387378473,0.3038222664914856,4607664.85,1.3575331981882321,0.10656753407682773,1.0569239522671345
2026-04-02,912000,914000,818000,830000,6127534,-0.07054871220604708,865000.0,934250.0,873566.6666666666,708600.0,537697.5,0.0,0.0,0.0,0.0,44.082840236686394,-10750.590179189458,9839.053036265459,-20589.64321545492,934250.0,1063229.598549946,805270.4014500539,257959.19709989207,0.09586631850295999,4591918.6,1.334416947199369,-0.07054871220604708,1.0138746940209602
2026-04-03,867000,886000,860000,876000,2927164,0.055421686746987886,855800.0,931850.0,876566.6666666666,712900.0,540925.0,0.0,0.0,0.0,0.0,42.5531914893617,-12388.412696336163,5393.559889745135,-17781.972586081298,931850.0,1063393.5089118504,800306.4910881495,263087.0178237009,0.287712824213067,4551060.7,0.6431828079111316,0.055421686746987886,1.0340452833594653
2026-04-06,877000,901500,869000,886000,3100989,0.011415525114155223,858400.0,934350.0,879233.3333333334,716987.5,544155.0,0.0,0.0,0.0,0.0,43.674698795180724,-12732.707686165348,1768.306374563038,-14501.014060728387,934350.0,1059991.55363573,808708.44636427,251283.10727145988,0.3075875432892997,4343429.1,0.7139494921190265,0.011415525114155223,0.9721340514516966
2026-04-07,917000,933000,888000,916000,3619929,0.0338600451467268,880200.0,933250.0,882133.3333333334,721054.1666666666,547557.5,0.0,0.0,0.0,0.0,38.48684210526315,-10464.189998012269,-678.1928999520233,-9785.997098060245,933250.0,1059141.9754141788,807358.0245858212,251783.9508283576,0.43148888186380296,4259180.7,0.8499120499865149,0.0338600451467268,0.876668781628321
2026-04-08,1007000,1056000,992000,1033000,6709356,0.12772925764192133,908200.0,937150.0,886750.0,726204.1666666666,551545.0,0.0,0.0,0.0,0.0,51.46627565982404,765.722036842606,-389.4099125930974,1155.1319494357035,937150.0,1070491.311164837,803808.688835163,266682.6223296741,0.8594159947981527,4398843.6,1.5252545009783935,0.12772925764192133,0.9858416817655294
2026-04-09,1015000,1025000,990000,998000,5026817,-0.03388189738625358,941800.0,940550.0,890983.3333333334,731091.6666666666,555295.0,0.0,0.0,0.0,0.0,49.36708860759494,6763.337197633926,1041.1395094523073,5722.197688181619,940550.0,1076564.6663918425,804535.3336081575,272029.33278368507,0.7111904602790889,4464597.35,1.125928410990971,-0.03388189738625358,0.9895212148815261
2026-04-10,1030000,1042000,1024000,1027000,3134921,0.029058116232465014,972000.0,946400.0,895616.6666666666,736129.1666666666,559185.0,0.0,0.0,0.0,0.0,57.05705705705706,13698.638680332224,3572.6393436282906,10125.999336703933,946400.0,1086873.4850425518,805926.5149574484,280946.9700851034,0.7868868810921321,4439088.3,0.7062082995735859,0.029058116232465014,0.9875995878970005
2026-04-13,999000,1043000,996000,1040000,2769753,0.012658227848101333,1002800.0,949700.0,900650.0,741025.0,563152.5,0.0,0.0,0.0,0.0,54.313099041533555,20013.206637656083,6860.75280243385,13152.453835222233,949700.0,1095888.1988181132,803511.8011818868,292376.3976362264,0.8088484594859494,4386101.15,0.6314840687155607,0.012658227848101333,0.9600592219889141
2026-04-14,1092000,1128000,1078000,1103000,4754545,0.060576923076923084,1040200.0,956350.0,906666.6666666666,746337.5,567437.5,0.0,0.0,0.0,0.0,57.94117647058823,29758.08801005897,11440.219843958876,18317.868166100096,956350.0,1117736.4600072887,794963.5399927113,322772.92001457745,0.9543441872179882,4457516.4,1.066635447488202,0.060576923076923084,0.9791957344782629
2026-04-15,1165000,1173000,1130000,1136000,4093703,0.029918404351767958,1060800.0,960350.0,913116.6666666666,751758.3333333334,571832.5,0.0,0.0,0.0,0.0,65.59139784946237,39686.32170057343,17089.440215281786,22596.881485291648,960350.0,1135513.4124257448,785186.5875742552,350326.8248514896,1.0013889532280644,4444807.35,0.921007971245368,0.029918404351767958,0.936464778501755
2026-04-16,1141000,1161000,1130000,1155000,2901319,0.016725352112676006,1092200.0,967450.0,919766.6666666666,757391.6666666666,576310.0,0.0,0.0,0.0,0.0,67.6783004552352,48528.2561110839,23377.203394442207,25151.052716641694,967450.0,1162034.0097287165,772865.9902712835,389168.0194574329,0.9819255196289686,4422499.15,0.6560360786050122,0.016725352112676006,0.9211084438912462
2026-04-17,1149000,1155000,1121000,1128000,3578235,-0.023376623376623384,1112400.0,973500.0,925833.3333333334,762779.1666666666,580557.5,0.0,0.0,0.0,0.0,70.01569858712716,52748.82288728352,29251.52729301047,23497.295594273048,973500.0,1180396.3635812816,766603.6364187184,413792.72716256324,0.8733753395315302,4430078.6,0.8077136599788546,-0.023376623376623384,0.9267139365423764
2026-04-20,1148000,1175000,1141000,1166000,3748014,0.03368794326241131,1137600.0,985150.0,932883.3333333334,768508.3333333334,584957.5,0.0,0.0,0.0,0.0,79.47454844006569,58485.74759356782,35098.37135312194,23387.376240445883,985150.0,1208063.9791607137,762236.0208392863,445827.95832142746,0.9056497503676361,4421888.65,0.8476047898673341,0.03368794326241131,0.8797140205034484
2026-04-21,1196000,1228000,1193000,1224000,3516960,0.0497427101200687,1161800.0,997050.0,940950.0,774458.3333333334,589612.5,0.0,0.0,0.0,0.0,78.48537005163512,66940.76555326546,41466.85019315065,25473.915360114814,997050.0,1244243.4890983813,749856.5109016186,494386.9781967626,0.9590533529580049,4380129.05,0.8029352468507749,0.0497427101200687,0.8753577586359519
2026-04-22,1227000,1233000,1195000,1223000,2894919,-0.0008169934640522847,1179200.0,1008450.0,948750.0,780191.6666666666,594307.5,0.0,0.0,0.0,0.0,87.86127167630057,72722.43756666663,47717.967667853845,25004.469898812786,1008450.0,1275479.2513052297,741420.7486947703,534058.5026104595,0.9017350139568735,4301681.55,0.6729738048601017,-0.0008169934640522847,0.8765454723834526
2026-04-23,1220000,1267000,1183000,1225000,5343871,0.0016353229762877675,1193200.0,1023050.0,956383.3333333334,786058.3333333334,598972.5,0.0,0.0,0.0,0.0,86.73684210526315,76583.03600945487,53490.98133617405,23092.054673280814,1023050.0,1304263.516931998,741836.4830680019,562427.0338639962,0.859068799756227,4335844.1,1.2324868876166466,0.0016353229762877675,0.8331576827832337
2026-04-24,1237000,1242000,1193000,1222000,3127857,-0.002448979591836764,1212000.0,1038050.0,964483.3333333334,791591.6666666666,603655.0,0.0,0.0,0.0,0.0,85.8974358974359,78495.6640086826,58491.91787067577,20003.746138006827,1038050.0,1328423.6068911005,747676.3931088995,580747.213782201,0.8167471072344862,4266189.85,0.7331734193685732,-0.002448979591836764,0.8298283642545541
2026-04-27,1253000,1317000,1249000,1292000,4563073,0.05728314238952548,1237200.0,1059000.0,972683.3333333334,797625.0,608720.0,0.0,0.0,0.0,0.0,87.00787401574803,84683.66983134043,63730.268262808706,20953.401568531728,1059000.0,1359517.4484819563,758482.5515180437,601034.8969639125,0.8876646783356237,4269418.4,1.0687809374691408,0.05728314238952548,0.8008155870891202
2026-04-28,1313000,1328000,1296000,1300000,3002713,0.006191950464396356,1252400.0,1083650.0,980333.3333333334,803800.0,613827.5,0.0,0.0,0.0,0.0,83.45864661654136,89204.9431131226,68825.20323287148,20379.739880251116,1083650.0,1377946.8605086762,789353.139491324,588593.7210173522,0.8675710295142983,4059836.5,0.7396142677174314,0.006191950464396356,0.7183666278944295
2026-04-29,1284000,1317000,1281000,1293000,3001208,-0.005384615384615432,1266400.0,1103650.0,987533.3333333334,809408.3333333334,618940.0,0.0,0.0,0.0,0.0,89.75741239892183,91172.26613317267,73294.61581293173,17877.650320240937,1103650.0,1397760.8097657287,809539.1902342713,588221.6195314573,0.8219024832015269,3897144.0,0.7701044662450246,-0.005384615384615432,0.6572278066284852
2026-04-30,1312000,1325000,1286000,1286000,3342342,-0.005413766434648082,1278600.0,1126450.0,993816.6666666666,815241.6666666666,624015.0,0.0,0.0,0.0,0.0,87.10601719197707,91116.21133539802,76858.934917425,14257.27641797303,1126450.0,1401309.1792555829,851590.8207444171,549718.3585111657,0.7902395336261253,3757884.4,0.8894211860269039,-0.005413766434648082,0.574340643866609
2026-05-04,1339000,1450000,1333000,1447000,5776641,0.12519440124416792,1323600.0,1155000.0,1004100.0,822475.0,629840.0,0.0,0.0,0.0,0.0,90.94567404426559,102877.23721935926,82062.59537781184,20814.641841547418,1155000.0,1438799.7811653027,871200.2188346973,567599.5623306055,1.014447190200476,3900358.25,1.481053951903008,0.12519440124416792,0.6720973037766675
2026-05-06,1590000,1614000,1557000,1601000,6631934,0.1064270905321354,1385400.0,1190750.0,1015666.6666666666,830875.0,636440.0,0.0,0.0,0.0,0.0,92.34693877551021,123204.22630543285,90290.92156333604,32913.30474209681,1190750.0,1509817.638432256,871682.361567744,638135.2768645119,1.142888764927352,4076905.5,1.6267078057119548,0.1064270905321354,0.7267402541161604
2026-05-07,1622000,1665000,1567000,1654000,5860618,0.033104309806371024,1456200.0,1227650.0,1028233.3333333334,839825.0,643225.0,0.0,0.0,0.0,0.0,92.59868421052632,141953.8134662551,100623.49994391986,41330.31352233523,1227650.0,1581709.3319294322,873590.6680705679,708118.6638588643,1.1020883529274919,4188939.95,1.3990694710245248,0.033104309806371024,0.726705320488002
2026-05-08,1591000,1689000,1591000,1686000,4278087,0.0193470374848852,1534800.0,1260300.0,1042300.0,848825.0,650182.5,0.0,0.0,0.0,0.0,92.7536231884058,157578.6602336655,112014.532001869,45564.128231796494,1260300.0,1656685.2989997962,863914.7010002037,792770.5979995924,1.0369775330646391,4067376.5,1.0518050148541696,0.0193470374848852,0.6307254274774252
2026-05-11,1833000,1949000,1826000,1880000,7433039,0.11506524317912215,1653600.0,1304400.0,1059650.0,859333.3333333334,658082.5,0.0,0.0,0.0,0.0,97.71573604060913,183500.3645644437,126311.69851438396,57188.66605005975,1304400.0,1768400.1814881677,840399.8185118323,928000.3629763355,1.1202583780828521,4187687.6,1.7749745706914717,0.11506524317912215,0.6653455287617084
2026-05-12,1944000,1967000,1804000,1835000,9160593,-0.02393617021276595,1731200.0,1344800.0,1075450.0,869483.3333333334,665765.0,0.0,0.0,0.0,0.0,92.0754716981132,198128.47633853555,140675.0540792143,57453.42225932126,1344800.0,1846292.3413383823,843307.6586616177,1002984.6826767647,0.9887412624206329,4488971.2,2.0406887440044166,-0.02393617021276595,0.6953802881669535
2026-05-13,1781000,1990000,1781000,1976000,7126921,0.07683923705722062,1806200.0,1391600.0,1093783.3333333333,880850.0,674165.0,0.0,0.0,0.0,0.0,92.8246013667426,218579.23654514854,156255.89057240114,62323.3459727474,1391600.0,1945306.1352473227,837893.8647526774,1107412.2704946455,1.0277167461210877,4706829.6,1.5141659260407474,0.07683923705722062,0.7109187187426541
2026-05-14,1976000,1994000,1937000,1970000,6040068,-0.0030364372469635637,1869400.0,1434950.0,1112283.3333333333,892600.0,682667.5,0.0,0.0,0.0,0.0,92.29898074745186,231632.34797146753,171331.18205221443,60301.16591925311,1434950.0,2027886.838741566,842013.1612584338,1185873.677483132,0.9511863364195556,4771105.75,1.265968166813322,-0.0030364372469635637,0.714656218745602
2026-05-15,1950000,1995000,1789000,1819000,7485233,-0.07664974619289344,1896000.0,1469100.0,1127800.0,902708.3333333334,690417.5,0.0,0.0,0.0,0.0,78.77906976744185,227173.87575024785,182499.7207918211,44674.15495842675,1469100.0,2068182.7725957846,870017.2274042154,1198165.5451915693,0.7920297628355321,4940682.25,1.5150201169079431,-0.07664974619289344,0.8093289462294307
2026-05-18,1780000,1897000,1731000,1840000,6481608,0.011544804837823053,1888000.0,1503350.0,1143800.0,913291.6666666666,698255.0,0.0,0.0,0.0,0.0,79.42857142857143,222767.10833191033,190553.198299839,32213.910032071348,1503350.0,2105140.757480932,901559.2425190682,1203581.5149618639,0.7797068547622774,5119696.7,1.2660140589968933,0.011544804837823053,0.8102406133296446
2026-05-19,1791000,1823000,1740000,1745000,4514220,-0.05163043478260865,1870000.0,1534200.0,1157983.3333333333,923150.0,705637.5,1976000.0,196900.0,-0.1169028340080972,7.862366683595734,71.06976744186046,209197.5086926783,194282.06037840684,14915.44831427146,1534200.0,2117961.88368384,950438.11631616,1167523.7673676799,0.6805530695749977,5166495.95,0.8737488703538033,-0.05163043478260865,0.8382228729967411
