,Open,High,Low,Close,Volume,Adj Close,MA5,MA20,MA60,MA120,MA200,High_52W,Low_52W,Dist_High_52W,Dist_Low_52W,RSI,MACD,MACD_Signal,MACD_Hist,BB_Mid,BB_Upper,BB_Lower,BB_Width,BB_Pct,Volume_MA20,Volume_Ratio,Daily_Return,Volatility_20
2025-05-12,20996.94921875,21176.130859375,20996.94921875,21129.5390625,2687300,21129.5390625,0.0,0.0,0.0,0.0,0.0,0.0,0.0,0.0,0.0,0.0,0.0,0.0,0.0,0.0,0.0,0.0,0.0,0.0,0.0,0.0,0.0,0.0
2025-05-13,21474.01953125,21626.279296875,21330.140625,21330.140625,3601900,21330.140625,0.0,0.0,0.0,0.0,0.0,0.0,0.0,0.0,0.0,0.0,16.002403846156085,3.200480769231217,12.801923076924869,0.0,0.0,0.0,0.0,0.0,0.0,0.0,0.009493892029855955,0.0
2025-05-14,21552.419921875,21782.869140625,21552.419921875,21782.869140625,3656500,21782.869140625,0.0,0.0,0.0,0.0,0.0,0.0,0.0,0.0,0.0,0.0,64.47263142395241,15.454910900175456,49.01772052377695,0.0,0.0,0.0,0.0,0.0,0.0,0.0,0.021224825639188705,0.0
2025-05-15,21776.650390625,21821.009765625,21674.3203125,21730.25,3543000,21730.25,0.0,0.0,0.0,0.0,0.0,0.0,0.0,0.0,0.0,0.0,97.51561182480145,31.867051085100655,65.6485607397008,0.0,0.0,0.0,0.0,0.0,0.0,0.0,-0.002415620287910758,0.0
2025-05-16,21731.880859375,21854.5,21697.849609375,21843.689453125,3714600,21843.689453125,21563.29765625,0.0,0.0,0.0,0.0,0.0,0.0,0.0,0.0,0.0,131.3419988630776,51.76204064069605,79.57995822238155,0.0,0.0,0.0,0.0,0.0,0.0,0.0,0.005220347355644694,0.0
2025-05-19,21786.330078125,21786.330078125,21496.689453125,21523.830078125,3401200,21523.830078125,21642.155859375,0.0,0.0,0.0,0.0,0.0,0.0,0.0,0.0,0.0,130.83153145587858,67.57593880373256,63.25559265214602,0.0,0.0,0.0,0.0,0.0,0.0,0.0,-0.014643102104449635,0.0
2025-05-20,21631.609375,21746.560546875,21517.099609375,21526.029296875,2908900,21526.029296875,21681.33359375,0.0,0.0,0.0,0.0,0.0,0.0,0.0,0.0,0.0,129.11607123422073,79.8839652898302,49.232105944390526,0.0,0.0,0.0,0.0,0.0,0.0,0.0,0.00010217599479345196,0.0
2025-05-21,21603.580078125,21879.240234375,21603.580078125,21803.91015625,3078500,21803.91015625,21685.541796875,0.0,0.0,0.0,0.0,0.0,0.0,0.0,0.0,0.0,148.4677755550365,93.60072734287147,54.86704821216503,0.0,0.0,0.0,0.0,0.0,0.0,0.0,0.012909062583843056,0.0
2025-05-22,21733.8203125,21733.8203125,21585.310546875,21670.9609375,3137400,21670.9609375,21673.683984375,0.0,0.0,0.0,0.0,0.0,0.0,0.0,0.0,0.0,151.33179111345453,105.14694009698809,46.18485101646644,0.0,0.0,0.0,0.0,0.0,0.0,0.0,-0.0060974943391927106,0.0
2025-05-23,21766.240234375,21798.880859375,21559.779296875,21652.240234375,3065000,21652.240234375,21635.394140625,0.0,0.0,0.0,0.0,0.0,0.0,0.0,0.0,0.0,150.35770970778685,114.18909401914784,36.16861568863901,0.0,0.0,0.0,0.0,0.0,0.0,0.0,-0.0008638612371177912,0.0
2025-05-26,21577.640625,21688.44921875,21536.5703125,21536.5703125,3105400,21536.5703125,21637.9421875,0.0,0.0,0.0,0.0,0.0,0.0,0.0,0.0,0.0,138.65383210696018,119.08204163671031,19.571790470249866,0.0,0.0,0.0,0.0,0.0,0.0,0.0,-0.005342168783596057,0.0
2025-05-27,21491.650390625,21558.470703125,21310.0,21336.5390625,3512400,21336.5390625,21600.044140625,0.0,0.0,0.0,0.0,0.0,0.0,0.0,0.0,0.0,111.94711795125113,117.65505689961849,-5.707938948367357,0.0,0.0,0.0,0.0,0.0,0.0,0.0,-0.009287980727548772,0.0
2025-05-28,21539.150390625,21634.369140625,21305.73046875,21357.720703125,3647300,21357.720703125,21510.80625,0.0,0.0,0.0,0.0,0.0,0.0,0.0,0.0,0.0,91.4370070477562,112.41144692924603,-20.97443988148983,0.0,0.0,0.0,0.0,0.0,0.0,0.0,0.0009927402266578511,0.0
2025-05-29,21531.2890625,21605.259765625,21347.30078125,21347.30078125,5081700,21347.30078125,21446.07421875,0.0,0.0,0.0,0.0,0.0,0.0,0.0,0.0,0.0,73.49459582510462,104.62807670841775,-31.133480883313126,0.0,0.0,0.0,0.0,0.0,0.0,0.0,-0.0004878761184228253,0.0
2025-06-02,21253.970703125,21256.099609375,20940.98046875,21002.7109375,3805400,21002.7109375,21316.168359375,0.0,0.0,0.0,0.0,0.0,0.0,0.0,0.0,47.197652339029865,31.110957379150932,89.9246528425644,-58.81369546341347,0.0,0.0,0.0,0.0,0.0,0.0,0.0,-0.016142080316433494,0.0
2025-06-03,21126.69921875,21303.2109375,21110.630859375,21126.9296875,3739600,21126.9296875,21234.240234375,0.0,0.0,0.0,0.0,0.0,0.0,0.0,0.0,45.35307085713877,7.459050250505243,73.43153232415257,-65.97248207364733,0.0,0.0,0.0,0.0,0.0,0.0,0.0,0.005914415066209822,0.0
2025-06-04,21341.439453125,21618.08984375,21341.439453125,21618.08984375,4061200,21618.08984375,21290.550390625,0.0,0.0,0.0,0.0,0.0,0.0,0.0,0.0,46.29699368574812,28.024217525777203,64.3500693644775,-36.3258518387003,0.0,0.0,0.0,0.0,0.0,0.0,0.0,0.02324806129025947,0.0
2025-06-05,21695.9296875,21738.9296875,21626.740234375,21674.4296875,3521900,21674.4296875,21353.8921875,0.0,0.0,0.0,0.0,0.0,0.0,0.0,0.0,48.747671053761636,48.31151027676606,61.142357546935216,-12.830847270169158,0.0,0.0,0.0,0.0,0.0,0.0,0.0,0.0026061434732305155,0.0
2025-06-06,21637.76953125,21702.4609375,21606.69921875,21660.66015625,2964300,21660.66015625,21416.5640625,0.0,0.0,0.0,0.0,0.0,0.0,0.0,0.0,45.70149984908852,62.5571301924756,61.4253120760433,1.1318181164322993,0.0,0.0,0.0,0.0,0.0,0.0,0.0,-0.0006352892070761174,0.0
2025-06-09,21773.44921875,21866.26953125,21717.51953125,21790.2890625,3035200,21790.2890625,21574.0796875,21522.2349609375,0.0,0.0,0.0,0.0,0.0,0.0,0.0,56.87189277133315,83.34609409860423,65.8094684805555,17.53662561804873,21522.2349609375,22017.669941802273,21026.79998007273,990.8699617295424,0.7705239959989691,3463435.0,0.8763554101636093,0.0059845316493087886,0.0
2025-06-10,21921.240234375,22294.859375,21921.240234375,22242.140625,3534000,22242.140625,21797.121875,21577.8650390625,0.0,0.0,0.0,0.0,0.0,0.0,0.0,64.99136864434153,134.72906973333738,79.59338873111187,55.13568100222551,21577.8650390625,22133.804288093415,21021.925790031586,1111.8784980618293,1.097435409620135,3505770.0,1.0080524392644126,0.02073637303314224,0.17389150037242593
2025-06-11,22376.369140625,22470.099609375,22294.599609375,22470.099609375,3669800,22470.099609375,21967.523828125,21634.86298828125,0.0,0.0,0.0,0.0,0.0,0.0,0.0,64.2440075937082,191.6357750983443,102.00186600455837,89.63390909378595,21634.86298828125,22305.732800696413,20963.993175866086,1341.7396248303266,1.122502761069802,3509165.0,1.0457758469607443,0.010248967858730973,0.17430720061737406
2025-06-12,22362.669921875,22390.169921875,22253.640625,22287.8203125,3060300,22287.8203125,22090.201953125,21660.110546875,0.0,0.0,0.0,0.0,0.0,0.0,0.0,62.916787996374836,219.4961185812026,125.50071651988722,93.99540206131539,21660.110546875,22389.856517321343,20930.364576428656,1459.4919408926871,0.9300878600542143,3479355.0,0.8795595735416478,-0.008112082280176014,0.16365482574785067
2025-06-13,22215.5,22228.009765625,21984.359375,22072.94921875,3285000,22072.94921875,22172.659765625,21677.2455078125,0.0,0.0,0.0,0.0,0.0,0.0,0.0,58.14074602057607,221.68192871927022,144.73695895976383,76.94496975950639,21677.2455078125,22429.66724005299,20924.823775572007,1504.8434644809822,0.7629534036444798,3466455.0,0.9476540154134411,-0.009640740581055907,0.16772890653606548
2025-06-16,22058.5703125,22094.599609375,21936.380859375,22049.900390625,2521300,22049.900390625,22224.58203125,21687.5560546875,0.0,0.0,0.0,0.0,0.0,0.0,0.0,60.302248953605876,219.029515287908,159.59547022539266,59.43404506251534,21687.5560546875,22455.08107600671,20920.031033368286,1535.0500426384242,0.7360472465865902,3406790.0,0.7400808385606392,-0.0010442115322505385,0.1670293852429006
2025-06-17,22172.58984375,22331.689453125,22118.4609375,22211.58984375,3044000,22211.58984375,22218.471875,21721.94404296875,0.0,0.0,0.0,0.0,0.0,0.0,0.0,67.83628198799306,227.3536546973737,173.14710711978887,54.20654757758484,21721.94404296875,22519.61884401763,20924.26924191987,1595.3496020977618,0.80692069007152,3388930.0,0.8982186117742178,0.007332888142830063,0.15856662075795802
2025-06-18,22135.830078125,22370.25,22104.6796875,22356.73046875,3214600,22356.73046875,22195.798046875,21763.4791015625,0.0,0.0,0.0,0.0,0.0,0.0,0.0,69.38344271327952,242.86266101878573,187.09021789958825,55.772443119197476,21763.4791015625,22603.582123547705,20923.376079577298,1680.2060439704073,0.8530825099197548,3404215.0,0.9442999340523439,0.006534454580739535,0.15939111012930998
2025-06-19,22238.099609375,22249.400390625,21973.0390625,22003.5,3057900,22003.5,22138.933984375,21773.45859375,0.0,0.0,0.0,0.0,0.0,0.0,0.0,61.23714484864134,224.0679971136924,194.4857737424091,29.582223371283305,21773.45859375,22620.298629856166,20926.618557643837,1693.6800722123298,0.6358234120033359,3403185.0,0.8985406317905139,-0.01579973732043427,0.16564742793316703
2025-06-20,21960.509765625,22089.48046875,21779.55078125,22045.740234375,4418300,22045.740234375,22133.4921875,21792.19755859375,0.0,0.0,0.0,0.0,0.0,0.0,0.0,69.92470094163,210.1589429830492,197.62040759053713,12.538535392512074,21792.19755859375,22646.0451067131,20938.3500104744,1707.6950962386982,0.6484706938256294,3467230.0,1.2743025412216669,0.0019197052457564645,0.16384239790318547
2025-06-23,21750.69921875,21801.3203125,21551.580078125,21732.01953125,3015300,21732.01953125,22069.916015625,21796.1865234375,0.0,0.0,0.0,0.0,0.0,0.0,0.0,60.77850019622196,171.84040923559223,192.46440791954817,-20.623998683955932,21796.1865234375,22648.02408811775,20944.34895875725,1703.6751293604975,0.462336133760647,3464745.0,0.8702804968331003,-0.014230445418921711,0.17240591539507646
2025-06-24,22001.48046875,22201.05078125,22001.48046875,22188.759765625,3767600,22188.759765625,22065.35,21828.79599609375,0.0,0.0,0.0,0.0,0.0,0.0,0.0,60.29157640760114,176.29558913589062,189.23064416281667,-12.935055026926051,21828.79599609375,22688.682768715098,20968.909223472405,1719.7735452426932,0.7093088189005604,3497855.0,1.0771172618647713,0.02101692545040379,0.18594447578199633
2025-06-25,22341.869140625,22444.509765625,22284.51953125,22430.609375,3405900,22430.609375,22080.12578125,21883.49951171875,0.0,0.0,0.0,0.0,0.0,0.0,0.0,62.781857582604495,197.06989448785316,190.798494227824,6.271400260029168,21883.49951171875,22750.701662029038,21016.297361408462,1734.4043006205757,0.8154454028310532,3492530.0,0.9751956318199128,0.010899645222608445,0.18412614272657515
2025-06-26,22425.390625,22587.669921875,22391.26953125,22492.33984375,3685100,22492.33984375,22177.89375,21940.23046875,0.0,0.0,0.0,0.0,0.0,0.0,0.0,63.83375068710682,216.02461676374514,195.84371873500822,20.18089802873692,21940.23046875,22811.051390550532,21069.409546949468,1741.6418436010645,0.8170051161944768,3494420.0,1.0545669953812078,0.0027520638301874456,0.18403250388245193
2025-06-27,22503.849609375,22580.080078125,22388.58984375,22580.080078125,3454100,22580.080078125,22284.76171875,22001.86943359375,0.0,0.0,0.0,0.0,0.0,0.0,0.0,63.32264770709304,235.41258463074337,203.75749191415528,31.655092716588086,22001.86943359375,22870.494213385537,21133.244653801965,1737.2495595835717,0.8328310784950012,3413040.0,1.0120303307315472,0.0039008940370151013,0.18369746295463318
2025-06-30,22508.330078125,22558.94921875,22256.01953125,22256.01953125,3443500,22256.01953125,22389.56171875,22064.53486328125,0.0,0.0,0.0,0.0,0.0,0.0,0.0,50.2446656282322,222.06883965183079,207.4197614616904,14.649078190140386,22064.53486328125,22800.334212158454,21328.735514404045,1471.598697754409,0.6301201667688918,3394945.0,1.0143021462792474,-0.014351611940869091,0.18133385234272867
2025-07-01,22419.740234375,22730.759765625,22401.580078125,22553.720703125,3676400,22553.720703125,22462.55390625,22135.8744140625,0.0,0.0,0.0,0.0,0.0,0.0,0.0,51.438744964359024,232.83188120365594,212.5021854100835,20.329695793572427,22135.8744140625,22756.581299497753,21515.167528627244,1241.4137708705093,0.8365890558547726,3391785.0,1.083913042837326,0.013376209140048223,0.18484450559321042
2025-07-02,22463.55078125,22577.740234375,22396.259765625,22577.740234375,2897200,22577.740234375,22491.980078125,22183.85693359375,0.0,0.0,0.0,0.0,0.0,0.0,0.0,55.27552394863757,240.52719680747032,218.10718768956087,22.420009117909444,22183.85693359375,22784.06111411943,21583.65275306807,1200.4083610513626,0.8281244229556927,3333585.0,0.8690943833740553,0.0010649919614669212,0.16926760036409103
2025-07-03,22707.41015625,22816.19921875,22700.859375,22712.970703125,3368000,22712.970703125,22536.10625,22235.783984375,0.0,0.0,0.0,0.0,0.0,0.0,0.0,61.993764681510505,254.60285529413522,225.40632121047577,29.196534083659458,22235.783984375,22830.086922722552,21641.48104602745,1188.6058766951028,0.9014675748337356,3325890.0,1.0126612726217643,0.0059895484378065245,0.16979310262011302
2025-07-04,22756.55078125,22842.75,22500.970703125,22547.5,3270200,22547.5,22529.590234375,22280.1259765625,0.0,0.0,0.0,0.0,0.0,0.0,0.0,58.85230738654171,249.52939368489388,230.2309357053594,19.298457979534476,22280.1259765625,22823.944082435446,21736.307870689554,1087.636211745892,0.7458303801858822,3341185.0,0.9787545436723797,-0.007285295494271593,0.1729792639051514
2025-07-07,22550.140625,22550.5,22294.109375,22428.720703125,2570300,22428.720703125,22564.13046875,22312.04755859375,0.0,0.0,0.0,0.0,0.0,0.0,0.0,53.92265138785877,233.23554801599676,230.83185816748687,2.4036898485098845,22312.04755859375,22807.610305314713,21816.484811872786,991.1254934419267,0.6177178322050952,3317940.0,0.7746674141183988,-0.00526795861514584,0.1742044381417661
2025-07-08,22375.650390625,22375.650390625,22190.4609375,22362.26953125,2661400,22362.26953125,22525.840234375,22318.05400390625,0.0,0.0,0.0,0.0,0.0,0.0,0.0,50.10299618667151,212.5108113678216,227.16764880755383,-14.656837439732243,22318.05400390625,22812.960755393393,21823.14725241911,989.8135029742843,0.544670563910102,3274310.0,0.8128124704136138,-0.002962771383824059,0.15916117621115963
2025-07-09,22253.169921875,22527.009765625,22211.099609375,22527.009765625,2907300,22527.009765625,22515.694140625,22320.89951171875,0.0,0.0,0.0,0.0,0.0,0.0,0.0,60.468207988639655,206.9933775751706,223.1327945610772,-16.139416985906593,22320.89951171875,22820.12269692801,21821.676326509492,998.4463704185182,0.7064309711695208,3236185.0,0.8983726208483137,0.007366883497436749,0.15709117294073482
2025-07-10,22566.509765625,22699.2890625,22513.349609375,22693.25,2829400,22693.25,22511.75,22341.17099609375,0.0,0.0,0.0,0.0,0.0,0.0,0.0,62.335988378626375,213.57303215984575,221.22084208083092,-7.647809920985168,22341.17099609375,22866.957622260838,21815.384369926665,1051.5732523341721,0.8348116768134383,3224640.0,0.8774312791505409,0.007379596142790046,0.15587463616982478
2025-07-11,22602.810546875,22770.009765625,22601.94921875,22751.029296875,4446700,22751.029296875,22552.455859375,22375.075,0.0,0.0,0.0,0.0,0.0,0.0,0.0,71.51140976787948,220.90332616168598,221.15733889700195,-0.2540127353159676,22375.075,22915.288654122563,21834.861345877438,1080.4273082451255,0.8479681548271442,3282725.0,1.3545758478093657,0.0025461005750608834,0.15081559749305704
2025-07-14,22679.1796875,22735.23046875,22525.66015625,22614.970703125,2557300,22614.970703125,22589.705859375,22403.328515625,0.0,0.0,0.0,0.0,0.0,0.0,0.0,60.40629470672389,213.27534018122606,219.58093915384677,-6.3055989726207144,22403.328515625,22930.893420361223,21875.763610888775,1055.129809472448,0.7005840282398522,3284525.0,0.7785905115655993,-0.005980326954644122,0.15294746555678224
2025-07-15,22618.4296875,22888.23046875,22588.259765625,22835.939453125,2696000,22835.939453125,22684.43984375,22434.54599609375,0.0,0.0,0.0,0.0,0.0,0.0,0.0,59.998419747757055,222.49564643378835,220.1638806098351,2.3317658239532477,22434.54599609375,22987.61215651891,21881.479835668593,1106.1323208503163,0.8628801450468415,3267125.0,0.8251903431916441,0.009770905870307711,0.1544581659795606
2025-07-16,22967.509765625,23106.4296875,22923.119140625,23042.900390625,3171200,23042.900390625,22787.61796875,22468.8544921875,0.0,0.0,0.0,0.0,0.0,0.0,0.0,62.67287196976713,243.69367459253044,224.86983940637418,18.82383518615626,22468.8544921875,23083.31852043543,21854.39046393957,1228.9280564958608,0.967111069198164,3264955.0,0.9712844434303076,0.009062948249833447,0.1558207656879753
2025-07-17,23042.970703125,23159.5390625,22923.369140625,23113.279296875,3078000,23113.279296875,22871.623828125,22524.34345703125,0.0,0.0,0.0,0.0,0.0,0.0,0.0,62.37213104947257,263.1389521432029,232.52366195373995,30.615290189462968,22524.34345703125,23161.86938561183,21886.81752845067,1275.051857161161,0.9618916764333731,3265960.0,0.9424487746328798,0.003054255543222917,0.14169612573047036
2025-07-18,23345.720703125,23468.2109375,23276.01953125,23383.130859375,2995200,23383.130859375,22998.044140625,22591.21298828125,0.0,0.0,0.0,0.0,0.0,0.0,0.0,76.82792464689273,296.9017420801283,245.39927797901763,51.50246410111069,22591.21298828125,23294.530060470344,21887.89591609216,1406.6341443781857,1.062987806217171,3194805.0,0.9375220083854883,0.011675174216255968,0.1453494714635278
2025-07-21,23314.2890625,23403.830078125,23243.7890625,23340.560546875,2784300,23340.560546875,23143.162109375,22671.6400390625,0.0,0.0,0.0,0.0,0.0,0.0,0.0,71.31779582091575,316.57465237737415,259.63435285868894,56.94029951868521,22671.6400390625,23327.55225256812,22015.727825556878,1311.824427011241,1.009916185458154,3183255.0,0.8746707379710391,-0.00182055656943525,0.13190347919031034
2025-07-22,23301.66015625,23486.080078125,22985.900390625,22987.919921875,3764700,22987.919921875,23173.558203125,22711.598046875,0.0,0.0,0.0,0.0,0.0,0.0,0.0,59.43323002290796,300.249336771205,267.75734964119215,32.49198713001283,22711.598046875,23340.460965449834,22082.735128300163,1257.7258371496719,0.7196996092774443,3183110.0,1.1827112478048198,-0.015108489973571504,0.130999628234528
2025-07-23,23063.5703125,23318.669921875,23063.5703125,23318.669921875,3346500,23318.669921875,23228.712109375,22756.00107421875,0.0,0.0,0.0,0.0,0.0,0.0,0.0,62.780402487191495,310.42181785729554,276.29024328441284,34.1315745728827,22756.00107421875,23425.427342341543,22086.57480609596,1338.852536245584,0.920262002291899,3180140.0,1.0523121623576321,0.014387991654924104,0.1347440386080887
2025-07-24,23373.669921875,23455.08984375,23295.310546875,23373.73046875,3659600,23373.73046875,23280.80234375,22800.07060546875,0.0,0.0,0.0,0.0,0.0,0.0,0.0,68.28566142716599,319.2464342098465,284.8814814694996,34.364952740346894,22800.07060546875,23511.163855534727,22088.977355402774,1422.186500131953,0.9033647227195123,3178865.0,1.1512285045134034,0.0023612215902308886,0.13472138138232254
2025-07-25,23454.58984375,23485.560546875,23308.44921875,23364.380859375,2946900,23364.380859375,23277.05234375,22839.28564453125,0.0,0.0,0.0,0.0,0.0,0.0,0.0,71.76155494059225,321.77633363324276,292.26045190224824,29.515881730994522,22839.28564453125,23584.96068221172,22093.61060685078,1491.3500753609405,0.8520938668384617,3153505.0,0.934484010648469,-0.00040000501364123586,0.13476372439977008
2025-07-28,23477.099609375,23564.439453125,23350.73046875,23412.98046875,3255000,23412.98046875,23291.536328125,22897.13369140625,0.0,0.0,0.0,0.0,0.0,0.0,0.0,74.64202543520362,323.96837371700894,298.60203626520035,25.36633745180859,22897.13369140625,23631.715126902116,22162.55225591038,1469.162870991735,0.8511161271013146,3144080.0,1.0352790005343375,0.002080072639951913,0.12061550071891895
2025-07-29,23414.359375,23422.169921875,23094.669921875,23201.51953125,3565200,23201.51953125,23334.25625,22929.5236328125,0.0,0.0,0.0,0.0,0.0,0.0,0.0,65.47985215320054,305.1251579852942,299.9066606092191,5.218497376075106,22929.5236328125,23657.445411204597,22201.6018544204,1455.8435567841952,0.6868304442259182,3138520.0,1.1359494283930005,-0.009031782082688844,0.120201105759007
2025-07-30,23288.720703125,23461.720703125,23264.640625,23461.720703125,3352200,23461.720703125,23362.86640625,22973.72265625,0.0,0.0,0.0,0.0,0.0,0.0,0.0,66.90707269847462,307.64153363867445,301.4536352151102,6.187898423564263,22973.72265625,23718.853395354094,22228.591917145906,1490.2614782081873,0.8274580025121904,3161270.0,1.060396612753735,0.011214833214890696,0.12507706297747878
2025-07-31,23523.58984375,23631.109375,23454.439453125,23542.51953125,3757100,23542.51953125,23396.62421875,23015.20009765625,0.0,0.0,0.0,0.0,0.0,0.0,0.0,67.23891054158977,312.55265716466965,303.67343960502205,8.8792175596476,23015.20009765625,23790.940813731257,22239.45938158124,1551.4814321500162,0.8398812403851442,3180725.0,1.1812086866987872,0.0034438577266941994,0.12431111740978538
2025-08-01,23318.369140625,23484.2109375,23168.26953125,23434.380859375,3402400,23434.380859375,23410.62421875,23059.544140625,0.0,0.0,0.0,0.0,0.0,0.0,0.0,68.06674486985371,304.21210311478353,303.7811723069744,0.4309308078091476,23059.544140625,23824.02760916677,22295.06067208323,1528.96693708354,0.7451568504580722,3187335.0,1.0674748653655797,-0.004593334699434237,0.12204123568637963
2025-08-04,23260.1796875,23378.939453125,23151.650390625,23378.939453125,3191500,23378.939453125,23403.816015625,23107.055078125,22313.77919921875,0.0,0.0,0.0,0.0,0.0,0.0,62.91502218654536,289.788000119981,300.9825378695757,-11.194537749594701,23107.055078125,23823.03736218324,22391.072794066757,1431.9645681164839,0.6898680882569267,3218395.0,0.9916433501792042,-0.0023658148505263377,0.1201825153281894
2025-08-05,23498.400390625,23671.83984375,23498.400390625,23660.58984375,3421400,23660.58984375,23495.630078125,23171.97109375,22355.96337890625,0.0,0.0,0.0,0.0,0.0,0.0,64.18741235401308,297.6524748021693,300.31652525609445,-2.6640504539251424,23171.97109375,23837.262314808646,22506.67987269135,1330.5824421172947,0.8672217027171937,3256395.0,1.050671064167584,0.01204718422705664,0.12355244479261415
2025-08-06,23443.359375,23557.490234375,23433.529296875,23447.359375,3264600,23447.359375,23492.7578125,23217.98857421875,22391.250358072917,0.0,0.0,0.0,0.0,0.0,0.0,57.200795817830794,283.41221130756094,296.9356624663877,-13.523451158826788,23217.98857421875,23819.726471765403,22616.250676672098,1203.4757950933054,0.6905902899886716,3274260.0,0.9970497150501182,-0.009012052115274116,0.12917008272754293
2025-08-07,23717.349609375,24050.5390625,23717.349609375,24003.76953125,3487700,24003.76953125,23585.0078125,23283.51455078125,22428.265364583334,0.0,0.0,0.0,0.0,0.0,0.0,61.90649619649482,313.4115362897646,300.2308372310631,13.18069905870152,23283.51455078125,23928.51939473757,22638.509706824927,1290.0096879126431,1.0583330010754306,3307175.0,1.0545858625564115,0.023730184169192814,0.1495701288658786
2025-08-08,24026.650390625,24131.4609375,23967.990234375,24021.259765625,3790600,24021.259765625,23702.38359375,23347.02607421875,22466.448860677083,0.0,0.0,0.0,0.0,0.0,0.0,63.1855966997229,334.73887186653155,307.1324441581568,27.60642770837478,23347.02607421875,24020.77467885186,22673.27746958564,1347.497209266221,1.000359990929632,3274370.0,1.157657808983102,0.0007286453218204869,0.14975862080884644
2025-08-11,23980.390625,24249.05078125,23887.25,24135.5,3851900,24135.5,23853.695703125,23423.0525390625,22504.645703125,0.0,0.0,0.0,0.0,0.0,0.0,74.49140284696026,356.74681590826003,317.05531850817744,39.691497400082596,23423.0525390625,24092.126874295576,22753.978203829425,1338.148670466151,1.0324127854113634,3339100.0,1.1535743164325716,0.004755796968586967,0.14625381975652235
2025-08-12,24182.83984375,24263.919921875,24065.4296875,24158.359375,4193700,24158.359375,23953.249609375,23489.17353515625,22548.554524739582,0.0,0.0,0.0,0.0,0.0,0.0,70.63188355720641,371.7475562155014,327.99376604964226,43.75379016585913,23489.17353515625,24175.11075165255,22803.236318659947,1371.8744329926049,0.9877894242725196,3413985.0,1.2283885254328886,0.0009471266391829491,0.14441740477084086
2025-08-13,24232.0390625,24406.939453125,24172.189453125,24370.01953125,4867300,24370.01953125,24137.781640625,23555.5294921875,22595.954361979166,0.0,0.0,0.0,0.0,0.0,0.0,72.73043248869939,396.14840446230664,341.62469373217516,54.523710730131484,23555.5294921875,24312.752889282543,22798.306095092456,1514.4467941900875,1.0378135713892669,3498790.0,1.3911380791645112,0.008761363011638768,0.14424941065107977
2025-08-14,24258.5,24389.509765625,24198.880859375,24238.099609375,4491700,24238.099609375,24184.64765625,23611.7705078125,22636.524186197916,0.0,0.0,0.0,0.0,0.0,0.0,68.87814182745058,400.2278398968483,353.3453229651098,46.88251693173851,23611.7705078125,24397.249944391013,22826.291071233987,1570.9588731570257,0.8986922333006264,3569475.0,1.2583643252859313,-0.00541320542258239,0.14718623278151502
2025-08-15,24266.23046875,24385.560546875,24164.4296875,24334.48046875,4491700,24334.48046875,24247.291796875,23659.33798828125,22680.916178385418,0.0,0.0,0.0,0.0,0.0,0.0,69.50774177116377,406.5514793481634,363.9865542417205,42.5649251064429,23659.33798828125,24499.817241909717,22818.858734652786,1680.9585072569316,0.9016413716067199,3644300.0,1.2325275087122356,0.003976419807175002,0.14324940200562536
2025-08-18,24272.55078125,24515.650390625,24257.30078125,24482.51953125,4745200,24482.51953125,24316.695703125,23716.4359375,22728.0875,0.0,0.0,0.0,0.0,0.0,0.0,77.86647314949202,418.6822163331126,374.925686659999,43.75652967311362,23716.4359375,24618.62401619821,22814.247858801788,1804.376157396422,0.9245697830852019,3742345.0,1.2679750263537968,0.006083510296844397,0.14317576365119902
2025-08-19,24493.919921875,24551.419921875,24324.2890625,24353.5,4734800,24353.5,24355.723828125,23784.71494140625,22775.036328125,0.0,0.0,0.0,0.0,0.0,0.0,70.57370497104034,413.1228913488667,382.5651275977725,30.55776375109417,23784.71494140625,24661.08369359461,22908.346189217893,1752.737504376717,0.8245124025550701,3790850.0,1.249007478533838,-0.005269863303297595,0.13092672218358226
2025-08-20,24309.26953125,24309.26953125,23620.240234375,23625.439453125,4336000,23625.439453125,24206.8078125,23800.05341796875,22813.18466796875,0.0,0.0,0.0,0.0,0.0,0.0,51.4730629508447,345.9804376492539,375.2481896080688,-29.267751958814927,23800.05341796875,24652.489030018445,22947.617805919053,1704.8712240993918,0.39757938172953217,3840325.0,1.1290711072630573,-0.02989552002278928,0.1684679884300207
2025-08-21,23739.830078125,24011.5,23739.830078125,23962.130859375,3924400,23962.130859375,24151.6140625,23829.4734375,22856.59150390625,0.0,0.0,0.0,0.0,0.0,0.0,58.671274094003834,316.29172784016555,363.4568972544882,-47.165169414322634,23829.4734375,24660.29773766383,22998.64913733617,1661.6486003276586,0.5798348229877139,3853565.0,1.0183816803401526,0.014251223005524505,0.17516950036127343
2025-08-22,24033.01953125,24071.650390625,23764.470703125,23764.470703125,3633100,23764.470703125,24037.612109375,23849.4779296875,22896.877669270834,0.0,0.0,0.0,0.0,0.0,0.0,56.0517021485333,273.6591167750339,345.49734115859735,-71.83822438356344,23849.4779296875,24651.933173807378,23047.02268556762,1604.9104882397587,0.4470330419138965,3887875.0,0.9344693437932032,-0.008248855555042067,0.17836736002020323
2025-08-25,24108.810546875,24362.01953125,24108.75,24277.380859375,3818800,24277.380859375,23996.584375,23892.69794921875,22951.455501302084,0.0,0.0,0.0,0.0,0.0,0.0,59.02645938197606,278.0547859060607,332.00883010809,-53.95404420202931,23892.69794921875,24689.25633197854,23096.139566458958,1593.1167655195823,0.7414656091016124,3916065.0,0.9751625675263307,0.021583066698916742,0.19290704767170838
2025-08-26,24237.359375,24382.419921875,24113.029296875,24305.099609375,5104500,24305.099609375,23986.904296875,23947.876953125,23004.425,0.0,0.0,0.0,0.0,0.0,0.0,63.273354397592215,280.5411530496749,321.715294696407,-41.174141646732096,23947.876953125,24694.145290052904,23201.608616197096,1492.5366738558077,0.739339282248308,3993030.0,1.2783525292822744,0.0011417520761634048,0.18860345704232803
2025-08-27,24449.810546875,24539.880859375,24410.080078125,24519.900390625,4022200,24519.900390625,24165.796484375,24000.7859375,23052.788509114584,0.0,0.0,0.0,0.0,0.0,0.0,58.93129574915219,296.4272163752976,316.6576790321851,-20.23046265688754,24000.7859375,24751.957478202126,23249.614396797875,1502.3430814042513,0.8455365552319078,4026530.0,0.9989246323757677,0.008837683642618943,0.18731312285872906
2025-08-28,24468.119140625,24502.369140625,24236.44921875,24236.44921875,4093700,24236.44921875,24220.66015625,24035.482421875,23095.488834635416,0.0,0.0,0.0,0.0,0.0,0.0,53.40984704479097,282.8839848554853,309.9029401968452,-27.018955341359856,24035.482421875,24761.20252297044,23309.76232077956,1451.4402021908827,0.638460266273172,4043360.0,1.0124500415496023,-0.011560045814190012,0.19353878885998832
2025-08-29,24438.029296875,24570.150390625,24233.099609375,24233.099609375,4230800,24233.099609375,24314.3859375,24075.418359375,23138.362825520835,0.0,0.0,0.0,0.0,0.0,0.0,51.6028727318217,268.7822365082793,301.67879945913205,-32.89656295085274,24075.418359375,24747.808094676875,23403.028624073122,1344.779470603753,0.6172543554142353,4084780.0,1.0357473352298043,-0.0001382054501782859,0.19231324271178107
2025-09-01,24143.369140625,24312.830078125,23885.41015625,24071.73046875,3978800,24071.73046875,24273.255859375,24110.05791015625,23176.386848958333,0.0,0.0,0.0,0.0,0.0,0.0,48.639207418243224,241.79806078458932,289.70265172422353,-47.904590939634204,24110.05791015625,24697.3703538183,23522.7454664942,1174.6248873240984,0.4673704841265445,4124145.0,0.9647575436848123,-0.006659038390721239,0.1941262661158552
2025-09-02,24113.900390625,24295.029296875,23890.330078125,24016.779296875,3621600,24016.779296875,24215.591796875,24127.8673828125,23205.96416015625,0.0,0.0,0.0,0.0,0.0,0.0,44.163869486284725,213.51750984540195,274.46562334845925,-60.9481135030573,24127.8673828125,24678.232116694966,23577.502648930033,1100.7294677649334,0.39907775780446114,4134155.0,0.8760194042071475,-0.002282809370366512,0.1904612430758356
2025-09-03,24036.880859375,24103.23046875,23925.490234375,24100.30078125,3208300,24100.30078125,24131.671875,24160.514453125,23233.1341796875,0.0,0.0,0.0,0.0,0.0,0.0,47.68632718500791,195.58981757999572,258.69046219476655,-63.10064461477083,24160.514453125,24608.934723866685,23712.094182383316,896.8405414833687,0.4328602253245031,4131340.0,0.7765761230012538,0.0034776305075121527,0.18704263643478564
2025-09-04,24235.26953125,24389.349609375,24168.16015625,24179.849609375,4098500,24179.849609375,24120.351953125,24169.31845703125,23264.668001302085,0.0,0.0,0.0,0.0,0.0,0.0,47.38895532488743,185.6607365093223,244.08451705767772,-58.42378054835541,24169.31845703125,24611.65392850659,23726.982985555915,884.6709429506736,0.5119040332765676,4161880.0,0.9847713052755005,0.0033007400549494026,0.16782266760213826
2025-09-05,24244.259765625,24494.580078125,24244.259765625,24494.580078125,3935800,24494.580078125,24172.648046875,24192.98447265625,23305.028515625,0.0,0.0,0.0,0.0,0.0,0.0,50.19279704013613,200.87245412906123,235.44210447195445,-34.569650342893226,24192.98447265625,24652.288366881457,23733.680578431045,918.607788450412,0.8283181454159272,4169140.0,0.9440316228286889,0.013016229374229527,0.1736888727811173
2025-09-08,24610.849609375,24729.9609375,24547.380859375,24547.380859375,4221200,24547.380859375,24267.778125,24213.578515625,23346.653190104167,0.0,0.0,0.0,0.0,0.0,0.0,53.176745278580846,214.713349866699,231.29635355090338,-16.583003684204385,24213.578515625,24698.264059185025,23728.892972064972,969.3710871200528,0.844349391254927,4187605.0,1.008022485406336,0.00215561079559623,0.1731942728606092
2025-09-09,24650.4609375,24880.0703125,24650.4609375,24855.1796875,4235300,24855.1796875,24435.458203125,24248.41953125,23390.713020833333,0.0,0.0,0.0,0.0,0.0,0.0,73.36751712962997,247.6642333877353,234.5699295182698,13.094303869465506,24248.41953125,24810.40760838721,23686.431454112793,1123.9761542744163,1.0398336556718046,4189685.0,1.0108874533526984,0.012538968205540568,0.1780528645538511
2025-09-10,25032.880859375,25272.23046875,25032.880859375,25192.58984375,4503300,25192.58984375,24653.916015625,24289.548046875,23437.97734375,0.0,0.0,0.0,0.0,0.0,0.0,73.37478990349474,297.57397814481374,247.1707392435786,50.40323890123514,24289.548046875,24991.88029207356,23587.215801676437,1404.6644903971246,1.142887894617155,4171485.0,1.079543615762732,0.013575043934189956,0.18145019602562013
2025-09-11,25509.30078125,25541.439453125,25174.130859375,25215.7109375,5159400,25215.7109375,24861.08828125,24338.42861328125,23491.514192708335,0.0,0.0,0.0,0.0,0.0,0.0,79.52697080265865,335.1303158103874,264.7626545569404,70.36766125344701,24338.42861328125,25152.822780147526,23524.03444641497,1628.7883337325547,1.038610392799324,4204870.0,1.227005828955473,0.0009177735950691712,0.1795290347852934
2025-09-12,25349.69921875,25492.279296875,25349.69921875,25474.640625,4362700,25474.640625,25057.100390625,24395.43662109375,23548.662532552084,0.0,0.0,0.0,0.0,0.0,0.0,77.16720454744889,381.39100767589116,288.0883251807306,93.30268249516058,24395.43662109375,25355.298861100528,23435.574381086975,1919.7244800135522,1.0621660895309954,4198420.0,1.039129005673563,0.01026858565050115,0.1818040656911606
2025-09-15,25494.099609375,25519.939453125,25284.169921875,25357.16015625,3734300,25357.16015625,25219.05625,24439.16865234375,23609.08154296875,0.0,0.0,0.0,0.0,0.0,0.0,72.93806333256967,403.91714188474725,311.25408852153396,92.6630533632133,24439.16865234375,25491.026420664923,23387.310884022576,2103.7155366423467,0.9363667463193837,4147875.0,0.9002923183557846,-0.004611663437352198,0.18285542683569891
2025-09-16,25335.4609375,25664.810546875,25335.4609375,25629.640625,4224500,25629.640625,25373.9484375,24502.97568359375,23666.429557291667,0.0,0.0,0.0,0.0,0.0,0.0,73.60201980089442,438.69911187020625,336.74309319126843,101.95601867893782,24502.97568359375,25680.294697521545,23325.656669665957,2354.638027855588,0.9784875331484496,4122360.0,1.0247770694456573,0.010745701295846288,0.1834557367672889
2025-09-17,25543.91015625,25632.0703125,25422.9609375,25438.25,4404600,25438.25,25423.08046875,24593.6162109375,23716.556901041666,0.0,0.0,0.0,0.0,0.0,0.0,76.60166287953462,445.68289477197686,358.5310535074101,87.15184126456677,24593.6162109375,25765.590199767004,23421.642222107996,2343.9479776590088,0.8603466446836343,4125790.0,1.0675773609417833,-0.007467550083917751,0.14369782460834835
2025-09-18,25543.169921875,25769.359375,25475.25,25769.359375,4746200,25769.359375,25533.81015625,24683.97763671875,23771.173893229166,0.0,0.0,0.0,0.0,0.0,0.0,79.6960194388086,472.48879568052143,381.3226019420324,91.16619373848903,24683.97763671875,25927.44722139398,23440.508052043522,2486.9391693504585,0.9364327650863434,4166880.0,1.139029681680298,0.013016200996530891,0.14256226026262941
2025-09-19,25794.66015625,25864.009765625,25578.369140625,25578.369140625,6041400,25578.369140625,25554.555859375,24774.67255859375,23821.145377604167,0.0,0.0,0.0,0.0,0.0,0.0,78.79370852547206,472.8703939843035,399.63216035048663,73.23823363381689,24774.67255859375,26000.230276731505,23549.114840455994,2451.1154362755115,0.8278901393776831,4287295.0,1.4091402620999955,-0.007411524345470877,0.14166110652461641
2025-09-22,25599.599609375,25887.689453125,25599.599609375,25880.599609375,4316700,25880.599609375,25659.24375,24854.83349609375,23881.555045572917,0.0,0.0,0.0,0.0,0.0,0.0,82.54395573665163,491.89008367832866,418.0837450160551,73.80633866227356,24854.83349609375,26151.121375250692,23558.545616936808,2592.575758313884,0.8956552127712099,4312190.0,1.0010458722829931,0.011815861562103347,0.1290052476419103
2025-09-23,26121.0,26307.30078125,26041.689453125,26247.369140625,4775000,26247.369140625,25782.789453125,24951.94697265625,23943.115852864583,0.0,0.0,0.0,0.0,0.0,0.0,84.11520416694339,530.4439332684778,440.5557826665397,89.88815060193815,24951.94697265625,26360.944256305032,23542.949689007466,2817.9945672975664,0.9596964745787122,4295715.0,1.1115728115110057,0.01417160099788184,0.134381712551076
2025-09-24,26389.16015625,26394.029296875,26045.470703125,26196.73046875,4309500,26196.73046875,25934.485546875,25035.7884765625,24003.432356770834,0.0,0.0,0.0,0.0,0.0,0.0,82.34377691678856,550.5654435012948,462.55771483349076,88.00772866780403,25035.7884765625,26533.31500829289,23538.261944832106,2995.053063460786,0.8876198409806948,4310080.0,0.9998654317321256,-0.0019292856211109433,0.13455372006950395
2025-09-25,26067.970703125,26247.849609375,26023.849609375,26023.849609375,5318500,26023.849609375,25985.38359375,25125.15849609375,24058.613671875,0.0,0.0,0.0,0.0,0.0,0.0,75.69310270599478,546.2648437221469,479.299140611222,66.96570311092489,25125.15849609375,26635.11588016631,23615.20111202119,3019.9147681451213,0.7975882375094843,4371320.0,1.2166805450070002,-0.006599329621733818,0.12826988484230997
2025-09-26,25998.279296875,25998.279296875,25469.0390625,25580.3203125,4370400,25580.3203125,25985.773828125,25192.51953125,24109.160677083335,0.0,0.0,0.0,0.0,0.0,0.0,65.34026074077855,501.2889331048973,483.6970991099571,17.591833994940203,25192.51953125,26654.35087898089,23730.68818351911,2923.6626954617823,0.6326421073990155,4378300.0,0.9981956467121942,-0.01704318552145412,0.1474043833374025
2025-09-30,25738.310546875,25975.83984375,25738.310546875,25820.5390625,3601000,25820.5390625,25973.76171875,25279.9599609375,24165.690983072916,0.0,0.0,0.0,0.0,0.0,0.0,64.63029398879931,479.5014511899026,482.8579695259462,-3.356518336043621,25279.9599609375,26666.803446803657,23893.116475071343,2773.6869717323134,0.6948954972466884,4359410.0,0.8260292103747984,0.009390763957033643,0.14480343326326853
2025-10-01,26078.2890625,26325.7890625,25982.91015625,25982.91015625,4127200,25982.91015625,25920.869921875,25378.26650390625,24226.034993489582,0.0,0.0,0.0,0.0,0.0,0.0,62.64860336592564,469.9197625677298,480.27032813430293,-10.350565566573152,25378.26650390625,26663.082330731973,24093.450677080524,2569.6316536514496,0.7353036286288265,4384690.0,0.9412752098780074,0.006288447090782023,0.14341208342807704
2025-10-02,26392.310546875,26489.7890625,26330.25,26378.390625,4331900,26378.390625,25957.201953125,25492.17099609375,24290.224674479166,0.0,0.0,0.0,0.0,0.0,0.0,66.62633615758617,488.60583009944094,481.93742852733055,6.668401572110383,25492.17099609375,26701.66308780597,24282.678904381533,2418.984183424436,0.8663602412032246,4440870.0,0.9754620153258258,0.015220791911750853,0.14882150549400158
2025-10-03,26435.099609375,26761.060546875,26410.029296875,26761.060546875,3947400,26761.060546875,26104.644140625,25621.23154296875,24358.021516927085,0.0,0.0,0.0,0.0,0.0,0.0,67.7670518887138,528.2041294251503,491.1907687068946,37.01336071825574,25621.23154296875,26791.332626721094,24451.13045921641,2340.2021675046853,0.9870643313357532,4433315.0,0.8903946595267875,0.014506947270404247,0.15281830795277676
2025-10-07,27029.279296875,27301.419921875,27017.080078125,27211.94921875,4714200,27211.94921875,26430.969921875,25757.1,24432.370182291666,0.0,0.0,0.0,0.0,0.0,0.0,73.45667668510296,589.177344836462,510.7880839328081,78.3892609036539,25757.1,27004.854449774713,24509.345550225284,2495.5088995494298,1.0829869887510999,4472235.0,1.054103820572935,0.01684868471805201,0.15601408482901455
2025-10-08,26999.8203125,27110.4296875,26883.990234375,27063.6796875,4475000,27063.6796875,26679.598046875,25882.91494140625,24506.51533203125,0.0,0.0,0.0,0.0,0.0,0.0,68.72388650421897,618.4063419411978,532.311735534486,86.0946064067117,25882.91494140625,27124.507732851507,24641.32214996099,2483.1855828905173,0.9755040276607926,4484925.0,0.9977870309982887,-0.005448692045472381,0.16033490362624264
2025-10-09,27301.609375,27463.119140625,27253.0703125,27301.919921875,5551400,27301.919921875,26943.4,26005.251953125,24580.94833984375,0.0,0.0,0.0,0.0,0.0,0.0,74.03936897975925,653.2641066093965,556.5022097494682,96.76189685992836,26005.251953125,27301.431247711895,24709.072658538105,2592.3585891737894,1.0001885056199578,4550730.0,1.219892193120664,0.008802950564221979,0.1585245785799222
2025-10-13,26762.599609375,26965.720703125,26470.439453125,26923.419921875,4848200,26923.419921875,27052.405859375,26091.79345703125,24645.623665364583,0.0,0.0,0.0,0.0,0.0,0.0,64.70636256342328,642.9359836957774,573.78896453873,69.14701915704734,26091.79345703125,27390.635670575994,24792.951243486506,2597.684427089487,0.8201414521991972,4567975.0,1.0613455634061044,-0.013863493889187506,0.16791400260860415
2025-10-14,27282.099609375,27507.16015625,26764.060546875,26793.150390625,6407700,26793.150390625,27058.823828125,26170.6654296875,24706.954850260416,0.0,0.0,0.0,0.0,0.0,0.0,65.72346314200283,617.1253722683396,582.456246084652,34.66912618368758,26170.6654296875,27436.672240209275,24904.658619165722,2532.013621043552,0.7458458184284467,4630390.0,1.3838359187886982,-0.004838520946744862,0.17026076270890486
2025-10-15,26911.05078125,27275.7109375,26773.150390625,27275.7109375,4438300,27275.7109375,27071.576171875,26260.7189453125,24771.831184895833,0.0,0.0,0.0,0.0,0.0,0.0,67.25219221868036,628.3654739232734,591.6380916523763,36.727382270897124,26260.7189453125,27573.62293766835,24947.814952956647,2625.807984711704,0.8865446362022741,4634170.0,0.9577335315709178,0.018010593746521364,0.1766848866403131
2025-10-16,27337.3203125,27732.779296875,27337.3203125,27647.869140625,4657900,27647.869140625,27188.4140625,26375.25439453125,24843.619661458335,0.0,0.0,0.0,0.0,0.0,0.0,67.29577861588618,659.6987951395531,605.2502323498117,54.44856278974146,26375.25439453125,27754.27426301469,24996.23452604781,2758.039736966879,0.9614200183689872,4680350.0,0.9952033501768031,0.01364430807973327,0.17747748174052577
2025-10-17,27399.91015625,27513.08984375,27302.369140625,27302.369140625,4488400,27302.369140625,27188.50390625,26458.8908203125,24915.5271484375,0.0,0.0,0.0,0.0,0.0,0.0,62.727399859075824,649.1685049797779,614.0338868758049,35.134618103973025,26458.8908203125,27850.350172647544,25067.431467977454,2782.91870467009,0.8030912541199845,4693545.0,0.9562920990424082,-0.012496442248141726,0.1854404482391505
2025-10-20,27480.439453125,27768.26953125,27412.44921875,27688.630859375,4283400,27688.630859375,27341.54609375,26571.40986328125,24988.359830729165,0.0,0.0,0.0,0.0,0.0,0.0,68.26652642659555,664.333246606966,624.0937588220372,40.23948778492877,26571.40986328125,27979.21502643614,25163.604700126358,2815.610326309783,0.8967953184622397,4687485.0,0.9137949241437573,0.014147553157768167,0.18477242004276975
2025-10-21,27742.55078125,27969.05078125,27742.55078125,27752.41015625,4293000,27752.41015625,27533.398046875,26670.56240234375,25061.337825520834,0.0,0.0,0.0,0.0,0.0,0.0,75.99955113128942,673.7315123435728,634.0213095263443,39.71020281722849,26670.56240234375,28119.260564133067,25221.86424055443,2897.396323578636,0.8733861830023829,4664825.0,0.9202917579973525,0.0023034471151326397,0.18197062501407774
2025-10-22,27614.109375,27725.830078125,27490.890625,27648.91015625,3944200,27648.91015625,27608.037890625,26774.089453125,25132.746647135416,0.0,0.0,0.0,0.0,0.0,0.0,72.62583929115246,665.1605637059438,640.2491603622643,24.911403343679467,26774.089453125,28189.706962469747,25358.471943780256,2831.235018689491,0.8089890798008886,4559965.0,0.8649627793195781,-0.0037294058215946446,0.17941965450103853
2025-10-23,27457.0703125,27586.849609375,27371.669921875,27532.259765625,3819800,27532.259765625,27584.916015625,26856.6724609375,25201.401302083334,0.0,0.0,0.0,0.0,0.0,0.0,69.39242683595226,641.5598113763917,640.5112905650898,1.0485208113019553,26856.6724609375,28245.2704277569,25468.074494118104,2777.1959336387954,0.7432623843728023,4535120.0,0.8422709873167634,-0.004218986931701196,0.17913598206687675
2025-10-27,28029.880859375,28196.330078125,27993.630859375,27993.630859375,4954700,27993.630859375,27723.168359375,26943.985546875,25281.26982421875,0.0,0.0,0.0,0.0,0.0,0.0,69.88908807298763,652.5625022278728,642.9215328976464,9.640969330226312,26943.985546875,28389.699564822447,25498.27152892755,2891.4280358948963,0.8630196911247177,4544105.0,1.0903577272092084,0.016757472785653427,0.18146455857782492
2025-10-28,28041.009765625,28087.9296875,27885.619140625,27949.109375,5011300,27949.109375,27775.2640625,27031.6044921875,25356.059635416666,0.0,0.0,0.0,0.0,0.0,0.0,65.95779957552975,650.1946629479462,644.3761589077064,5.818504040239759,27031.6044921875,28498.88016459997,25564.32881977503,2934.5513448249403,0.8126559310098397,4579195.0,1.094362655444898,-0.0015904147839432836,0.18133928748832756
2025-10-29,28157.91015625,28395.310546875,28139.650390625,28294.740234375,5040500,28294.740234375,27883.730078125,27145.1490234375,25435.263313802083,0.0,0.0,0.0,0.0,0.0,0.0,64.96720055420778,668.5015849101328,649.2012441081918,19.300340801941047,27145.1490234375,28635.35281079981,25654.945236075193,2980.407574724617,0.8857161083224094,4565295.0,1.1040907542667013,0.012366435536016018,0.18009313239594094
2025-10-30,28350.240234375,28527.6796875,28116.599609375,28287.529296875,5137600,28287.529296875,28011.45390625,27280.50947265625,25516.14912109375,0.0,0.0,0.0,0.0,0.0,0.0,67.60349951202136,674.6511317761178,654.291221641777,20.359910134340794,27280.50947265625,28659.92617452995,25901.09277078255,2758.833403747398,0.8650165402705368,4603655.0,1.115982844066291,-0.0002548508111497316,0.16279113284081356
2025-10-31,28280.470703125,28489.759765625,28233.349609375,28233.349609375,4459700,28233.349609375,28151.671875,27401.15,25597.05595703125,23955.417578125,0.0,0.0,0.0,0.0,0.0,64.14646359174917,667.4587944856394,656.9247362105496,10.53405827508982,27401.15,28659.684031787405,26142.615968212598,2517.0680635748067,0.8306226086683581,4646590.0,0.9597791068288788,-0.0019153205969807408,0.16377562950681074
2025-11-03,28253.529296875,28494.990234375,28150.44921875,28334.58984375,3968500,28334.58984375,28219.863671875,27518.733984375,25674.95595703125,24015.45966796875,0.0,0.0,0.0,0.0,0.0,73.4037749539225,662.2935484163354,657.9984986517068,4.295049764628629,27518.733984375,28652.60935006966,26384.858618680344,2267.7507313893148,0.8597643462670549,4638655.0,0.8555281649529874,0.0035858385836509132,0.16367105792762912
2025-11-04,28364.759765625,28554.609375,28033.619140625,28116.560546875,4218000,28116.560546875,28253.35390625,27605.64248046875,25752.7759765625,24072.01316731771,0.0,0.0,0.0,0.0,0.0,71.3274805354391,633.3065479171237,653.0601085047903,-19.753560587666584,27605.64248046875,28632.94352035388,26578.341440583616,2054.602079770266,0.7486700813927457,4632960.0,0.9104330708661418,-0.007694810409372921,0.1637751342749869
2025-11-05,27785.91015625,27799.08984375,27373.05078125,27717.060546875,4085800,27717.060546875,28137.81796875,27653.44248046875,25814.66416015625,24121.464762369793,0.0,0.0,0.0,0.0,0.0,57.30824236206833,571.5098204842143,636.7500509006751,-65.2402304164608,27653.44248046875,28601.159828857628,26705.725132079875,1895.4346967777528,0.5335638397431186,4639880.0,0.8805831185289275,-0.014208708043573326,0.16921744832527105
2025-11-06,27906.439453125,28061.529296875,27879.69921875,27899.44921875,4125700,27899.44921875,28060.201953125,27687.81748046875,25879.300651041667,24172.874755859375,0.0,0.0,0.0,0.0,0.0,54.44524891999732,531.1301722976423,615.6260751800686,-84.49590288242632,27687.81748046875,28617.816803809044,26757.81815712846,1859.9986466805858,0.6137805872379918,4610455.0,0.8948574489936459,0.006580375706382924,0.16083198284768296
2025-11-07,27818.5390625,27818.5390625,27621.48046875,27651.41015625,4344700,27651.41015625,27943.8140625,27717.20400390625,25937.899153645834,24221.272428385415,0.0,0.0,0.0,0.0,0.0,56.387304950394544,473.6543384215802,587.2317278283709,-113.57738940679076,27717.20400390625,28600.11488039602,26834.293127416477,1765.8217529795438,0.4627403799136135,4603940.0,0.943691707537457,-0.008890464487496197,0.16319327743184325
2025-11-10,27805.470703125,27976.890625,27680.509765625,27869.509765625,4157600,27869.509765625,27850.798046875,27745.58349609375,25999.75166015625,24274.153092447916,0.0,0.0,0.0,0.0,0.0,53.52708631668749,440.6239036435072,557.9101629913982,-117.28625934789102,27745.58349609375,28608.55308632354,26882.61390586396,1725.9391804595798,0.5718022227748454,4534250.0,0.9169322379665876,0.007887467877500054,0.16265346202434092
2025-11-11,28031.5390625,28187.69921875,27784.94921875,27784.94921875,5302400,27784.94921875,27784.47578125,27788.6599609375,26056.667154947918,24326.31075846354,0.0,0.0,0.0,0.0,0.0,50.629401275425394,402.97843215905596,526.9238168249299,-123.94538466587392,27788.6599609375,28559.973061506706,27017.346860368296,1542.6262011384097,0.49759452926132586,4556960.0,1.1635827393701064,-0.0030341598250608337,0.15375747668965659
2025-11-12,27853.470703125,28071.759765625,27799.919921875,27947.08984375,5291300,27947.08984375,27830.481640625,27846.35693359375,26118.483658854166,24377.50392252604,0.0,0.0,0.0,0.0,0.0,55.63973213230253,381.8260649600197,497.9042664519479,-116.07820149192816,27846.35693359375,28460.8092666996,27231.9046004879,1228.9046662117034,0.5819696701671068,4501140.0,1.175546639295823,0.005835555923585645,0.1524732818045379
2025-11-13,27867.58984375,28038.240234375,27811.810546875,27903.560546875,6572900,27903.560546875,27831.30390625,27877.7494140625,26177.968326822916,24429.442252604167,0.0,0.0,0.0,0.0,0.0,57.22251011727376,357.42998076607546,469.80940931477346,-112.379428548698,27877.7494140625,28430.50253775028,27324.99629037472,1105.5062473755606,0.5233477946178269,4607870.0,1.426450833031314,-0.001557560988223461,0.1408625037994621
2025-11-14,27816.44921875,27816.44921875,27383.33984375,27397.5,5171300,27397.5,27780.521875,27865.23095703125,26226.551334635416,24477.319417317707,0.0,0.0,0.0,0.0,0.0,38.6022747726385,293.8734611395812,434.62221967973505,-140.74875854015386,27865.23095703125,28450.300705290585,27280.161208771915,1170.13949651867,0.10027760927408608,4633540.0,1.116058132658831,-0.018136056365454567,0.14851613764755406
2025-11-17,27600.740234375,27723.76953125,27447.310546875,27447.310546875,4781900,27447.310546875,27696.08203125,27872.47802734375,26278.11484375,24526.5755859375,0.0,0.0,0.0,0.0,0.0,40.425221088879034,244.70297273688993,396.63837029116604,-151.9353975542761,27872.47802734375,28431.188957847153,27313.767096840347,1117.4218610068056,0.1195103252359115,4648215.0,1.0287605026875908,0.0018180690528333265,0.1416004511848099
2025-11-18,27310.400390625,27310.400390625,26756.119140625,26756.119140625,5433000,26756.119140625,27490.316015625,27825.85244140625,26330.292838541667,24571.73875325521,0.0,0.0,0.0,0.0,0.0,24.06218432722106,148.25267194860498,346.96123062265383,-198.70855867404885,27825.85244140625,28573.019515072097,27078.6853677404,1494.3341473316977,-0.21585950350619804,4705695.0,1.154558465858922,-0.02518248208944085,0.15841974585213664
2025-11-19,26708.279296875,26902.970703125,26580.119140625,26580.119140625,4448000,26580.119140625,27216.921875,27767.237890625,26373.9259765625,24615.258740234374,0.0,0.0,0.0,0.0,0.0,22.766575991805624,56.956821793130075,288.9603488567491,-232.003527063619,27767.237890625,28699.634112819236,26834.841668430767,1864.7924443884694,-0.13659564557560477,4713445.0,0.9436834417289265,-0.006577934530601293,0.15860647939687977
2025-11-20,27212.91015625,27493.630859375,27183.029296875,27426.359375,4862100,27426.359375,27121.481640625,27756.1103515625,26434.957454427084,24665.917561848957,0.0,0.0,0.0,0.0,0.0,39.72466062549458,52.28599695715093,241.62547847682944,-189.33948151967851,27756.1103515625,28699.697366957033,26812.523336167967,1887.174030789065,0.3252673197157884,4759340.0,1.0215912290359588,0.03183733789520926,0.19891004158173797
2025-11-21,26821.970703125,26821.970703125,26395.98046875,26434.939453125,4006000,26434.939453125,26928.96953125,27701.2443359375,26470.916764322916,24711.1861328125,0.0,0.0,0.0,0.0,0.0,30.281850327756985,-31.056962103313708,187.0889903608008,-218.14595246411452,27701.2443359375,28812.37188357764,26590.116788297357,2222.255095280285,-0.0698287678592443,4768650.0,0.8400700407872249,-0.03614843327615369,0.23601889440727847
2025-11-24,26596.029296875,26764.130859375,26482.330078125,26504.240234375,6156100,26504.240234375,26740.35546875,27626.7748046875,26507.569108072916,24755.99705403646,0.0,0.0,0.0,0.0,0.0,32.73111423503029,-90.47195930620364,131.57680042739992,-222.04875973360356,27626.7748046875,28849.43676229177,26404.112847083226,2445.3239152085443,0.040946472027298016,4828720.0,1.2748927251942543,0.002621560052100236,0.22631138081999297
2025-11-25,26995.900390625,27118.01953125,26793.7109375,26912.169921875,3724900,26912.169921875,26771.565625,27574.92783203125,26547.440266927082,24800.114388020833,0.0,0.0,0.0,0.0,0.0,41.394693452763775,-103.44975173802959,84.57148999431402,-188.0212417323436,27574.92783203125,28827.612035447335,26322.243628615168,2505.3684068321672,0.23546488877686536,4764400.0,0.7818193266728234,0.015391110399419539,0.23520190978471642
2025-11-26,27063.169921875,27409.5390625,27063.169921875,27409.5390625,4016500,27409.5390625,26937.449609375,27530.6677734375,26600.32509765625,24847.906966145834,0.0,0.0,0.0,0.0,0.0,45.09274395812417,-72.76245251950604,53.10470149155,-125.86715401105604,27530.6677734375,28737.998769247206,26323.336777627796,2414.6619916194104,0.44983616284268846,4713200.0,0.8521811083764745,0.018481197988450715,0.2410109187414417
2025-11-27,27517.240234375,27659.060546875,27436.58984375,27554.529296875,3621100,27554.529296875,26963.08359375,27494.0177734375,26655.682259114583,24897.022542317707,0.0,0.0,0.0,0.0,0.0,49.009123107010225,-36.324322440668766,35.21889670510625,-71.54321914577503,27494.0177734375,28647.930493889016,26340.105052985982,2307.825440903034,0.5262201474881785,4637375.0,0.7808512358823688,0.005289772806627235,0.24218492608997777
2025-11-28,27566.119140625,27796.900390625,27566.119140625,27626.48046875,3953500,27626.48046875,27201.391796875,27463.67431640625,26714.928092447917,24945.657470703125,0.0,0.0,0.0,0.0,0.0,47.43774805335899,-1.6222829137659573,27.85066078133181,-29.47294369509777,27463.67431640625,28566.51414204499,26360.83449076751,2205.6796512774818,0.5738122384406089,4612065.0,0.857208213674352,0.00261122848805706,0.24254056041899935
2025-12-01,27674.16015625,27697.060546875,27342.529296875,27342.529296875,3774100,27342.529296875,27369.049609375,27414.0712890625,26770.357259114582,24988.160709635416,0.0,0.0,0.0,0.0,0.0,45.523773389533424,2.933036713166075,22.867135967698665,-19.93409925453259,27414.0712890625,28438.426032136467,26389.716545988533,2048.7094861479345,0.46507948409900585,4602345.0,0.8200384803833698,-0.01027822462568817,0.24407100613964516
2025-12-02,27550.349609375,27741.890625,27477.099609375,27564.26953125,4210100,27564.26953125,27499.46953125,27386.45673828125,26828.090071614584,25030.61212565104,0.0,0.0,0.0,0.0,0.0,46.17293303550509,24.15727407229133,23.1251635886172,1.0321104836741313,27386.45673828125,28359.56944606011,26413.344030502387,1946.2254155577248,0.591362897405045,4601950.0,0.9148513130303458,0.008109719183892139,0.24533888148272964
2025-12-03,27605.630859375,27847.669921875,27605.630859375,27793.0390625,3769000,27793.0390625,27576.16953125,27390.2556640625,26888.309895833332,25076.48894856771,0.0,0.0,0.0,0.0,0.0,48.93457342833248,58.760074791582156,30.252145829210193,28.507928962371963,27390.2556640625,28369.37732158192,26411.13400654308,1958.2433150388388,0.7056860837180696,4586110.0,0.8218293935383146,0.008299495511413513,0.24210547396599524
2025-12-04,27773.419921875,27880.23046875,27636.630859375,27795.7109375,3599700,27795.7109375,27624.405859375,27385.06875,26943.328743489583,25124.178629557293,0.0,0.0,0.0,0.0,0.0,54.2513599580961,85.41404173927003,41.284525011222165,44.12951672804787,27385.06875,28353.87747232319,26416.260027676806,1937.6174446463847,0.711931508272972,4559810.0,0.7894407881030131,9.613468300440076e-05,0.2409473463184749
2025-12-05,27796.4296875,27980.890625,27738.5,27980.890625,3817000,27980.890625,27695.287890625,27401.5427734375,27000.55390625,25173.603548177085,0.0,0.0,0.0,0.0,0.0,55.536550478542885,120.09556878672811,57.04673376632336,63.04883502040475,27401.5427734375,28400.1673233182,26402.9182235568,1997.2490997614004,0.7900729065951921,4533425.0,0.8419682690239719,0.006662167696174004,0.23972288454301002
2025-12-08,28034.0,28303.779296875,28026.390625,28303.779296875,4068700,28303.779296875,27887.537890625,27423.25625,27058.03056640625,25224.37179361979,0.0,0.0,0.0,0.0,0.0,67.38786784551607,171.6565957821731,79.96870616949332,91.68788961267978,27423.25625,28481.810412637344,26364.702087362653,2117.1083252746903,0.9159083578119055,4528980.0,0.8983700524179837,0.011539613810094718,0.24151874436853768
2025-12-09,28364.0390625,28390.240234375,28157.26953125,28182.599609375,4898300,28182.599609375,28011.20390625,27443.13876953125,27107.8640625,25272.920703125,0.0,0.0,0.0,0.0,0.0,68.22830807566902,200.43045558451195,104.06105605249705,96.3693995320149,27443.13876953125,28544.37487782531,26341.902661237193,2202.4722165881176,0.8357412794015512,4508775.0,1.0863926454524788,-0.0042813960011827135,0.2418274838979988
2025-12-10,28190.759765625,28417.08984375,28190.759765625,28400.73046875,4773000,28400.73046875,28132.7421875,27465.82080078125,27160.947721354165,25326.23095703125,0.0,0.0,0.0,0.0,0.0,62.93136251610983,238.09072249563542,130.86698934112474,107.22373315451068,27465.82080078125,28627.774715609245,26303.866885953255,2323.907829655989,0.9023006661615558,4482860.0,1.064722074746925,0.007739912655269743,0.24244486482388372
2025-12-11,28385.23046875,28568.01953125,27984.189453125,28024.75,4248000,28024.75,28178.55,27471.8802734375,27203.449544270832,25376.056038411458,0.0,0.0,0.0,0.0,0.0,75.21881027932739,234.8906010870196,151.6717116903037,83.2188893967159,27471.8802734375,28644.65940157501,26299.10114529999,2345.5582562750205,0.7357092283183961,4366615.0,0.9728359381351459,-0.013238408398111412,0.24751838847388563
2025-12-12,28097.5390625,28272.060546875,28071.33984375,28198.01953125,4802600,28198.01953125,28221.97578125,27511.90625,27250.797200520832,25429.939371744793,0.0,0.0,0.0,0.0,0.0,76.01010873549029,243.5286383613311,170.0430970245092,73.48554133682191,27511.90625,28727.844780024432,26295.967719975568,2431.877060048864,0.7821332099888864,4348180.0,1.1045080930412265,0.0061827324507801595,0.2383339116588376
2025-12-15,28119.7890625,28119.7890625,27684.869140625,27866.939453125,4157000,27866.939453125,28134.6078125,27532.8876953125,27288.085514322916,25477.25753580729,0.0,0.0,0.0,0.0,0.0,65.01610221867807,221.1101298413596,180.2565035878793,40.853626253480286,27532.8876953125,28758.575683969128,26307.199706655872,2451.375977313255,0.6362711231993723,4316935.0,0.9629517238503706,-0.011741252883312847,0.24294593616275434
2025-12-16,27721.099609375,27740.66015625,27355.669921875,27536.66015625,5140200,27536.66015625,28005.419921875,27571.91474609375,27323.059016927084,25519.807958984376,0.0,0.0,0.0,0.0,0.0,52.11020013279936,174.6789313374902,179.1409891378015,-4.4620578003113,27571.91474609375,28741.904408338494,26401.925083849004,2339.97932448949,0.48493380284396775,4302295.0,1.1947576816559533,-0.011852011859090683,0.22814282402829336
2025-12-17,27596.1796875,27780.689453125,27469.599609375,27525.169921875,5499500,27525.169921875,27830.3078125,27619.16728515625,27352.322526041666,25561.748209635418,0.0,0.0,0.0,0.0,0.0,49.49003408819506,135.39396872662837,170.39158505556688,-34.997616328938506,27619.16728515625,28692.875135547896,26545.459434764605,2147.415700783291,0.4562276818377504,4354870.0,1.2628390744155393,-0.0004172704427407581,0.22627679986246121
2025-12-18,27447.44921875,27569.439453125,27350.76953125,27468.529296875,4799900,27468.529296875,27719.063671875,27621.27578125,27383.8251953125,25602.485286458334,0.0,0.0,0.0,0.0,0.0,47.24175213252523,98.5538601998669,156.0240400844269,-57.47017988456,27621.27578125,28693.554083807507,26548.99747869249,2144.5566051150163,0.4287747947474441,4351760.0,1.1029790245785613,-0.0020577756708046735,0.19675060543165618
2025-12-19,27685.740234375,27869.779296875,27672.05078125,27696.349609375,5627700,27696.349609375,27618.7296875,27684.3462890625,27414.0876953125,25647.821370442707,0.0,0.0,0.0,0.0,0.0,56.302191830765224,86.74110653702155,142.16745337494584,-55.426346837924285,27684.3462890625,28599.72863865832,26768.963939466685,1830.7646991916336,0.5065564516935179,4432845.0,1.2695458559909043,0.008293866411184903,0.14423878931419343
2025-12-22,27986.66015625,28168.75,27986.66015625,28149.640625,5026500,28149.640625,27675.269921875,27766.61630859375,27445.792220052084,25694.454036458334,0.0,0.0,0.0,0.0,0.0,59.63202211081116,112.65756452582355,136.2654756051214,-23.60791107929785,27766.61630859375,28516.159947257616,27017.072669929887,1499.0872773277297,0.7555050144171401,4376365.0,1.148555936262172,0.01636645341419163,0.1525647887297422
2025-12-23,28253.140625,28350.369140625,28212.83984375,28310.470703125,4559700,28310.470703125,27830.03203125,27836.53134765625,27481.021223958334,25742.226790364584,0.0,0.0,0.0,0.0,0.0,58.70882272692906,144.50838468626898,137.91405742135092,6.594327264918064,27836.53134765625,28507.20440090383,27165.858294408674,1341.3461064951553,0.8533311448653875,4418105.0,1.0320488082560284,0.00571339720700248,0.1459126449318668
2025-12-24,28383.609375,28486.380859375,28280.58984375,28371.98046875,4612900,28371.98046875,27999.394140625,27884.65341796875,27520.15673828125,25789.385205078124,0.0,0.0,0.0,0.0,0.0,59.51074693451268,172.72267369731708,144.87578067654414,27.84689302077294,27884.65341796875,28564.37933987799,27204.927496059514,1359.451843818475,0.8584731985888825,4447925.0,1.0370903286363866,0.0021726860803557013,0.1332704514004024
2025-12-26,28443.48046875,28590.91015625,28404.33984375,28556.01953125,4511200,28556.01953125,28216.8921875,27934.7279296875,27569.751725260416,25839.456201171874,0.0,0.0,0.0,0.0,0.0,59.495497099105094,207.5407151025829,157.40876756175192,50.13194754083099,27934.7279296875,28658.203634092435,27211.252225282562,1446.951408809873,0.9293797274598355,4492430.0,1.0041781396705125,0.006486648427758146,0.1337576590328998
2025-12-29,28662.7890625,28841.640625,28595.349609375,28810.890625,4440500,28810.890625,28439.800390625,27993.9484375,27619.59091796875,25892.640950520832,0.0,0.0,0.0,0.0,0.0,58.564877277036615,252.78626823944433,176.48426769729042,76.3020005421539,27993.9484375,28800.33536319504,27187.561511804957,1612.773851390084,1.0065447872903943,4516780.0,0.9831118628757655,0.008925301842964695,0.13610988084334852
2025-12-30,28723.8203125,28833.029296875,28553.640625,28707.130859375,5135300,28707.130859375,28551.2984375,28062.178515625,27664.994596354165,25945.514794921874,0.0,0.0,0.0,0.0,0.0,58.91152977279182,277.0771759379604,196.60284934542443,80.47432659253599,28062.178515625,28867.41268229319,27256.94434895681,1610.4683333363791,0.9004750235689346,4584840.0,1.120060896345347,-0.0036014077792848598,0.1299572631112257
2025-12-31,28723.490234375,29009.810546875,28687.900390625,28963.599609375,5689400,28963.599609375,28681.92421875,28132.14501953125,27708.081412760417,25999.15304361979,0.0,0.0,0.0,0.0,0.0,59.43989974063851,313.4099848078731,219.96427643791418,93.44570836995894,28132.14501953125,28996.241773155703,27268.048265906797,1728.1935072489068,0.9811119740677858,4658805.0,1.2212144530625342,0.00893397362684345,0.130463640171058
2026-01-02,29016.6796875,29363.4296875,29007.75,29349.810546875,5945900,29349.810546875,28877.490234375,28209.98359375,27751.22724609375,26054.624381510417,0.0,0.0,0.0,0.0,0.0,72.14664430340822,369.11308665970864,249.7940384822731,119.31904817743555,28209.98359375,29214.51960205115,27205.44758544885,2009.072016602302,1.0673400175333405,4767650.0,1.2471343324279258,0.013334355629436079,0.1345854374426595
2026-01-05,29779.69921875,30339.3203125,29779.69921875,30105.0390625,6274000,30105.0390625,29187.294140625,28325.45,27799.44541015625,26115.907796223957,0.0,0.0,0.0,0.0,0.0,76.68265157883346,468.79485047770504,293.5942008813595,175.20064959634556,28325.45,29618.84645799258,27032.053542007423,2586.7929159851556,1.1879518849394022,4901365.0,1.2800515774687256,0.025731972423427285,0.1567815550250757
2026-01-06,29933.650390625,30576.30078125,29933.650390625,30576.30078125,6867900,30576.30078125,29540.376171875,28455.2205078125,27857.989095052082,26182.252213541666,0.0,0.0,0.0,0.0,0.0,86.47791250200508,579.1442344464704,350.70420759438167,228.4400268520887,28455.2205078125,30081.126167725215,26829.314847899786,3251.8113198254287,1.1522765513809863,5053910.0,1.3589280378954116,0.01565391487357415,0.1619367263522074
2026-01-07,30412.3203125,30570.259765625,30306.16015625,30435.470703125,8350800,30435.470703125,29886.044140625,28561.805078125,27910.21494140625,26245.581640625,0.0,0.0,0.0,0.0,0.0,91.12660765222229,647.7660619852904,410.11657847256345,237.649483512727,28561.805078125,30410.173049808353,26713.437106441645,3696.735943366708,1.0068432405516927,5268015.0,1.5851891082314686,-0.004605857298844995,0.16275946368154284
2026-01-08,30330.580078125,30593.490234375,30268.359375,30360.55078125,8283300,30360.55078125,30165.434375,28670.70263671875,27967.500455729165,26306.562060546876,0.0,0.0,0.0,0.0,0.0,89.51550253607586,688.1711346711418,465.7274897122791,222.44364495886265,28670.70263671875,30675.05161913123,26666.35365430627,4008.6979648249617,0.9215453893905285,5437265.0,1.5234313574931515,-0.002461598922053443,0.16170255365661687
2026-01-09,30370.44921875,30500.419921875,29925.490234375,30288.9609375,6518900,30288.9609375,30353.264453125,28765.11416015625,28025.76396484375,26366.359407552085,0.0,0.0,0.0,0.0,0.0,89.14405542390625,706.2742538304738,513.8368425359181,192.43741129455566,28765.11416015625,30890.168945683046,26640.05937462945,4250.109571053596,0.8585429391567206,5524560.0,1.1799853744008573,-0.002357988966201874,0.1623923165544051
2026-01-12,30472.69921875,30681.990234375,30472.69921875,30567.2890625,5720700,30567.2890625,30445.714453125,28892.24111328125,28080.623600260416,26426.227392578126,0.0,0.0,0.0,0.0,0.0,89.29414827895746,734.6117132421386,557.9918166771622,176.61989656497644,28892.24111328125,31131.92129683454,26652.56092972796,4479.360367106579,0.8739480220254422,5598195.0,1.0218829461996233,0.00918909452108041,0.1512811039313803
2026-01-13,30630.859375,30973.849609375,30529.330078125,30707.220703125,6687400,30707.220703125,30471.8984375,29017.701171875,28131.61279296875,26487.61622721354,0.0,0.0,0.0,0.0,0.0,88.28965705186124,759.6044209992288,598.3143375415756,161.29008345765317,29017.701171875,31371.832929239426,26663.569414510574,4708.263514728853,0.8588413277983683,5692435.0,1.1747872395556558,0.004577823055845309,0.15113667919002752
2026-01-14,30742.529296875,30994.810546875,30742.529296875,30941.779296875,6046100,30941.779296875,30573.16015625,29171.4431640625,28192.26962890625,26553.898388671874,0.0,0.0,0.0,0.0,0.0,88.54258929940562,789.2403685040772,636.4995437340759,152.74082477000127,29171.4431640625,31609.271777999966,26733.614550125036,4875.65722787493,0.8630969221320792,5786890.0,1.0447926260910436,0.007638548470983331,0.138999465058614
2026-01-15,30746.98046875,30877.310546875,30663.869140625,30810.580078125,6569600,30810.580078125,30663.166015625,29335.13916015625,28244.302115885417,26616.330973307293,0.0,0.0,0.0,0.0,0.0,85.00518953435494,792.9991889166631,667.7994727705934,125.1997161460697,29335.13916015625,31750.337372555812,26919.940947756688,4830.396424799124,0.8054492402308423,5858360.0,1.121405990755092,-0.004240196321329548,0.12880629417883316
2026-01-16,30844.630859375,31475.220703125,30844.630859375,31408.69921875,7323000,31408.69921875,30887.113671875,29529.315625,28305.240266927085,26683.28904622396,0.0,0.0,0.0,0.0,0.0,86.59836644773044,834.6203136895856,701.1636409543919,133.4566727351937,29529.315625,31956.234360554565,27102.396889445434,4853.837471109131,0.8871954108344838,5949535.0,1.2308524951950026,0.01941278415104075,0.13545117248246183
2026-01-19,31336.76953125,31827.390625,31285.529296875,31639.2890625,7864700,31639.2890625,31101.513671875,29737.85361328125,28371.74658203125,26752.246614583335,0.0,0.0,0.0,0.0,0.0,86.51434663288576,876.1127458342999,736.1534619303735,139.95928390392635,29737.85361328125,32135.77266170739,27339.934564855113,4795.838096852276,0.8964761551201356,6102775.0,1.288708825083671,0.007341591644532297,0.13148296491209974
2026-01-20,31584.33984375,31759.990234375,31340.099609375,31759.990234375,7884000,31759.990234375,31312.067578125,29941.03564453125,28442.208756510416,26821.805029296876,0.0,0.0,0.0,0.0,0.0,89.24046819518308,908.2654542928722,770.5758604028733,137.68959388999883,29941.03564453125,32298.92113941942,27583.15014964308,4715.770989776342,0.8857173288921586,6215590.0,1.2684234320474805,0.003814914160573224,0.13191549396411859
2026-01-21,31749.140625,31749.140625,31200.759765625,31246.369140625,8417100,31246.369140625,31372.985546875,30095.8720703125,28496.421061197918,26888.845442708334,0.0,0.0,0.0,0.0,0.0,77.52254734353438,882.1330964123481,792.8873076047682,89.24578880757986,30095.8720703125,32363.424754239102,27828.319386385898,4535.105367853204,0.7536869547657364,6385120.0,1.3182367755030446,-0.01617195376823788,0.1502409319655969
2026-01-22,31371.130859375,31890.619140625,31371.130859375,31746.080078125,7642300,31746.080078125,31560.085546875,30267.6525390625,28559.70390625,26957.881770833334,0.0,0.0,0.0,0.0,0.0,78.12133553251044,891.4692087975527,812.6036878433251,78.86552095422758,30267.6525390625,32485.706921981397,28049.598156143602,4436.108765837795,0.8332712557563282,6539250.0,1.1686814237106702,0.015992608141158327,0.15499478127523375
2026-01-23,31788.76953125,32042.439453125,31693.150390625,31961.509765625,7178200,31961.509765625,31670.64765625,30447.12900390625,28620.816731770832,27028.04002278646,0.0,0.0,0.0,0.0,0.0,74.94725846371082,905.8099077170409,831.2449318180683,74.56497589897265,30447.12900390625,32599.250532156006,28295.007475656497,4304.243056499508,0.8518343973238018,6667515.0,1.0765930035402995,0.006786024824792181,0.154431470052586
2026-01-26,32002.560546875,32196.75,31989.859375,32064.51953125,6470200,32064.51953125,31755.69375,30622.55400390625,28683.766569010415,27099.957845052082,0.0,0.0,0.0,0.0,0.0,72.19539761141858,914.940181248352,847.983981704125,66.95619954422705,30622.55400390625,32696.16804004105,28548.93996777145,4147.228072269601,0.8476938095074521,6765465.0,0.9563570279352565,0.0032229317820207104,0.154734638097749
2026-01-27,32095.080078125,32428.169921875,32095.080078125,32317.919921875,7511200,32317.919921875,31867.2796875,30797.90546875,28751.842740885415,27174.449348958333,0.0,0.0,0.0,0.0,0.0,77.16291197518116,931.881136899683,864.7634127432366,67.11772415644646,30797.90546875,32818.93104136071,28776.879896139286,4042.051145221423,0.8760502770782354,6919000.0,1.0855904032374621,0.007902828245345717,0.1545080244716722
2026-01-28,32381.759765625,32803.8203125,32381.759765625,32803.8203125,7408400,32803.8203125,32178.769921875,31002.73994140625,28826.329915364582,27250.642936197917,0.0,0.0,0.0,0.0,0.0,81.5171942568572,973.2955220678232,886.4698346081539,86.82568745966933,31002.73994140625,32960.977516576866,29044.502366235633,3916.4751503412335,0.9598727942743951,7032655.0,1.053428612664776,0.015035014375913036,0.15361947447277038
2026-01-29,32828.01953125,32996.03125,32472.44921875,32536.26953125,7939900,32536.26953125,32336.8078125,31181.3734375,28899.991731770835,27326.383854166666,0.0,0.0,0.0,0.0,0.0,77.59430953191776,973.3079208084782,903.8374518482187,69.4704689602595,31181.3734375,33003.47283940599,29359.274035594004,3644.198803811989,0.8717953291496157,7145180.0,1.1112246297504051,-0.008156086050381428,0.1621198626848065
2026-01-30,32555.51953125,32555.51953125,32004.9609375,32063.75,8004400,32063.75,32357.255859375,31317.07041015625,28972.436555989585,27393.550358072916,0.0,0.0,0.0,0.0,0.0,67.53839645912038,924.5319410234224,907.9763496832595,16.55559134016289,31317.07041015625,32960.29650553261,29673.84431477989,3286.4521907527233,0.7271992855836,7248105.0,1.104343825041166,-0.014522855203057627,0.17479665187277613
2026-02-02,32008.4609375,32008.4609375,31359.94921875,31624.029296875,6128700,31624.029296875,32269.1578125,31393.019921875,29034.512890625,27456.906770833335,0.0,0.0,0.0,0.0,0.0,60.03944720866726,840.7037305035228,894.5218258473121,-53.81809534378931,31393.019921875,32937.84143814191,29848.198405608087,3089.643032533826,0.5747689531015143,7240840.0,0.846407322907287,-0.013713951210479136,0.16712786005523309
2026-02-03,31737.66015625,32293.830078125,31737.66015625,32195.359375,6083600,32195.359375,32244.645703125,31473.9728515625,29110.245377604166,27524.072265625,0.0,0.0,0.0,0.0,0.0,62.78432098986749,811.0218768639606,877.8218360506419,-66.79995918668124,31473.9728515625,33008.241071659875,29939.704631465123,3068.536440194752,0.7350913986185684,7201625.0,0.8447537882075226,0.018066327752278566,0.16984028096763373
2026-02-04,32196.5703125,32380.0,31942.279296875,32289.810546875,5481900,32289.810546875,32141.84375,31566.68984375,29183.917057291666,27591.834358723958,0.0,0.0,0.0,0.0,0.0,65.19948463125446,786.0590151949145,859.4692718794964,-73.4102566845819,31566.68984375,33060.29556451127,30073.084122988726,2987.2114415225406,0.7420721523336039,7058180.0,0.7766733067164623,0.002933689007004636,0.16767027070573337
2026-02-05,32241.640625,32241.640625,31769.080078125,31801.26953125,5843100,31801.26953125,31994.84375,31638.72578125,29250.855729166666,27653.76144205729,0.0,0.0,0.0,0.0,0.0,54.126692388174675,718.5713472254865,831.2896869486946,-112.71833972320803,31638.72578125,33022.3174763492,30255.134086150803,2767.1833901983955,0.5587397823272888,6936170.0,0.8424101485401886,-0.015129881759937458,0.1788173146850106
2026-02-06,31746.439453125,31842.619140625,31164.279296875,31782.919921875,5482300,31782.919921875,31938.677734375,31713.42373046875,29314.78623046875,27716.63494466146,0.0,0.0,0.0,0.0,0.0,51.58036300275632,656.043759923512,796.2405015436581,-140.1967416201461,31713.42373046875,32942.91909494004,30483.928365997454,2458.99072894259,0.5282620794735908,6884340.0,0.7963435855869989,-0.0005770087057992423,0.17830230380196843
2026-02-09,31956.2109375,32666.05078125,31956.2109375,32404.619140625,4854000,32404.619140625,32094.795703125,31805.290234375,29389.803873697918,27783.886100260417,0.0,0.0,0.0,0.0,0.0,56.38849316341226,649.1728669812437,766.8269746311753,-117.65410764993157,31805.290234375,32945.53184040418,30665.048628345816,2280.483212058367,0.7628078571597856,6841005.0,0.7095448695038229,0.0195607961848121,0.1870712911144926
2026-02-10,32439.7109375,33072.96875,32439.7109375,33072.96875,4429000,33072.96875,32270.317578125,31923.57763671875,29484.39501953125,27855.473177083335,0.0,0.0,0.0,0.0,0.0,67.5635831235274,689.7073457147198,751.4030488478843,-61.69570313316444,31923.57763671875,33074.97320211097,30772.18207132653,2302.791130784437,0.9991295553972436,6728085.0,0.6582853813529407,0.020625133919167205,0.19727347666308953
2026-02-11,33086.1484375,33707.828125,33071.671875,33605.7109375,5334200,33605.7109375,32533.49765625,32056.77421875,29587.035026041667,27932.574934895834,0.0,0.0,0.0,0.0,0.0,67.76832545003477,756.1031677057363,752.3430726194547,3.7600950862815807,32056.77421875,33338.87353957662,30774.67489792338,2564.198641653238,1.1040626859357625,6692490.0,0.7970426552747931,0.016108084869157713,0.20170537575654623
2026-02-23,33663.01953125,34212.37890625,33663.01953125,33773.26171875,6847600,33773.26171875,32927.89609375,32204.90830078125,29703.98740234375,28017.14012044271,0.0,0.0,0.0,0.0,0.0,67.47070095100196,812.8720003316848,764.4488581619007,48.423142169784114,32204.90830078125,33563.1117621342,30846.70483942831,2716.40692270589,1.077363209046146,6706390.0,1.0210560375999607,0.004985782968901065,0.19921951735571053
2026-02-24,34020.7109375,34786.421875,33987.51171875,34700.8203125,6653800,34700.8203125,33511.476171875,32369.51435546875,29839.332421875,28106.62919921875,0.0,0.0,0.0,0.0,0.0,71.93384483585683,922.0787855049275,795.9748436305061,126.10394187442137,32369.51435546875,34074.99338091863,30664.03533001886,3410.9580508997715,1.1834754113777983,6672930.0,0.9971331933648337,0.027464288213389976,0.2089322892256745
2026-02-25,34753.30859375,35521.5390625,34753.30859375,35413.0703125,8280600,35413.0703125,34113.16640625,32558.20341796875,29972.444270833334,28203.70086263021,0.0,0.0,0.0,0.0,0.0,73.9247418157487,1053.9493005494369,847.5697350142924,206.37956553514448,32558.20341796875,34702.18208506763,30414.224750869867,4287.957334197763,1.1657871503903976,6693725.0,1.2370690460095088,0.02052545137509143,0.21594961590673512
2026-02-26,35457.76171875,35579.33984375,35171.51953125,35414.48828125,8684700,35414.48828125,34581.4703125,32740.9283203125,30122.10341796875,28296.510091145832,0.0,0.0,0.0,0.0,0.0,71.81362245350908,1145.36895171765,907.129578354964,238.2393733626859,32740.9283203125,35198.462926960645,30283.393713664358,4915.069213296287,1.0439516403359808,6733760.0,1.2897252055315307,4.004083061670549e-05,0.21680938254560966
2026-03-02,35277.48046875,35345.71875,34605.359375,35095.08984375,7852100,35095.08984375,34879.34609375,32933.36435546875,30265.284244791666,28386.426676432293,0.0,0.0,0.0,0.0,0.0,71.1967499037332,1178.4623192800027,961.3961265399719,217.06619274003083,32933.36435546875,35498.52565799763,30368.203052939876,5130.3226050577505,0.9213624862791299,6705510.0,1.1709922138659103,-0.00901886354995296,0.20863745953040394
2026-03-03,35106.21875,35264.58984375,34323.6484375,34323.6484375,8829900,34323.6484375,34989.4234375,33062.2427734375,30388.80888671875,28468.124576822916,0.0,0.0,0.0,0.0,0.0,67.8371705404607,1129.4209159396269,995.0010844199029,134.41983151972397,33062.2427734375,35635.232120445115,30489.25342642989,5145.978694015226,0.7451245407466298,6764890.0,1.3052540396074437,-0.021981462640061733,0.2270227442069776
2026-03-04,34228.75,34228.75,32828.87890625,32828.87890625,7817200,32828.87890625,34615.03515625,33105.61123046875,30479.131217447917,28539.728157552083,0.0,0.0,0.0,0.0,0.0,58.1520577079572,958.8863961180832,987.778146759539,-28.891750641455815,33105.61123046875,35629.24818128878,30581.97427964872,5047.273901640059,0.4451719225840167,6796840.0,1.1501227040801314,-0.0435492612031565,0.28240699276236575
2026-03-05,33620.73828125,34319.6796875,33472.91015625,33672.94140625,5789800,33672.94140625,34267.009375,33186.03232421875,30581.104752604166,28618.393505859374,0.0,0.0,0.0,0.0,0.0,59.64154135788717,881.6818703762183,966.558891482875,-84.87702110665668,33186.03232421875,35672.211891286766,30699.852757150733,4972.359134136033,0.5979231525511668,6762820.0,0.856122150227272,0.025710975461891383,0.2952266804386484
2026-03-06,33483.94140625,33829.48828125,33322.51953125,33599.5390625,5479700,33599.5390625,33904.01953125,33250.11328125,30680.655729166665,28697.791910807293,26323.814697265625,0.0,0.0,0.0,0.0,58.569801902381236,805.2908798191856,934.3052891501371,-129.01440933095148,33250.11328125,35707.986272145565,30792.24029035443,4915.745981791133,0.5710829612726704,6661245.0,0.8226239989671601,-0.002179861357059054,0.295000971348607
2026-03-09,32354.609375,32354.609375,31529.359375,32110.419921875,6749000,32110.419921875,33307.085546875,33215.44326171875,30760.120572916665,28765.238916015624,26378.7191015625,0.0,0.0,0.0,0.0,51.7886276795515,617.4731537224288,870.9388620645956,-253.46570834216675,33215.44326171875,35718.96064506428,30711.92587837322,5007.034766691064,0.27930583841860535,6628275.0,1.0182136377866036,-0.04431963003584727,0.3332674587855936
2026-03-10,32692.369140625,33256.69140625,32455.19921875,32771.87109375,6268300,32771.87109375,32996.730078125,33227.22333984375,30846.913932291667,28837.502001953126,26435.92775390625,0.0,0.0,0.0,0.0,55.32540924760872,516.0511181697293,799.9613132856223,-283.910195115893,33227.22333984375,35719.47662293446,30734.97005675304,4984.506566181419,0.4086464748219536,6544695.0,0.9577680854493601,0.020599268819414984,0.34046698763790834
2026-03-11,33128.48828125,34218.66015625,33128.48828125,34114.19140625,5854600,34114.19140625,33253.792578125,33329.74541015625,30952.266471354167,28920.28818359375,26497.584365234376,0.0,0.0,0.0,0.0,58.54287742678247,537.7881680282153,747.5266842341409,-209.73851620592563,33329.74541015625,35788.954832495794,30870.5359878167,4918.418844679094,0.6594914993753178,6437205.0,0.9094941049725774,0.04095952619427945,0.36397083217379633
2026-03-12,33816.1484375,34019.48046875,33458.640625,33581.859375,7553100,33581.859375,33235.576171875,33427.6369140625,31048.702278645833,28996.015511067708,26556.842412109374,0.0,0.0,0.0,0.0,52.578014646137426,506.2247468429414,699.2662967559011,-193.04154991295968,33427.6369140625,35753.1958725795,31102.077955545505,4651.117917033993,0.5331581490059906,6508425.0,1.1605111835812811,-0.01560441591332784,0.36520648780483955
2026-03-13,33215.78125,33639.1796875,33013.4609375,33400.3203125,6795000,33400.3203125,33195.732421875,33487.8849609375,31139.026106770834,29069.790006510415,26614.62556640625,0.0,0.0,0.0,0.0,48.921110570777245,461.24487914117344,651.6620132329556,-190.41713409178215,33487.8849609375,35740.30858897659,31235.461332898416,4504.847256078177,0.48056212709112256,6543995.0,1.0383565390865976,-0.005405866913823942,0.36207649280735704
2026-03-16,33541.25,33765.80859375,33278.05859375,33342.51171875,6288500,33342.51171875,33442.15078125,33540.52001953125,31223.00498046875,29140.5177734375,26673.718974609375,0.0,0.0,0.0,0.0,47.710936861032486,416.1363784017085,604.5568862667062,-188.42050786499772,33540.52001953125,35723.1813617683,31357.858677294196,4365.322684474104,0.4546406268005024,6584325.0,0.9550713246991909,-0.001730779621546441,0.3623103757500915
2026-03-17,33380.83984375,34008.69921875,33380.83984375,33836.5703125,6564400,33836.5703125,33655.090625,33642.28505859375,31317.237825520835,29212.550944010418,26735.2716796875,0.0,0.0,0.0,0.0,45.18543583896035,415.46474708558526,566.7384584304821,-151.2737113448968,33642.28505859375,35667.6287509206,31616.941366266896,4050.6873846537055,0.5479635270404374,6620390.0,0.9915427943066798,0.014817677741781221,0.35927306763740563
2026-03-18,33929.28125,34423.66015625,33929.28125,34348.578125,7008700,34348.578125,33701.96796875,33770.56796875,31416.368619791665,29288.658170572915,26797.99501953125,0.0,0.0,0.0,0.0,43.934606551809026,451.04782728423015,543.6003322012317,-92.55250491700156,33770.56796875,35617.161542446076,31923.974395053927,3693.187147392149,0.6565071395469575,6696710.0,1.0465885487052597,0.015131788114791656,0.3613162039002058
2026-03-19,34279.12109375,34279.12109375,33663.78125,33689.6796875,6675700,33689.6796875,33723.53203125,33834.82099609375,31510.784114583334,29357.116829427083,26858.08861328125,0.0,0.0,0.0,0.0,40.85720331893846,421.22446402352216,519.1251585656898,-97.90069454216768,33834.82099609375,35567.189004767075,32102.452987420435,3464.7360173466404,0.4581089849653387,6787795.0,0.9834858006171371,-0.019182699065508957,0.3655287807957988
2026-03-20,33719.8515625,33989.1796875,33379.23828125,33543.87890625,7825000,33543.87890625,33752.24375,33858.36650390625,31599.881770833334,29425.339485677083,26917.546806640625,0.0,0.0,0.0,0.0,41.623236989976405,381.4274707819568,491.58562100894324,-110.15815022698644,33858.36650390625,35559.65768502393,32157.07532278857,3402.58236223536,0.40757384710309147,6957595.0,1.124670234470388,-0.00432775801380203,0.35952848424184153
2026-03-23,33334.0,33334.0,32461.08984375,32722.5,5505600,32722.5,33628.24140625,33814.20595703125,31680.807779947918,29484.446647135417,26973.476455078126,0.0,0.0,0.0,0.0,41.399950736249686,280.3776348857791,449.3440237843105,-168.96638889853136,33814.20595703125,35587.44060445777,32040.971309604727,3546.469294853043,0.19217103934449672,6966165.0,0.7903344236032308,-0.02448670019784016,0.3656560223944689
2026-03-24,33062.890625,33361.4609375,32434.5390625,32612.240234375,5184200,32612.240234375,33383.375390625,33756.1548828125,31765.40078125,29544.229899088543,27029.8549609375,0.0,0.0,0.0,0.0,48.63309781621482,189.21669799548545,397.3185586265455,-208.10186063106005,33756.1548828125,35609.25254086872,31903.05722475628,3706.19531611244,0.19135068422745372,6882995.0,0.7531895635548188,-0.003369539785315956,0.3650206590510969
2026-03-25,32725.26953125,33705.75,32725.26953125,33439.109375,4540400,33439.109375,33201.481640625,33693.0693359375,31863.966438802083,29608.144482421874,27090.261904296876,0.0,0.0,0.0,0.0,48.521406640961736,181.59906694331585,354.17466028989963,-172.5755933465838,33693.0693359375,35495.98459356484,31890.15407831016,3605.830515254682,0.4295696345507227,6777325.0,0.6699398361447917,0.02535456425815963,0.36287117119053863
2026-03-26,33575.6015625,33892.55859375,33337.62109375,33337.62109375,5141000,33337.62109375,33131.069921875,33589.296875,31961.784635416665,29672.804915364584,27150.213505859374,0.0,0.0,0.0,0.0,48.34967227761519,165.46540118228586,316.4328084683769,-150.96740728609103,33589.296875,35204.51769385507,31974.076056144928,3230.4416377101443,0.4220924537647926,6620345.0,0.7765456331958531,-0.0030350174734580238,0.3533289502298157
2026-03-27,33267.25,33267.25,32669.390625,33112.58984375,4967400,33112.58984375,33044.812109375,33474.201953125,32052.055305989583,29733.07150065104,27210.762900390626,0.0,0.0,0.0,0.0,57.51111712260848,132.9882083361008,279.7438884419217,-146.7556801058209,33474.201953125,34852.488150451194,32095.9157557988,2756.572394652394,0.36881820696001216,6434480.0,0.7719971155400281,-0.006750069219611743,0.35343251036682627
2026-03-30,33009.6796875,33009.6796875,32326.369140625,32518.16015625,5026000,32518.16015625,33003.944140625,33345.35546875,32124.86396484375,29785.328092447915,27267.719052734374,0.0,0.0,0.0,0.0,48.07917637922234,58.60868663796282,235.51684808112992,-176.9081614431671,33345.35546875,34557.41383376346,32133.297103736542,2424.1167300269153,0.1587642409073133,6293175.0,0.7986429743333056,-0.017951772733723503,0.35681666941455653
2026-03-31,32419.0,32453.380859375,31705.990234375,31722.990234375,5862700,31722.990234375,32826.094140625,33215.32255859375,32181.739290364585,29831.380257161458,27318.2435546875,0.0,0.0,0.0,0.0,30.26108103872636,-63.76613110003382,175.6602522448972,-239.42638334493103,33215.32255859375,34538.396865093935,31892.248252093563,2646.1486130003723,-0.0639639122636581,6144815.0,0.9540889351428806,-0.024453103067768933,0.358611982064068
2026-04-01,31892.330078125,33182.21875,31892.330078125,33174.8203125,4716000,33174.8203125,32773.236328125,33232.61962890625,32261.78662109375,29890.9716796875,27375.7455078125,0.0,0.0,0.0,0.0,47.08281401700559,-43.10165294063336,131.9078712077911,-175.00952414842445,33232.61962890625,34543.41004213015,31921.82921568235,2621.5808264477964,0.4779524949895918,5989755.0,0.7873443905468588,0.045765864674125245,0.3669840887189031
2026-04-02,33218.01953125,33497.578125,32516.939453125,32572.4296875,5332000,32572.4296875,32620.198046875,33177.59404296875,32328.726790364584,29949.2392578125,27430.30435546875,0.0,0.0,0.0,0.0,44.4041948736363,-74.47430078793695,90.63143680864549,-165.10573759658246,33177.59404296875,34502.872631288075,31852.31545464942,2650.5571766386565,0.2716840969127018,5966865.0,0.8936015813999478,-0.018158067453737603,0.36043141436994985
2026-04-07,32671.51953125,33264.21875,32671.51953125,33229.8203125,4475300,33229.8203125,32643.644140625,33159.10810546875,32402.375618489583,30010.983268229167,27487.50201171875,0.0,0.0,0.0,0.0,49.295414835536555,-45.763883280407754,63.35237279083484,-109.11625607124259,33159.10810546875,34469.839619599275,31848.376591338227,2621.4630282610487,0.5269743293225475,5916645.0,0.7563915022787407,0.020182425176967334,0.36845459851125567
2026-04-08,33379.5,34761.37890625,33379.5,34761.37890625,5671700,34761.37890625,33092.287890625,33291.6560546875,32503.279752604165,30084.137174479165,27550.098203125,0.0,0.0,0.0,0.0,55.11820351923378,99.42717362185067,70.56733295703802,28.85984066481265,33291.6560546875,34689.15207640679,31894.1600329682,2794.9920434385895,1.0258415153676963,5862780.0,0.9674079532235561,0.046089884909003676,0.3649330723769419
2026-04-09,34779.9609375,34884.44921875,34617.33984375,34861.16015625,6586300,34861.16015625,33719.921875,33396.1205078125,32601.572428385418,30154.826920572916,27612.053505859374,0.0,0.0,0.0,0.0,52.97242834354867,220.00753531311784,100.45537342825399,119.55216188486385,33396.1205078125,34935.20001061838,31857.04100500662,3078.1590056117566,0.9759467089797852,5878680.0,1.1203705593772753,0.0028704629430582607,0.3597703190438877
2026-04-10,34950.87109375,35417.828125,34950.87109375,35417.828125,6752000,35417.828125,34168.5234375,33461.30234375,32702.7060546875,30226.966650390626,27677.703544921875,0.0,0.0,0.0,0.0,60.141660385524574,356.378681891023,151.6400351208078,204.7386467702152,33461.30234375,35222.781362869064,31699.823324630936,3522.958038238128,1.0553644863247862,5923550.0,1.1398570114205164,0.01596814237549693,0.335205006931164
2026-04-13,35422.91015625,35552.48828125,35261.73046875,35457.2890625,5566000,35457.2890625,34745.4953125,33555.073828125,32791.91022135417,30295.677815755207,27744.625244140625,0.0,0.0,0.0,0.0,61.37079143083575,462.3087583336455,213.77377976337536,248.53497857027017,33555.073828125,35530.28370362466,31579.863952625346,3950.41975099931,0.9815223075709133,5824195.0,0.9556685516195801,0.0011141546387523071,0.32869246483143905
2026-04-14,35584.08984375,36341.44140625,35584.08984375,36296.12109375,7184600,36296.12109375,35358.75546875,33699.8638671875,32887.240559895836,30372.614827473957,27815.85634765625,0.0,0.0,0.0,0.0,71.19293802704533,606.9493078019805,292.4088853710964,314.54042243088406,33699.8638671875,36021.47923502478,31378.248499350222,4643.230735674559,1.0591488716283262,5843675.0,1.2294660466230583,0.023657534273739955,0.33505410791753115
2026-04-15,36369.109375,37064.16015625,36369.109375,36722.140625,7050400,36722.140625,35750.9078125,33868.8453125,32992.018391927086,30451.116666666665,27888.4091015625,0.0,0.0,0.0,0.0,73.4934149811217,747.3393384218798,383.3949759812531,363.9443624406267,33868.8453125,36545.739694053664,31191.95093094634,5353.7887631073245,1.032948802941536,5881770.0,1.1986867898608753,0.011737329455939083,0.33520933341258474
2026-04-16,36759.53125,37135.55078125,36751.08984375,37132.01953125,6694200,37132.01953125,36205.0796875,34033.6177734375,33104.876204427084,30536.188330078126,27962.285546875,0.0,0.0,0.0,0.0,72.16651457329603,881.5117328429187,483.01832735358624,398.4934054893325,34033.6177734375,37082.05626227563,30985.17928459937,6096.876977676264,1.0081948953795863,5888260.0,1.1368723527833349,0.011161628904905463,0.3340453752233
2026-04-17,37145.66015625,37145.66015625,36776.28125,36804.33984375,6808300,36804.33984375,36482.38203125,34156.405859375,33213.46585286458,30619.614908854168,28036.28974609375,0.0,0.0,0.0,0.0,70.25870550460266,950.4471467586263,576.5040912345943,373.94305552403205,34156.405859375,37446.51237766307,30866.299341086935,6580.213036576137,0.9024085496406204,5878240.0,1.1582208280029396,-0.008824720325923185,0.33510285166028114
2026-04-20,36850.23828125,37344.5,36850.23828125,36958.80078125,6458900,36958.80078125,36782.684375,34319.8619140625,33319.991048177086,30700.30732421875,28110.855048828125,0.0,0.0,0.0,0.0,72.66329574032328,1005.9467378976187,662.3926205671992,343.55411733041956,34319.8619140625,37829.818597716214,30809.90523040879,7019.913367307425,0.8759218567393245,5867400.0,1.100811262228585,0.004196813151811751,0.32405192670817795
2026-04-21,37051.25,37781.828125,37051.25,37605.109375,6360500,37605.109375,37044.48203125,34522.9234375,33434.955859375,30783.284326171874,28190.220498046874,0.0,0.0,0.0,0.0,79.79204166212935,1089.5229237569656,747.8186812051525,341.7042425518131,34522.9234375,38303.34536411955,30742.501510880447,7560.843853239105,0.9076510502434838,5794175.0,1.0977404030772284,0.01748727177527587,0.3251191828857588
2026-04-22,37627.19921875,38096.87890625,37623.37890625,37878.46875,6248000,37878.46875,37275.74765625,34780.721875,33550.56735026042,30871.418489583335,28268.66904296875,0.0,0.0,0.0,0.0,88.39677514384148,1164.393071666629,831.1335592974478,333.25951236918127,34780.721875,38743.01816119051,30818.425588809496,7924.592572381018,0.8909029829238475,5831295.0,1.0714601130623644,0.007269208348100964,0.3046121690808057
2026-04-23,37971.69140625,38921.94921875,37164.44140625,37714.1484375,8516700,37714.1484375,37392.1734375,35035.81728515625,33665.62682291667,30954.964469401042,28345.08673828125,0.0,0.0,0.0,0.0,83.73405418962886,1196.6744096680268,904.2417293715637,292.4326802964631,35035.81728515625,39066.625398963886,31005.00917134861,8061.616227615275,0.8322325296469677,5997920.0,1.4199422466455038,-0.004338092798431781,0.3050902446738829
2026-04-24,37862.6484375,38989.94140625,37862.6484375,38932.3984375,5653800,38932.3984375,37817.78515625,35310.48173828125,33791.021809895836,31048.13103841146,28427.28703125,0.0,0.0,0.0,0.0,93.30062508776334,1305.5110772227708,984.4955989418052,321.0154782809657,35310.48173828125,39622.03962083341,30998.923855729085,8623.115765104329,0.9200241302425375,6053590.0,0.9339581967064172,0.03230220091059155,0.31142383726947803
2026-04-27,39858.19140625,40194.921875,39607.73828125,39616.62890625,5805300,39616.62890625,38349.35078125,35624.43212890625,33923.97747395833,31147.86202799479,28512.469775390626,0.0,0.0,0.0,0.0,93.32501999282431,1430.4868390280753,1073.6938469590593,356.792992069016,35624.43212890625,40235.16791636514,31013.696341447354,9221.471574917789,0.9329240452470028,6086805.0,0.9537515987451545,0.01757483474460031,0.31049208153457164
2026-04-28,39531.9296875,40101.23046875,39521.73046875,39521.73046875,5020400,39521.73046875,38732.675,35944.88916015625,34053.33981119792,31247.774283854167,28598.798330078123,0.0,0.0,0.0,0.0,90.1098119859763,1504.5302318780596,1159.8611239428594,344.66910793520015,35944.88916015625,40708.90846919024,31180.86985112226,9528.038618067978,0.8754016384663801,6089455.0,0.8244415961691153,-0.0023954193004298574,0.3079656224884158
2026-04-29,39176.23828125,39548.1796875,38896.30078125,39303.5,5009300,39303.5,39017.68125,36284.15615234375,34187.625325520836,31342.023193359375,28682.5472265625,0.0,0.0,0.0,0.0,86.69779569077069,1527.987095072458,1233.4863181687792,294.5007769036788,36284.15615234375,40986.70155843307,31581.610746254424,9405.090812178649,0.8210329286503456,6088620.0,0.8227315877817962,-0.005521784247846995,0.2964494554770135
2026-04-30,39571.4609375,39848.21875,38926.62890625,38926.62890625,5678600,38926.62890625,39260.17734375,36644.3380859375,34307.30113932292,31433.502522786457,28764.291669921877,0.0,0.0,0.0,0.0,79.8733169397853,1498.8882300387559,1286.5667005427745,212.3215294959814,36644.3380859375,40963.81637743051,32324.8597944445,8638.956582986008,0.7641859347698631,6079415.0,0.9340701366825591,-0.009588741301665205,0.2778596080129684
2026-05-04,39228.390625,40755.51953125,39228.390625,40705.140625,5642100,40705.140625,39614.72578125,37020.8541015625,34453.0283203125,31536.922526041668,28854.25251953125,0.0,0.0,0.0,0.0,84.47158368374974,1600.8842053110493,1349.4302014964294,251.4540038146199,37020.8541015625,41379.56631737609,32662.141885748915,8717.424431627176,0.9226347532271872,6125720.0,0.921050913198775,0.045688819420590665,0.27772975118478493
2026-05-05,40708.3984375,40885.05078125,40522.78125,40769.2890625,6050000,40769.2890625,39845.2578125,37430.6970703125,34598.1078125,31640.93719075521,28945.36146484375,0.0,0.0,0.0,0.0,82.71214038615906,1667.669141574981,1413.0779895121398,254.59115206284127,37430.6970703125,41563.87801849317,33297.51612213183,8266.36189636134,0.9038768244173997,6161620.0,0.9818846342358016,0.001575929637265494,0.2589960214695171
2026-05-06,40983.0390625,41575.83984375,40616.28125,41138.8515625,8107500,41138.8515625,40168.68203125,37826.1486328125,34745.12333984375,31748.483040364583,29038.912119140627,0.0,0.0,0.0,0.0,82.56819954581643,1730.4695145273436,1476.5562945151805,253.91322001216304,37826.1486328125,41776.379352319374,33875.91791330563,7900.461439013743,0.9193049931651774,6343230.0,1.2781343258876,0.009064727604973788,0.25700071229198607
2026-05-07,41259.9609375,42156.05859375,41259.9609375,41933.78125,7835100,41933.78125,40694.73828125,38184.76875,34897.28935546875,31861.809635416666,29136.769677734374,0.0,0.0,0.0,0.0,83.5048938774064,1823.364830065213,1545.9180016251871,277.4468284400259,38184.76875,42263.67978822273,34105.85771177727,8157.82207644546,0.9595604641617076,6451400.0,1.2144805778590693,0.019323088936799904,0.223738239846538
2026-05-08,41886.03125,42038.6015625,41132.25,41603.94140625,7818600,41603.94140625,41230.20078125,38521.9078125,35048.417220052084,31974.204475911458,29232.1543359375,0.0,0.0,0.0,0.0,83.47972847778841,1849.054963477327,1606.545393995615,242.50956948171188,38521.9078125,42558.563804616395,34485.25182038361,8073.311984232787,0.8817557899123848,6513015.0,1.2004578524692482,-0.007865731014896293,0.23109260412160254
2026-05-11,41714.0,42021.78125,41529.25,41790.05859375,6722000,41790.05859375,41447.184375,38840.5193359375,35210.52236328125,32091.479459635415,29327.63837890625,41933.78125,21002.7109375,-0.0034273717267030435,0.9897459293759325,83.55236743472382,1862.9576645725392,1657.827848111,205.12981646153912,38840.5193359375,42851.41352313016,34829.62514874483,8021.788374385331,0.8676909836253844,6511515.0,1.032325042636007,0.0044735470056218585,0.23008179242106486
