Date,Close,High,Low,Open,Volume,MA5,MA20,MA60,MA120,MA200,High_52W,Low_52W,Dist_High_52W,Dist_Low_52W,RSI,MACD,MACD_Signal,MACD_Hist,BB_Mid,BB_Upper,BB_Lower,BB_Width,BB_Pct,Volume_MA20,Volume_Ratio,Daily_Return,Volatility_20
2025-04-14,3262.80810546875,3272.719970703125,3244.73291015625,3251.97802734375,471400,0.0,0.0,0.0,0.0,0.0,0.0,0.0,0.0,0.0,0.0,0.0,0.0,0.0,0.0,0.0,0.0,0.0,0.0,0.0,0.0,0.0,0.0
2025-04-15,3267.662109375,3268.985107421875,3246.3369140625,3260.68505859375,396700,0.0,0.0,0.0,0.0,0.0,0.0,0.0,0.0,0.0,0.0,0.3872139868230988,0.07744279736461977,0.30977118945847903,0.0,0.0,0.0,0.0,0.0,0.0,0.0,0.0014876767953697634,0.0
2025-04-16,3276.00390625,3276.0048828125,3233.791015625,3267.6650390625,429500,0.0,0.0,0.0,0.0,0.0,0.0,0.0,0.0,0.0,0.0,1.3516165592709513,0.3322775497458861,1.0193390095250652,0.0,0.0,0.0,0.0,0.0,0.0,0.0,0.0025528333700926,0.0
2025-04-17,3280.341064453125,3285.9150390625,3258.14501953125,3261.718017578125,382000,0.0,0.0,0.0,0.0,0.0,0.0,0.0,0.0,0.0,0.0,2.4377837127563,0.7533787823479688,1.684404930408331,0.0,0.0,0.0,0.0,0.0,0.0,0.0,0.001323917286804921,0.0
2025-04-18,3276.72998046875,3283.090087890625,3262.39208984375,3270.35302734375,358800,3272.709033203125,0.0,0.0,0.0,0.0,0.0,0.0,0.0,0.0,0.0,2.972924683682322,1.1972879626148396,1.7756367210674826,0.0,0.0,0.0,0.0,0.0,0.0,0.0,-0.0011008257719009595,0.0
2025-04-21,3291.43408203125,3298.639892578125,3270.012939453125,3273.137939453125,379300,3278.434228515625,0.0,0.0,0.0,0.0,0.0,0.0,0.0,0.0,0.0,4.531291954394419,1.8640887609707555,2.6672031934236635,0.0,0.0,0.0,0.0,0.0,0.0,0.0,0.004487431570542988,0.0
2025-04-22,3299.757080078125,3311.153076171875,3288.33203125,3289.166015625,403200,3284.85322265625,0.0,0.0,0.0,0.0,0.0,0.0,0.0,0.0,0.0,6.364539182146018,2.7641788452058083,3.6003603369402097,0.0,0.0,0.0,0.0,0.0,0.0,0.0,0.0025286844091187977,0.0
2025-04-23,3296.35498046875,3312.19189453125,3293.06298828125,3308.15087890625,411600,3288.9234375,0.0,0.0,0.0,0.0,0.0,0.0,0.0,0.0,0.0,7.456921067731855,3.702727289711018,3.754193778020837,0.0,0.0,0.0,0.0,0.0,0.0,0.0,-0.0010310151707575432,0.0
2025-04-24,3297.2880859375,3313.509033203125,3286.236083984375,3295.14892578125,392800,3292.312841796875,0.0,0.0,0.0,0.0,0.0,0.0,0.0,0.0,0.0,8.302232427817671,4.6226283173323495,3.6796041104853217,0.0,0.0,0.0,0.0,0.0,0.0,0.0,0.00028307190041076957,0.0
2025-04-25,3295.06005859375,3305.261962890625,3288.7548828125,3300.39208984375,411000,3295.978857421875,0.0,0.0,0.0,0.0,0.0,0.0,0.0,0.0,0.0,8.692166697582707,5.436535993382421,3.2556307042002857,0.0,0.0,0.0,0.0,0.0,0.0,0.0,-0.0006757150984932903,0.0
2025-04-28,3288.4150390625,3296.931884765625,3279.876953125,3292.055908203125,410700,3295.375048828125,0.0,0.0,0.0,0.0,0.0,0.0,0.0,0.0,0.0,8.368527696214642,6.022934333948865,2.3455933622657765,0.0,0.0,0.0,0.0,0.0,0.0,0.0,-0.0020166611269859525,0.0
2025-04-29,3286.655029296875,3294.98193359375,3277.626953125,3281.445068359375,389000,3292.754638671875,0.0,0.0,0.0,0.0,0.0,0.0,0.0,0.0,0.0,7.879196899637918,6.394186847086677,1.4850100525512415,0.0,0.0,0.0,0.0,0.0,0.0,0.0,-0.0005352152160594814,0.0
2025-04-30,3279.031005859375,3292.199951171875,3277.550048828125,3284.0810546875,435800,3289.28984375,0.0,0.0,0.0,0.0,0.0,0.0,0.0,0.0,0.0,6.797842446910636,6.474917967051469,0.32292447985916706,0.0,0.0,0.0,0.0,0.0,0.0,0.0,-0.002319690800993812,0.0
2025-05-06,3316.114013671875,3316.447998046875,3286.989013671875,3295.25,474400,3293.055029296875,0.0,0.0,0.0,0.0,0.0,0.0,0.0,0.0,0.0,8.831347787258892,6.9462039310929535,1.8851438561659384,0.0,0.0,0.0,0.0,0.0,0.0,0.0,0.011309136066794068,0.0
2025-05-07,3342.6650390625,3356.68798828125,3324.80908203125,3354.97412109375,511200,3302.576025390625,0.0,0.0,0.0,0.0,0.0,0.0,0.0,0.0,80.62058609869165,12.441938352456873,8.045350815365737,4.396587537091136,0.0,0.0,0.0,0.0,0.0,0.0,0.0,0.008006668432134267,0.0
2025-05-08,3351.99609375,3359.73095703125,3327.902099609375,3331.205078125,428400,3315.292236328125,0.0,0.0,0.0,0.0,0.0,0.0,0.0,0.0,81.26387013391354,15.873317791970749,9.610944210686739,6.26237358128401,0.0,0.0,0.0,0.0,0.0,0.0,0.0,0.0027915015649060404,0.0
2025-05-09,3341.9990234375,3351.219970703125,3335.126953125,3350.405029296875,398900,3326.36103515625,0.0,0.0,0.0,0.0,0.0,0.0,0.0,0.0,74.16876182437869,17.583340885841153,11.205423545717622,6.377917340123531,0.0,0.0,0.0,0.0,0.0,0.0,0.0,-0.002982423019865732,0.0
2025-05-12,3369.2451171875,3372.471923828125,3344.26904296875,3352.969970703125,418200,3344.403857421875,0.0,0.0,0.0,0.0,0.0,0.0,0.0,0.0,77.88032052136018,20.896200180060987,13.143578872586296,7.752621307474691,0.0,0.0,0.0,0.0,0.0,0.0,0.0,0.008152633665935438,0.0
2025-05-13,3374.87109375,3386.23388671875,3370.251953125,3386.23388671875,426200,3356.1552734375,0.0,0.0,0.0,0.0,0.0,0.0,0.0,0.0,80.39297519786365,23.702407726898855,15.255344643448808,8.447063083450047,0.0,0.0,0.0,0.0,0.0,0.0,0.0,0.0016698032843618371,0.0
2025-05-14,3403.947998046875,3417.31396484375,3368.077880859375,3374.235107421875,464900,3368.411865234375,3309.9189453125,0.0,0.0,0.0,0.0,0.0,0.0,0.0,81.99573720641224,27.95041560378013,17.794358835515073,10.156056768265056,3309.9189453125,3390.1669223054746,3229.6709683195254,160.4959539859492,1.0858655648260036,419700.0,1.1076959733142722,0.008615708123111077,0.0
2025-05-15,3380.821044921875,3402.865966796875,3378.02099609375,3398.427001953125,424100,3374.17685546875,3315.8195922851564,0.0,0.0,0.0,0.0,0.0,0.0,0.0,71.26208021802664,29.115218499014645,20.05853076821499,9.056687730799656,3315.8195922851564,3398.790834492479,3232.848350077834,165.94248441464515,0.8917107355956444,417335.0,1.0162099991613451,-0.0067941558267839985,0.07136378542548381
2025-05-16,3367.4619140625,3380.2900390625,3356.660888671875,3374.7060546875,395400,3379.26943359375,3320.8095825195314,0.0,0.0,0.0,0.0,0.0,0.0,0.0,67.72467581784943,28.630330345541097,21.772890683680213,6.857439661860884,3320.8095825195314,3403.590033550594,3238.029131488469,165.56090206212502,0.7817835066239528,417270.0,0.947587892731325,-0.003951445723352043,0.07422150412977635
2025-05-19,3367.5830078125,3373.59912109375,3356.64794921875,3365.882080078125,403100,3378.93701171875,3325.388537597656,0.0,0.0,0.0,0.0,0.0,0.0,0.0,67.59348878134624,27.933820548995755,23.005076656743324,4.928743892252431,3325.388537597656,3407.8643492885244,3242.9127259067877,164.95162338173668,0.755799060049991,415950.0,0.9691068638057458,3.595994641969469e-05,0.07429270870962076
2025-05-20,3380.47802734375,3387.803955078125,3369.962890625,3371.68896484375,405500,3380.0583984375,3330.3953857421875,0.0,0.0,0.0,0.0,0.0,0.0,0.0,70.29485876571397,28.098450379848146,24.02375140136429,4.074698978483855,3330.3953857421875,3413.5122206557767,3247.2785508285983,166.23366982717835,0.8012785656091804,417125.0,0.9721306562780941,0.0038291615978982563,0.07479374659124052
2025-05-21,3387.573974609375,3394.75390625,3380.208984375,3380.208984375,412500,3376.78359375,3335.9375854492187,0.0,0.0,0.0,0.0,0.0,0.0,0.0,73.50926525116952,28.473282076151463,24.91365753632173,3.559624539829734,3335.9375854492187,3418.7691010870403,3253.106069811397,165.66303127564333,0.8116953055999467,419810.0,0.9825873609490008,0.002099095810778273,0.0741692271251813
2025-05-22,3380.18896484375,3390.593017578125,3376.23291015625,3381.864990234375,394200,3376.657177734375,3340.3753295898437,0.0,0.0,0.0,0.0,0.0,0.0,0.0,71.59954400868683,27.853354197921362,25.50159686864166,2.351757329279703,3340.3753295898437,3422.676172099148,3258.0744870805393,164.6016850186088,0.7418786615053855,420555.0,0.937332810215073,-0.0021800290771440967,0.07459098140888341
2025-05-23,3348.3720703125,3389.468994140625,3348.3720703125,3376.868896484375,400200,3372.839208984375,3342.8060791015623,0.0,0.0,0.0,0.0,0.0,0.0,0.0,64.40337419735017,24.512138727323418,25.303705240378015,-0.7915665130545975,3342.8060791015623,3422.8977647522966,3262.714393450828,160.18337130146847,0.5347476218390291,420405.0,0.951939201484283,-0.009412756169009273,0.08357376558474333
2025-05-26,3346.839111328125,3362.306884765625,3336.35498046875,3346.56103515625,347600,3368.6904296875,3345.330285644531,0.0,0.0,0.0,0.0,0.0,0.0,0.0,57.48804055501345,21.4927493800692,24.541514068316253,-3.0487646882470543,3345.330285644531,3422.3823520270134,3268.278219262049,154.10413276496456,0.5097909488634162,417205.0,0.8331635526899246,-0.0004578221751300182,0.08343689287066397
2025-05-27,3340.68701171875,3351.572021484375,3332.489990234375,3346.5029296875,344100,3360.7322265625,3347.5002319335936,0.0,0.0,0.0,0.0,0.0,0.0,0.0,49.46470997085041,18.391433547939414,23.31149796424089,-4.920064416301475,3347.5002319335936,3421.2283000555226,3273.7721638116645,147.45613624385805,0.45379493598271514,414770.0,0.8296164139161463,-0.0018381820591709674,0.08394044637862776
2025-05-28,3339.931884765625,3348.23388671875,3336.72705078125,3341.85205078125,341600,3351.20380859375,3349.7438232421873,0.0,0.0,0.0,0.0,0.0,0.0,0.0,46.576291572612554,15.691800662710648,21.78755850393484,-6.0957578412241915,3349.7438232421873,3419.3696157973714,3280.1180306870033,139.25158511036807,0.4295380482108802,411300.0,0.8305373206904936,-0.00022603941957932694,0.08386016224498126
2025-05-29,3363.446044921875,3368.633056640625,3337.4150390625,3340.40087890625,393200,3347.855224609375,3353.4953735351564,0.0,0.0,0.0,0.0,0.0,0.0,0.0,55.65277822463885,15.273653193441532,20.48477744183618,-5.211124248394647,3353.4953735351564,3417.0263286348727,3289.96441843544,127.06191019943253,0.5783135667568862,410425.0,0.9580313090089542,0.0070403112900310205,0.08611548012293234
2025-05-30,3347.487060546875,3361.27490234375,3341.64794921875,3358.80908203125,385600,3347.67822265625,3356.536975097656,0.0,0.0,0.0,0.0,0.0,0.0,0.0,43.902445699397774,13.498904676851907,19.087602888839324,-5.588698211987417,3356.536975097656,3411.8928707494592,3301.181079445853,110.71179130360633,0.41825699463207855,410255.0,0.9399032309173563,-0.0047448313907383355,0.08846758922933341
2025-06-03,3361.97607421875,3366.9970703125,3340.06689453125,3340.06689453125,398100,3350.705615234375,3360.684228515625,0.0,0.0,0.0,0.0,0.0,0.0,0.0,46.55727575166602,13.110417275265263,17.892165766124513,-4.7817484908592505,3360.684228515625,3402.3185297451587,3319.049927286091,83.26860245906755,0.515514199409178,408370.0,0.97485123784803,0.004328325519952214,0.08837383862259286
2025-06-04,3376.202880859375,3379.639892578125,3363.39111328125,3363.39111328125,386500,3357.8087890625,3363.688671875,0.0,0.0,0.0,0.0,0.0,0.0,0.0,41.95463491299361,13.791542293498878,17.072041071599386,-3.280498778100508,3363.688671875,3400.128997588474,3327.2483461615266,72.88065142694722,0.6717082482015327,403975.0,0.9567423726715762,0.0042316799187605,0.08096487969260815
2025-06-05,3384.09912109375,3387.764892578125,3371.14599609375,3378.217041015625,406300,3366.642236328125,3365.7603759765625,0.0,0.0,0.0,0.0,0.0,0.0,0.0,51.042655132515904,14.79791818353533,16.617216493986575,-1.819298310451245,3365.7603759765625,3401.8779223727447,3329.6428295803803,72.23509279236441,0.7538758435574489,398730.0,1.0189852782584707,0.0023387931688410024,0.07676727477467166
2025-06-06,3385.35791015625,3391.450927734375,3379.763916015625,3384.294921875,380100,3371.024609375,3367.428466796875,0.0,0.0,0.0,0.0,0.0,0.0,0.0,56.166859042741144,15.518168299706304,16.39740685513052,-0.8792385554242159,3367.428466796875,3403.948753415907,3330.908180177843,73.0405732380641,0.7454723801367534,396315.0,0.9590855758676811,0.0003719716880199453,0.07634181740515548
2025-06-09,3399.77197265625,3402.050048828125,3383.073974609375,3388.778076171875,427300,3381.481591796875,3370.3171142578126,0.0,0.0,0.0,0.0,0.0,0.0,0.0,60.097477889796686,17.05546134457245,16.529017753018906,0.5264435915535444,3370.3171142578126,3407.5016722826394,3333.1325562329857,74.36911604965371,0.8960630428722832,397735.0,1.0743334129508342,0.004257766204500024,0.07627937518135207
2025-06-10,3384.81591796875,3406.451904296875,3365.6669921875,3402.012939453125,481600,3386.049560546875,3371.095654296875,0.0,0.0,0.0,0.0,0.0,0.0,0.0,51.343398235013034,16.872453397877052,16.597704881990538,0.2747485158865146,3371.095654296875,3408.8336083264703,3333.35770026728,75.47590805919026,0.6817833534516317,400905.0,1.2012820992504458,-0.004399134650143854,0.07333688229080353
2025-06-11,3402.31591796875,3413.512939453125,3385.45703125,3385.45703125,424100,3391.27216796875,3372.4678955078125,0.0,0.0,0.0,0.0,0.0,0.0,0.0,54.28903445405251,17.93280382826788,16.864724671246005,1.0680791570218737,3372.4678955078125,3412.6975456887203,3332.2382453269047,80.45930036181562,0.8709704450153991,400800.0,1.05813373253493,0.005170148221975257,0.07526866497374349
2025-06-12,3402.657958984375,3408.205078125,3388.865966796875,3397.971923828125,409500,3394.983935546875,3372.4033935546877,0.0,0.0,0.0,0.0,0.0,0.0,0.0,56.81650187016257,18.58648559887206,17.209076856771215,1.3774087421008439,3372.4033935546877,3412.4241183088534,3332.382668800522,80.04144950833143,0.8779862260796558,398030.0,1.0288169233474864,0.00010053182122748971,0.06875168646251667
2025-06-13,3376.99609375,3401.552978515625,3370.592041015625,3397.48388671875,510100,3393.311572265625,3372.2121459960936,0.0,0.0,0.0,0.0,0.0,0.0,0.0,59.02065662969483,16.83971727396647,17.13520494021027,-0.2954876662437975,3372.2121459960936,3412.0998356278387,3332.3244563643484,79.77537926349032,0.5599677218462292,402330.0,1.2678646881912858,-0.007541711668849205,0.06977366461528613
2025-06-16,3388.72900390625,3389.756103515625,3368.8759765625,3369.365966796875,405400,3391.102978515625,3373.275500488281,0.0,0.0,0.0,0.0,0.0,0.0,0.0,62.40387020471544,16.215219627043552,16.951207877576927,-0.7359882505333744,3373.275500488281,3413.7594398925817,3332.7915610839805,80.9678788086012,0.6908596797308987,402830.0,1.0063798624730036,0.003474362963571398,0.06923978001447831
2025-06-17,3387.405029296875,3393.31298828125,3376.419921875,3388.179931640625,390000,3391.62080078125,3374.2666015625,0.0,0.0,0.0,0.0,0.0,0.0,0.0,64.2406904938031,15.435535808027907,16.648073463667124,-1.212537655639217,3374.2666015625,3415.132500087555,3333.400703037445,81.73179705010989,0.6607505060270942,402175.0,0.9697271088456517,-0.0003906994651531326,0.06927986296730479
2025-06-18,3388.80908203125,3391.708984375,3369.986083984375,3386.135986328125,378700,3388.91943359375,3374.683154296875,0.0,0.0,0.0,0.0,0.0,0.0,0.0,64.84014676994923,14.760773081819934,16.270613387297686,-1.509840305477752,3374.683154296875,3415.98317213827,3333.3831364554794,82.6000356827908,0.671016000387166,400835.0,0.9447777763917822,0.00041449213254152184,0.06802337244411515
2025-06-19,3362.10791015625,3386.9189453125,3353.93603515625,3384.29296875,415300,3380.809423828125,3373.4098510742188,0.0,0.0,0.0,0.0,0.0,0.0,0.0,49.601427617771925,11.933890875169254,15.403268884872002,-3.469378009702748,3373.4098510742188,3414.6066112815424,3332.213090866895,82.39352041464736,0.36282973635392995,400975.0,1.0357254192904795,-0.007879219875967514,0.07321888270057937
2025-06-20,3359.89501953125,3370.798095703125,3357.7060546875,3358.9130859375,350200,3377.389208984375,3372.395153808594,0.0,0.0,0.0,0.0,0.0,0.0,0.0,54.025424735654035,9.40657147964339,14.203929403826281,-4.797357924182892,3372.395153808594,3413.8875096608813,3330.9027979563066,82.98471170457469,0.3493682267418207,398775.0,0.8781894552065701,-0.0006581854848606294,0.07291776608750096
2025-06-23,3381.58203125,3389.451904296875,3347.65087890625,3349.4599609375,384600,3375.959814453125,3374.0556518554686,0.0,0.0,0.0,0.0,0.0,0.0,0.0,56.07680875600447,9.049298569207167,13.17300323690246,-4.123704667695293,3374.0556518554686,3414.1340465431185,3333.9772571678186,80.15678937529992,0.5938957192912628,397995.0,0.9663437982889233,0.00645466944433748,0.06819080208632938
2025-06-24,3420.56591796875,3423.783935546875,3380.080078125,3380.080078125,461000,3382.5919921875,3377.7419921875,0.0,0.0,0.0,0.0,0.0,0.0,0.0,61.920743987834626,11.776083707321504,12.893619330986269,-1.1175356236647644,3377.7419921875,3420.736488403915,3334.747495971085,85.98899243282995,0.9980163689509697,403665.0,1.1420360942861036,0.011528298399533288,0.07845318811313505
2025-06-25,3455.97412109375,3459.009033203125,3417.410888671875,3419.091064453125,509400,3396.025,3383.50634765625,0.0,0.0,0.0,0.0,0.0,0.0,0.0,66.82570309035128,16.60283944992034,13.635463354773083,2.967376095147255,3383.50634765625,3435.5450789498045,3331.4676163626955,104.07746258710904,1.1962868966634106,411930.0,1.2366178719685383,0.01035156286244776,0.08412215997020436
2025-06-26,3448.452880859375,3462.751953125,3446.18603515625,3451.718994140625,496500,3413.293994140625,3388.9323974609374,0.0,0.0,0.0,0.0,0.0,0.0,0.0,64.34959128398239,19.595294563459902,14.827429596510449,4.767864966949453,3388.9323974609374,3444.361096874626,3333.5036980472487,110.85739882737744,1.0369103373155701,419675.0,1.183058318937273,-0.002176301086419752,0.08499811475658826
2025-06-27,3424.22705078125,3462.626953125,3421.0400390625,3450.68603515625,523100,3426.160400390625,3391.9714477539064,0.0,0.0,0.0,0.0,0.0,0.0,0.0,55.32416561424993,19.783957628365897,15.818735202881538,3.9652224254843595,3391.9714477539064,3448.1760743987948,3335.766821109018,112.40925328977664,0.7869479342960678,426170.0,1.2274444470516461,-0.007025130084447495,0.08770807911154437
2025-06-30,3444.426025390625,3447.4599609375,3420.112060546875,3423.47412109375,457300,3438.72919921875,3396.818395996094,0.0,0.0,0.0,0.0,0.0,0.0,0.0,62.6881819891973,21.317626578219006,16.91851347794903,4.399113100269975,3396.818395996094,3453.587223861942,3340.0495681302455,113.53765573169676,0.9193113649179249,429755.0,1.0640946585845423,0.005898842077299404,0.08673787112865534
2025-07-01,3457.7470703125,3459.5869140625,3441.0380859375,3445.845947265625,444400,3446.1654296875,3401.6069458007814,0.0,0.0,0.0,0.0,0.0,0.0,0.0,62.012380297338765,23.338930603031258,18.202596902965475,5.136333700065784,3401.6069458007814,3462.039658995706,3341.174232605857,120.86542638984884,0.9644845609574351,432070.0,1.0285370426088365,0.003867420819515077,0.08654971515222053
2025-07-02,3454.7919921875,3461.327880859375,3447.9560546875,3458.1708984375,498100,3445.92900390625,3405.5364013671874,0.0,0.0,0.0,0.0,0.0,0.0,0.0,61.17134866435156,24.42086991047063,19.446251504466506,4.974618406004122,3405.5364013671874,3469.1503788731575,3341.9224238612173,127.22795501194014,0.8871444040392013,437650.0,1.1381240717468297,-0.0008546252993377745,0.08624036532210501
2025-07-03,3461.15087890625,3463.6201171875,3446.97412109375,3456.152099609375,438500,3448.468603515625,3409.3889892578127,0.0,0.0,0.0,0.0,0.0,0.0,0.0,69.65910335261803,25.49750426382934,20.656502056339075,4.841002207490266,3409.3889892578127,3476.7584663296625,3342.019512185963,134.73895414369963,0.8841642528495853,439260.0,0.9982698174202067,0.001840599009471422,0.08616854685456551
2025-07-04,3472.319091796875,3497.22509765625,3455.493896484375,3459.592041015625,500200,3458.08701171875,3413.7370483398436,0.0,0.0,0.0,0.0,0.0,0.0,0.0,69.57884203002143,26.941362927805585,21.913474230632378,5.027888697173207,3413.7370483398436,3485.6480507651563,3341.826045914531,143.8220048506255,0.9073232292776368,445265.0,1.1233759671207033,0.003226733904808654,0.0864264015868757
2025-07-07,3473.126953125,3474.801025390625,3462.7919921875,3467.985107421875,436600,3463.827197265625,3417.4047973632814,0.0,0.0,0.0,0.0,0.0,0.0,0.0,70.12683130393312,27.830011925156214,23.096781769537145,4.733230155619069,3417.4047973632814,3493.667850534423,3341.14174419214,152.52610634228313,0.865328645029371,445730.0,0.9795167478069683,0.0002326575717173096,0.08576738520973672
2025-07-08,3497.47509765625,3499.885986328125,3474.632080078125,3474.632080078125,493500,3471.772802734375,3423.0377563476563,0.0,0.0,0.0,0.0,0.0,0.0,0.0,73.0323729094221,30.151397889389045,24.507704993507527,5.643692895881518,3423.0377563476563,3505.5520185478454,3340.5234941474673,165.02852440037805,0.951057425247923,446325.0,1.1056965215930097,0.007010438967496535,0.08565906671013312
2025-07-09,3493.050048828125,3512.6689453125,3491.200927734375,3498.72412109375,523900,3479.4244140625,3427.574462890625,0.0,0.0,0.0,0.0,0.0,0.0,0.0,80.64804793616435,31.273546554399672,25.86087330568596,5.412673248713713,3427.574462890625,3515.1158021214205,3340.0331236598295,175.08267846159106,0.8739695240713169,451315.0,1.1608300189446397,-0.0012652123902441303,0.08519836662607742
2025-07-10,3509.681884765625,3526.590087890625,3491.4970703125,3491.4970703125,564200,3489.130615234375,3432.9256591796875,3371.749332682292,0.0,0.0,0.0,0.0,0.0,0.0,82.84205353634735,33.12308530913015,27.313315706374798,5.809769602755349,3432.9256591796875,3526.90174726775,3338.949571091625,187.95217617612525,0.9083816806351864,459050.0,1.2290600152488835,0.00476140785417023,0.08590934683248527
2025-07-11,3510.177001953125,3555.218017578125,3506.799072265625,3511.364990234375,664200,3496.702197265625,3439.5847045898436,3375.872147623698,0.0,0.0,0.0,0.0,0.0,0.0,81.08420723394964,34.234179604185556,28.69748848593695,5.536691118248605,3439.5847045898436,3535.723250815423,3343.446158364264,192.27709245115875,0.8671383650713682,466755.0,1.4230163576180224,0.0001410718132743849,0.07917400870303268
2025-07-14,3519.64990234375,3532.117919921875,3513.2509765625,3513.2509765625,572100,3506.006787109375,3446.130749511719,3380.071944173177,0.0,0.0,0.0,0.0,0.0,0.0,77.93641877920311,35.47023494225141,30.052037777199843,5.418197165051566,3446.130749511719,3545.464916900298,3346.79658212314,198.66833477715772,0.8700597426077439,475090.0,1.2041928897682543,0.0026986959305339564,0.07902336194666136
2025-07-15,3504.9990234375,3527.0380859375,3483.3798828125,3519.804931640625,572100,3507.511572265625,3452.01044921875,3383.8885294596353,0.0,0.0,0.0,0.0,0.0,0.0,65.65480014219872,34.86570408420039,31.014771038599953,3.850933045600435,3452.01044921875,3550.6271030259,3353.3937954116004,197.23330761429952,0.7686593601233672,484195.0,1.1815487561829427,-0.004162595517381962,0.0815722828136033
2025-07-16,3503.777099609375,3511.805908203125,3489.136962890625,3502.89892578125,470900,3509.656982421875,3457.7588500976562,3387.6124633789063,0.0,0.0,0.0,0.0,0.0,0.0,68.40683351907387,33.89726343038774,31.59126951695751,2.3059939134302283,3457.7588500976562,3554.2438115258715,3361.273888669441,192.96992285643046,0.7384736897360035,488805.0,0.9633698509630629,-0.0003486231579392651,0.0817790161415925
2025-07-17,3516.824951171875,3517.284912109375,3499.18603515625,3500.3720703125,472200,3511.085595703125,3465.4947021484377,3391.614046223958,0.0,0.0,0.0,0.0,0.0,0.0,83.28375183627048,33.79307428574384,32.03163047071478,1.761443815029061,3465.4947021484377,3554.183674712791,3376.8057295840845,177.37794512870641,0.7893834912007401,491650.0,0.9604393369266755,0.0037239388213237135,0.07376523297366813
2025-07-18,3534.48291015625,3536.013916015625,3518.23095703125,3519.47509765625,493500,3515.94677734375,3474.2240966796876,3395.664860026042,0.0,0.0,0.0,0.0,0.0,0.0,82.97271350701962,34.73495046706057,32.572294469983945,2.1626559970766266,3474.2240966796876,3552.9591876414643,3395.489005717911,157.47018192355335,0.882668088271644,498815.0,0.9893447470505097,0.005020994570255954,0.07353731377978444
2025-07-21,3559.791015625,3560.6279296875,3542.568115234375,3542.81591796875,633600,3523.975,3483.1345458984374,3399.9987589518228,0.0,0.0,0.0,0.0,0.0,0.0,84.34671136968741,37.09592796312609,33.477021168612374,3.6189067945137126,3483.1345458984374,3557.964166168998,3408.304925627877,149.6592405411211,1.0122067267567008,511265.0,1.239279043157658,0.007160341728072339,0.07407545062546544
2025-07-22,3581.861083984375,3584.718994140625,3547.251953125,3561.632080078125,716200,3539.347412109375,3491.1993041992187,3404.7571940104167,0.0,0.0,0.0,0.0,0.0,0.0,87.89379036191946,40.283526292550505,34.8383221934,5.4452040991505015,3491.1993041992187,3572.1525485659868,3410.2460598324506,161.9064887335362,1.059963843909063,524025.0,1.3667286866084634,0.006199821355383772,0.06767820653529388
2025-07-23,3582.298095703125,3613.02197265625,3577.593994140625,3588.8779296875,767700,3555.051611328125,3497.5155029296875,3409.507360839844,0.0,0.0,0.0,0.0,0.0,0.0,87.45054709516543,42.356722200090644,36.34200219473813,6.014720005352515,3497.5155029296875,3586.23631978886,3408.794686070515,177.44163371834475,0.977805523972554,536940.0,1.4297686892390211,0.00012200688650487734,0.06097654065264136
2025-07-24,3605.72705078125,3608.72802734375,3577.113037109375,3578.912109375,773300,3572.83203125,3505.3792114257812,3414.6851440429687,0.0,0.0,0.0,0.0,0.0,0.0,88.33481358010661,45.36729977262803,38.14706171031611,7.220238062311921,3505.3792114257812,3603.2028022330574,3407.555620618505,195.6471816145522,1.012902044012392,550780.0,1.404008860161952,0.006540202532622219,0.061279922463519425
2025-07-25,3593.655029296875,3610.029052734375,3586.219970703125,3604.449951171875,697200,3584.666455078125,3513.8506103515624,3419.7724772135416,0.0,0.0,0.0,0.0,0.0,0.0,82.52806523495204,46.245997868908944,39.76684894203468,6.479148926874267,3513.8506103515624,3611.4281808015485,3416.2730399015763,195.15514089997214,0.9089280896070574,559485.0,1.246146009276388,-0.003348013123111837,0.054972042096666396
2025-07-28,3597.93701171875,3606.27392578125,3582.14892578125,3594.23095703125,594200,3592.295654296875,3521.526159667969,3424.9605102539062,0.0,0.0,0.0,0.0,0.0,0.0,80.40584276437711,46.74899927293791,41.163279008215326,5.585720264722582,3521.526159667969,3620.2538920941697,3422.798427241768,197.45546485240175,0.8869776514304616,566330.0,1.0492115904154822,0.001191539640551742,0.053545716588438895
2025-07-29,3609.7109375,3611.35302734375,3585.944091796875,3595.81005859375,610600,3597.865625,3529.1243530273437,3430.4718424479165,0.0,0.0,0.0,0.0,0.0,0.0,83.8048465760286,47.549567110234875,42.44053662861924,5.109030481615633,3529.1243530273437,3630.538736330217,3427.7099697244703,202.82876660574675,0.8973133881408879,574640.0,1.0625783098983712,0.003272410201429654,0.05333944747272742
2025-07-30,3615.717041015625,3636.1669921875,3593.73388671875,3608.35400390625,637200,3604.5494140625,3537.17060546875,3435.465226236979,0.0,0.0,0.0,0.0,0.0,0.0,82.74209793077661,48.11403658389099,43.575236619673596,4.538799964217397,3537.17060546875,3639.2864494853725,3435.054761452128,204.2316880332446,0.884594752671293,581595.0,1.0956077682923684,0.0016638738169392209,0.05218947008801503
2025-07-31,3573.2080078125,3606.375,3562.60693359375,3604.696044921875,654500,3598.04560546875,3542.7734619140624,3439.307609049479,0.0,0.0,0.0,0.0,0.0,0.0,65.45341797821948,44.61694265008009,43.7835778257549,0.8333648243251943,3542.7734619140624,3639.480476986928,3446.066446841197,193.41403014573098,0.6573543856949802,592395.0,1.1048371441352476,-0.011756736691758585,0.0722031449879669
2025-08-01,3559.951904296875,3581.74609375,3550.04296875,3568.260986328125,509600,3591.30498046875,3547.1551025390627,3442.7735392252603,0.0,0.0,0.0,0.0,0.0,0.0,59.70095048476251,40.31113210638796,43.08908868188151,-2.7779565754935547,3547.1551025390627,3638.196420230477,3456.1137848476483,182.0826353828288,0.5702801875140373,592865.0,0.8595548733691482,-0.003709860575326629,0.07430355905271092
2025-08-04,3583.30908203125,3583.30908203125,3547.1630859375,3547.1630859375,458600,3588.37939453125,3552.664208984375,3446.795373535156,0.0,0.0,0.0,0.0,0.0,0.0,68.09146183262078,38.341498341777424,42.1395706138607,-3.7980722720832745,3552.664208984375,3637.9999736889354,3467.3284442798144,170.67152940912092,0.679554687023092,593965.0,0.7720993661242666,0.006561093622130976,0.07650889460212768
2025-08-05,3617.597900390625,3617.597900390625,3586.968994140625,3588.80810546875,499800,3589.956787109375,3558.6703491210938,3450.9345865885416,0.0,0.0,0.0,0.0,0.0,0.0,72.81022612072036,39.096688186300526,41.53099412834867,-2.434305942048141,3558.6703491210938,3644.5582655406597,3472.782432701528,171.7758328391319,0.8430491373290713,594280.0,0.8410177020932894,0.009569037326787821,0.07940452708926338
2025-08-06,3633.9951171875,3634.31298828125,3613.989990234375,3615.80810546875,512500,3593.61240234375,3565.7176025390627,3455.2533203125,0.0,0.0,0.0,0.0,0.0,0.0,73.1704019983566,40.55085492365379,41.33496628740969,-0.7841113637559047,3565.7176025390627,3652.063307514652,3479.3718975634733,172.69140995117868,0.8953729642235848,593710.0,0.8632160482390393,0.0045326255842597085,0.07919797428123741
2025-08-07,3639.6669921875,3645.116943359375,3622.52197265625,3637.781005859375,535500,3606.90419921875,3572.2168579101562,3459.1819702148437,0.0,0.0,0.0,0.0,0.0,0.0,71.83525314325796,41.6804986076354,41.404072751454834,0.27642585618056614,3572.2168579101562,3660.352773048612,3484.0809427717004,176.27183027691171,0.8826484025910191,592275.0,0.9041408129669495,0.0015607822292258433,0.0785254092550243
2025-08-08,3635.1279296875,3645.366943359375,3625.450927734375,3634.85400390625,526400,3621.939404296875,3578.464404296875,3463.420418294271,0.0,0.0,0.0,0.0,0.0,0.0,67.11507444375175,41.728465185026835,41.46895123816924,0.2595139468575951,3578.464404296875,3665.794311527189,3491.1344970665605,174.6598144606287,0.8244222236553198,585385.0,0.8992372541148134,-0.001247109284927217,0.07907447554707087
2025-08-11,3647.547119140625,3656.85205078125,3629.626953125,3637.052978515625,551400,3634.78701171875,3584.859265136719,3468.088505045573,0.0,0.0,0.0,0.0,0.0,0.0,65.60694513409038,42.2812123438016,41.63140345929572,0.6498088845058803,3584.859265136719,3672.7842645839532,3496.9342656894846,175.84999889446863,0.8564848131812657,584350.0,0.943612560965175,0.0034164380713259668,0.07922810872713826
2025-08-12,3665.91796875,3669.0380859375,3647.9619140625,3647.9619140625,536600,3644.451025390625,3592.9052124023438,3473.060754394531,0.0,0.0,0.0,0.0,0.0,0.0,68.30779559403173,43.69792005989984,42.04470677941655,1.6532132804832926,3592.9052124023438,3679.500989783552,3506.3094350211354,173.19155476241667,0.921572266890973,582575.0,0.9210831223447625,0.005036494117642398,0.07673869541137768
2025-08-13,3683.465087890625,3688.6279296875,3666.547119140625,3668.657958984375,613500,3654.34501953125,3601.889611816406,3478.1105387369794,0.0,0.0,0.0,0.0,0.0,0.0,67.46996941802065,45.70966444059695,42.777698311652635,2.9319661289443175,3601.889611816406,3686.8196982813806,3516.9595253514317,169.86017292994893,0.9802507537053016,589705.0,1.0403506838164844,0.004786555315804852,0.07658990924123892
2025-08-14,3666.443115234375,3704.77099609375,3662.570068359375,3685.52197265625,647800,3659.700244140625,3609.3705200195313,3482.7583577473956,0.0,0.0,0.0,0.0,0.0,0.0,66.00157149665735,45.407031427932,43.30356493490851,2.1034664930234896,3609.3705200195313,3688.940676551653,3529.80036348741,159.14031306424295,0.8586306581646495,598485.0,1.0823997259747529,-0.004621184740479789,0.0804725744976918
2025-08-15,3696.77099609375,3702.2548828125,3658.3759765625,3659.81494140625,678500,3672.028857421875,3617.4849243164062,3488.0347249348956,0.0,0.0,0.0,0.0,0.0,0.0,69.49493392919058,47.07178487484907,44.05720892289662,3.0145759519524518,3617.4849243164062,3697.993851007075,3536.9759976257374,161.01785338133777,0.9924054700286664,607735.0,1.1164405538598239,0.008271744550831794,0.08283159230501445
2025-08-18,3728.027099609375,3745.93896484375,3702.3798828125,3712.4951171875,776000,3688.124853515625,3625.896728515625,3494.3623087565106,0.0,0.0,0.0,0.0,0.0,0.0,71.67212692484162,50.33301267211482,45.31236967274026,5.020642999374559,3625.896728515625,3715.6494073917984,3536.1440496394516,179.50535775234675,1.068954444438068,614855.0,1.2620861829211765,0.008454974232553925,0.08396710291390952
2025-08-19,3727.2880859375,3746.6689453125,3718.14697265625,3728.485107421875,696100,3700.398876953125,3633.168078613281,3500.703125,0.0,0.0,0.0,0.0,0.0,0.0,70.83871026579905,52.255557432077694,46.70100722460775,5.554550207469944,3633.168078613281,3731.0911952987153,3535.244961927847,195.8462333708685,0.980581146260232,613850.0,1.1339903885314002,-0.000198231840093821,0.0831180256754277
2025-08-20,3766.2099609375,3767.429931640625,3704.990966796875,3716.68505859375,679800,3716.9478515625,3642.363671875,3507.795174153646,0.0,0.0,0.0,0.0,0.0,0.0,86.53758693747157,56.271198683535204,48.615045516393245,7.656153167141959,3642.363671875,3753.783842300655,3530.9435014493447,222.84034085131043,1.0557624287831735,609455.0,1.1154227957765546,0.010442411239111493,0.08794980185921664
2025-08-21,3771.09912109375,3787.98095703125,3757.991943359375,3770.676025390625,691600,3737.879052734375,3650.632275390625,3514.9812947591145,0.0,0.0,0.0,0.0,0.0,0.0,91.2804367561747,59.1661076117166,50.72525793545792,8.44084967625868,3650.632275390625,3774.458840087852,3526.8057106933984,247.65312939445357,0.9864337712896438,605370.0,1.1424418124452813,0.0012981645226792793,0.08673245050782946
2025-08-22,3825.759033203125,3825.759033203125,3772.277099609375,3772.277099609375,698100,3763.67666015625,3662.2374755859373,3522.6865112304686,0.0,0.0,0.0,0.0,0.0,0.0,92.23130289677204,65.12027588483807,53.60426152533395,11.516014359504112,3662.2374755859373,3805.55251126125,3518.9224399106247,286.63007135062526,1.0704968667333234,605415.0,1.1530933326726296,0.014494424663523908,0.0942340963083376
2025-08-25,3883.56201171875,3883.56201171875,3839.971923828125,3848.1630859375,885500,3794.783642578125,3676.5187255859373,3531.62109375,0.0,0.0,0.0,0.0,0.0,0.0,92.81950457167878,73.65417494468511,57.61424420920419,16.039930735480922,3676.5187255859373,3847.1720312581438,3505.865419913731,341.3066113444129,1.106619617818579,619980.0,1.428271879738056,0.015108891598755392,0.10294278551773883
2025-08-26,3868.382080078125,3888.597900390625,3859.758056640625,3871.470947265625,734600,3823.00244140625,3689.452282714844,3540.0611938476563,0.0,0.0,0.0,0.0,0.0,0.0,87.88415931054348,78.28997966189809,61.749391299742975,16.540588362155113,3689.452282714844,3877.1445528346608,3501.760012595027,375.3845402396337,0.9766573424919425,626180.0,1.1731451020473347,-0.003908765096274802,0.10656647308217607
2025-08-27,3800.35009765625,3887.197998046875,3800.35009765625,3869.612060546875,858600,3829.83046875,3698.683935546875,3547.1303141276044,0.0,0.0,0.0,0.0,0.0,0.0,71.61421387811723,75.60277416552617,64.52006787289962,11.082706292626554,3698.683935546875,3889.246435562559,3508.1214355311913,381.12500003136756,0.7667528031510157,637250.0,1.3473519027069438,-0.01758667603498487,0.1302195787796852
2025-08-28,3843.596923828125,3845.0869140625,3761.422119140625,3796.7109375,788400,3844.330029296875,3712.2033813476564,3554.788610839844,0.0,0.0,0.0,0.0,0.0,0.0,75.39735369192871,76.0857329252076,66.83320088336122,9.25253204184638,3712.2033813476564,3903.6476829327516,3520.759079762561,382.88860317019044,0.8431638899473356,643945.0,1.2243281646724486,0.011379695307162985,0.12221556642546325
2025-08-29,3857.927001953125,3867.60595703125,3839.2060546875,3842.822998046875,739500,3850.763623046875,3727.1021362304687,3562.664762369792,0.0,0.0,0.0,0.0,0.0,0.0,75.51137258524258,76.74018567367284,68.81459784142353,7.925587832249306,3727.1021362304687,3915.0031607321607,3539.2011117287766,375.8020490033841,0.8481217467268078,655440.0,1.1282497253753203,0.0037282988848705845,0.11905996206175332
2025-09-01,3875.531005859375,3879.044921875,3853.657958984375,3869.74609375,747700,3849.157421875,3741.713232421875,3570.5940795898437,0.0,0.0,0.0,0.0,0.0,0.0,75.4657436326372,77.78270952697312,70.60822017853346,7.174489348439664,3741.713232421875,3927.9741024299674,3555.452362413783,372.5217400161846,0.8592213797551792,669895.0,1.11614506751058,0.004563073354508118,0.11871266862934056
2025-09-02,3858.133056640625,3885.31396484375,3828.677001953125,3877.0859375,762600,3847.1076171875,3753.739990234375,3578.482698567708,0.0,0.0,0.0,0.0,0.0,0.0,71.22798543023877,76.32521848259967,71.7516198393467,4.573598643252964,3753.739990234375,3937.3003243930434,3570.1796560757066,367.1206683173368,0.7843562768738884,683035.0,1.1164874420783708,-0.00448917817776362,0.12037022452021867
2025-09-03,3813.556884765625,3868.387939453125,3794.884033203125,3865.285888671875,645700,3849.748974609375,3762.7180786132812,3585.3367146809896,0.0,0.0,0.0,0.0,0.0,0.0,66.75693383077603,70.75757254632254,71.55281038074187,-0.7952378344193392,3762.7180786132812,3939.0404431646366,3586.395714061926,352.6447291027107,0.6441643726864612,689695.0,0.936210933818572,-0.01155381922307619,0.1311591593296364
2025-09-04,3765.8759765625,3808.39599609375,3732.840087890625,3807.757080078125,710200,3834.20478515625,3769.028527832031,3591.390348307292,0.0,0.0,0.0,0.0,0.0,0.0,57.5720383462613,61.78549746840508,69.59934779827452,-7.813850329869439,3769.028527832031,3935.5707331398135,3602.486322524249,333.0844106155646,0.490535278238468,698430.0,1.0168520825279554,-0.012503001697339422,0.14151125671287867
2025-09-05,3812.513916015625,3817.158935546875,3745.30908203125,3761.8798828125,626200,3825.12216796875,3777.8978271484375,3598.6489786783854,0.0,0.0,0.0,0.0,0.0,0.0,58.955590819832324,57.77239111053268,67.23395646072616,-9.461565350193482,3777.8978271484375,3932.9093877369687,3622.8862665599063,310.0231211770624,0.6116564749612858,703420.0,0.8902220579454664,0.012384353532453929,0.14589478224212543
2025-09-08,3826.841064453125,3833.14306640625,3803.60302734375,3811.6689453125,660100,3815.3841796875,3786.8625244140626,3605.9508463541665,0.0,0.0,0.0,0.0,0.0,0.0,60.25712683028673,55.11275106321909,64.80971538122475,-9.696964318005655,3786.8625244140626,3930.4500851272123,3643.274963700913,287.1751214262995,0.6392131039779453,708855.0,0.9312200661630375,0.0037579268569525315,0.14593058486550725
2025-09-09,3807.2919921875,3834.6708984375,3791.72412109375,3816.656982421875,600200,3805.215966796875,3793.9312255859377,3612.9489624023436,0.0,0.0,0.0,0.0,0.0,0.0,54.4087563090028,50.84145180195992,62.016062665371784,-11.174610863411864,3793.9312255859377,3925.898556426372,3661.9638947455032,263.9346616808689,0.5506214928968373,712035.0,0.8429360916247095,-0.005108409765749888,0.1479675720520475
2025-09-10,3812.220947265625,3826.99609375,3794.056884765625,3806.583984375,534500,3804.948779296875,3800.3690185546875,3620.005826822917,0.0,0.0,0.0,0.0,0.0,0.0,54.41265004215248,47.30879550034615,59.07460923236666,-11.765813732020511,3800.3690185546875,3921.786853643699,3678.951183465676,242.83567017802307,0.5488063747067882,708085.0,0.7548528778324636,0.0012946091574377316,0.14759374454552698
2025-09-11,3875.30908203125,3875.30908203125,3796.43505859375,3806.055908203125,617000,3826.835400390625,3810.8123168945312,3628.5591796875,0.0,0.0,0.0,0.0,0.0,0.0,55.22258859567004,49.03458498323016,57.06660438253936,-8.032019399309199,3810.8123168945312,3918.9296962351004,3702.694937553962,216.23475868113837,0.7982719592817472,706545.0,0.8732635571690409,0.01654891876371334,0.15442534301419947
2025-09-12,3870.597900390625,3892.738037109375,3866.5390625,3875.507080078125,700600,3838.452197265625,3819.503662109375,3637.0708943684895,0.0,0.0,0.0,0.0,0.0,0.0,48.46138021157797,49.45207980352279,55.54369946673605,-6.091619663213258,3819.503662109375,3916.3840551717303,3722.6232690470197,193.76078612471065,0.7636975174547844,707650.0,0.9900374478909065,-0.001215691843127975,0.153652363880009
2025-09-15,3860.50390625,3879.737060546875,3855.971923828125,3876.096923828125,644800,3845.184765625,3826.1275024414062,3645.0529256184896,0.0,0.0,0.0,0.0,0.0,0.0,49.05356900889444,48.41040151414654,54.11703987621816,-5.706638362071615,3826.1275024414062,3914.4071460119694,3737.847858870843,176.55928714112633,0.694701759194614,701090.0,0.91971073613944,-0.0026078643146079106,0.1528332063040651
2025-09-16,3861.864990234375,3876.68994140625,3838.64794921875,3865.97998046875,673400,3856.099365234375,3832.85634765625,3652.40791015625,0.0,0.0,0.0,0.0,0.0,0.0,58.79957169469067,47.15116281308474,52.72386446359148,-5.572701650506744,3832.85634765625,3909.11152052362,3756.6011747888797,152.51034573474044,0.6902077032105776,699955.0,0.9620618468330107,0.00035256640517089544,0.15275058390927826
2025-09-17,3876.341064453125,3882.6689453125,3848.946044921875,3854.072998046875,663400,3868.923388671875,3838.362902832031,3659.414025878906,0.0,0.0,0.0,0.0,0.0,0.0,55.10410672804382,46.78203114379903,51.535497799633,-4.753466655833968,3838.362902832031,3910.127548624355,3766.5982570397073,143.52929158464758,0.7646021672769112,699135.0,0.9488868387364386,0.00374846719275701,0.14955303539420423
2025-09-18,3831.656005859375,3899.958984375,3800.9951171875,3876.05908203125,876000,3860.1927734375,3841.3907470703125,3665.800744628906,0.0,0.0,0.0,0.0,0.0,0.0,46.258947084436,42.395076801195955,49.707413599945596,-7.312336798749641,3841.3907470703125,3905.954856622397,3776.826637518228,129.12821910416915,0.4246118216566835,708355.0,1.2366680548594984,-0.011527638525805073,0.15653163514036522
2025-09-19,3820.089111328125,3843.169921875,3811.903076171875,3830.444091796875,682300,3850.091015625,3841.1072509765627,3672.398445638021,0.0,0.0,0.0,0.0,0.0,0.0,41.96681877675192,37.5521542989286,47.2763617397422,-9.7242074408136,3841.1072509765627,3906.009269365205,3776.2052325879204,129.80403677728464,0.33807791983746993,707565.0,0.964293033148898,-0.0030187716521425934,0.1484075977503697
2025-09-22,3828.575927734375,3831.739990234375,3806.201904296875,3822.010009765625,568300,3843.705419921875,3838.357946777344,3678.8009440104165,0.0,0.0,0.0,0.0,0.0,0.0,45.60383456189404,34.0069080141875,44.622470994631264,-10.615562980443762,3838.357946777344,3900.277667023203,3776.438226531485,123.83944049171805,0.4210104712669052,691705.0,0.8215930201458714,0.0022216278623143904,0.13762732980518363
2025-09-23,3821.8330078125,3838.60595703125,3774.528076171875,3830.137939453125,701900,3835.6990234375,3836.0304931640626,3684.86904296875,0.0,0.0,0.0,0.0,0.0,0.0,51.38704648584066,30.303853546457958,41.758747504996606,-11.454893958538648,3836.0304931640626,3896.684872202722,3775.376114125403,121.308758077319,0.3829640532421263,690070.0,1.0171431883721942,-0.0017612083576634685,0.13716884008458022
2025-09-24,3853.64208984375,3854.923095703125,3804.327880859375,3804.48291015625,602100,3831.159228515625,3838.6950927734374,3691.5165445963544,0.0,0.0,0.0,0.0,0.0,0.0,65.53578559241608,29.59473361501523,39.32594472700033,-9.731211111985104,3838.6950927734374,3897.4006129140125,3779.9895726328623,117.41104028115024,0.6273048687283416,677245.0,0.889043108476253,0.008322991079470654,0.12481265907110947
2025-09-25,3853.302001953125,3866.10595703125,3840.458984375,3852.430908203125,590000,3835.488427734375,3839.1803466796873,3698.0523966471355,0.0,0.0,0.0,0.0,0.0,0.0,58.635451103957465,28.674763881270337,37.19570855785434,-8.520944676584001,3839.1803466796873,3898.2159833251785,3780.144710034196,118.07127329098239,0.619602803287921,667325.0,0.8841269246618964,-8.825103180221117e-05,0.118297708643225
2025-09-26,3828.10595703125,3856.60595703125,3828.10595703125,3839.85498046875,551300,3837.091796875,3837.6892944335937,3703.982177734375,0.0,0.0,0.0,0.0,0.0,0.0,50.2560144368226,25.617271031933342,34.880021052670145,-9.262750020736803,3837.6892944335937,3896.2356694992145,3779.142919367973,117.0927501312417,0.41815601400048996,657915.0,0.8379501911341131,-0.006538819150199937,0.11978598592125009
2025-09-29,3862.531982421875,3881.001953125,3809.534912109375,3828.166015625,608500,3843.8830078125,3837.039343261719,3710.4722615559895,0.0,0.0,0.0,0.0,0.0,0.0,60.545510643712255,25.67610035740927,33.03923691361797,-7.363136556208701,3837.039343261719,3894.086297053957,3779.9923894694807,114.09390758447626,0.7234355865251509,650955.0,0.9347804379719028,0.00899296565378327,0.12318504234921498
2025-09-30,3882.777099609375,3887.570068359375,3866.281005859375,3869.705078125,569700,3856.071826171875,3838.2715454101562,3716.8939615885415,0.0,0.0,0.0,0.0,0.0,0.0,62.72526965429298,27.044581680276224,31.840305866949624,-4.7957241866734,3838.2715454101562,3898.227348640165,3778.3157421801475,119.91160646001754,0.8711530143995798,641310.0,0.8883379332927913,0.00524141088789265,0.12346995698245071
2025-10-09,3933.971923828125,3936.575927734375,3885.743896484375,3898.306884765625,725200,3872.13779296875,3844.2922973632812,3724.2426595052084,0.0,0.0,0.0,0.0,0.0,0.0,61.05447763322669,31.892470897348176,31.850738873029336,0.04173202431883993,3844.2922973632812,3916.6911575120357,3771.893437214527,144.79772029750893,1.1193441877432282,645285.0,1.1238445028165849,0.01318510512073967,0.12307083065666818
2025-10-10,3897.028076171875,3933.0048828125,3886.304931640625,3915.47509765625,718900,3880.8830078125,3850.84990234375,3730.6984293619794,3551.2238810221356,0.0,0.0,0.0,0.0,0.0,54.44103318078367,32.380140175782344,31.95661913357994,0.4235210422024025,3850.84990234375,3916.8155638311823,3784.8842408563173,131.931322974865,0.8500167571035262,645720.0,1.113330855479155,-0.00939097898296648,0.11876683918684264
2025-10-13,3889.501953125,3895.830078125,3800.10498046875,3800.10498046875,709500,3893.16220703125,3854.6993041992187,3737.0205118815106,3556.446329752604,0.0,0.0,0.0,0.0,0.0,54.91492319915255,31.79283831126304,31.923862969116563,-0.1310246578535228,3854.6993041992187,3920.229450965825,3789.1691574326123,131.06029353321264,0.7655468562405232,649885.0,1.0917316140547944,-0.0019312468116134962,0.11245241482779446
2025-10-14,3865.22900390625,3918.43603515625,3851.12109375,3910.781982421875,800800,3893.701611328125,3856.618701171875,3742.780163574219,3561.426053873698,0.0,0.0,0.0,0.0,0.0,50.529079603461,29.034086333733285,31.34590764203991,-2.3118213083066266,3856.618701171875,3920.9509996848924,3792.2864026588572,128.66459702603515,0.5669205277390813,656920.0,1.2190221031480242,-0.006240631708450017,0.11480438345494016
2025-10-15,3912.208984375,3912.291015625,3857.6669921875,3867.535888671875,645000,3899.58798828125,3861.86455078125,3749.5669962565103,3566.7277628580728,0.0,0.0,0.0,0.0,0.0,55.117908901465405,30.289488937634815,31.134623901158896,-0.8451349635240817,3861.86455078125,3926.371324977515,3797.3577765849845,129.01354839253054,0.89022594309619,659160.0,0.978518113963226,0.012154514110618297,0.11981556862871572
2025-10-16,3916.22802734375,3931.050048828125,3899.1669921875,3900.68310546875,595500,3896.039208984375,3867.064904785156,3756.4411783854166,3572.0268208821612,0.0,0.0,0.0,0.0,0.0,63.651668788202414,31.248494531502274,31.157398027227575,0.09109650427469873,3867.064904785156,3931.490079964728,3802.6397296055843,128.8503503591437,0.8815521061562787,662210.0,0.8992615635523474,0.001027307841887204,0.11982206220061536
2025-10-17,3839.7548828125,3921.06494140625,3835.364990234375,3912.0400390625,617600,3884.5845703125,3865.2871948242187,3761.8233439127603,3576.7186950683595,0.0,0.0,0.0,0.0,0.0,52.6245103744255,25.54332220475726,30.034582862733515,-4.491260657976255,3865.2871948242187,3930.70895359467,3799.865436053767,130.84351754090312,0.3048637602258938,662240.0,0.9325924136264798,-0.019527245093314716,0.12741247220567026
2025-10-20,3863.89306640625,3877.720947265625,3850.366943359375,3865.552001953125,549300,3879.46279296875,3864.951953125,3767.313513183594,3581.489186604818,0.0,0.0,0.0,0.0,0.0,54.5242725491165,22.707918962452823,28.569250082677378,-5.8613311202245555,3864.951953125,3930.32782704841,3799.5760792015894,130.75174784682076,0.4919015482681003,654675.0,0.8390422728834918,0.006286386587278647,0.12956365290045097
2025-10-21,3916.33203125,3919.318115234375,3868.14501953125,3870.7490234375,599400,3889.6833984375,3867.743359375,3773.2558634440106,3586.6273111979167,0.0,0.0,0.0,0.0,0.0,60.8369590171737,24.41083476912354,27.737567019966612,-3.3267322508430723,3867.743359375,3936.973428235459,3798.5132905145415,138.46013772091737,0.8509217358489914,652405.0,0.9187544546715614,0.013571536256960393,0.13780213068505695
2025-10-22,3913.758056640625,3918.592041015625,3893.324951171875,3896.072998046875,543100,3889.993212890625,3870.3380126953125,3778.787479654948,3591.7723368326824,0.0,0.0,0.0,0.0,0.0,57.38946044199618,25.26151060586244,27.24235573714578,-1.9808451312833384,3870.3380126953125,3942.469419370038,3798.206606020587,144.26281334945088,0.8009787687978545,645890.0,0.8408552539906176,-0.0006572411605645367,0.13788773945536623
2025-10-23,3922.409912109375,3926.217041015625,3877.529052734375,3904.158935546875,565200,3891.22958984375,3872.641455078125,3784.4560099283854,3596.9816853841144,0.0,0.0,0.0,0.0,0.0,58.32464791714701,26.330290565420455,27.05994270280072,-0.7296521373802634,3872.641455078125,3948.4296548666307,3796.8532552896195,151.57639957701122,0.8283390895287844,640980.0,0.8817747823645044,0.0022106260385896803,0.1375449510634115
2025-10-24,3950.31201171875,3950.31201171875,3928.9599609375,3929.114990234375,567900,3913.341015625,3878.574255371094,3790.199092610677,3602.4421183268228,0.0,0.0,0.0,0.0,0.0,64.6254321397433,29.093402006102224,27.46663456346102,1.6267674426412029,3878.574255371094,3959.2715314798124,3797.8769792623752,161.3945522174372,0.9444868513957878,625575.0,0.9078048195659992,0.007113509356386993,0.13147991161220096
2025-10-27,3996.945068359375,3999.06689453125,3963.10205078125,3969.219970703125,637600,3939.951416015625,3887.4170532226562,3796.9205932617188,3608.34653523763,0.0,0.0,0.0,0.0,0.0,65.6296770706293,34.64670008046278,28.902647666861373,5.7440524136014055,3887.4170532226562,3979.13684972081,3795.6972567245025,183.4395929963075,1.0970794709450415,623340.0,1.0228767606763565,0.01180490465114814,0.1351139319699165
2025-10-28,3988.22412109375,4010.72802734375,3976.8330078125,3986.89111328125,577400,3954.329833984375,3895.399462890625,3803.4253784179687,3614.1929443359377,0.0,0.0,0.0,0.0,0.0,62.59914389845331,37.90705235023461,30.70352860353602,7.203523746698586,3895.399462890625,3993.1476729243536,3797.651252856896,195.49642006745762,0.9748151304816621,623795.0,0.9256246042369689,-0.002181903207692737,0.13604867113195282
2025-10-29,4016.3310546875,4016.3310546875,3986.94091796875,3990.264892578125,612900,3974.84443359375,3905.124365234375,3810.2023803710936,3620.3371114095053,0.0,0.0,0.0,0.0,0.0,60.41515769558273,42.271618747417506,33.01714663231232,9.254472115105187,3905.124365234375,4010.461754760295,3799.786975708455,210.67477905184023,1.027859528100693,619345.0,0.9895938451105604,0.007047480969058828,0.13634310150312076
2025-10-30,3986.90087890625,4025.705078125,3984.827880859375,4007.821044921875,668500,3987.742626953125,3911.7873046875,3816.388777669271,3625.927001953125,0.0,0.0,0.0,0.0,0.0,61.585505175598996,42.86171664588073,34.98606063502601,7.875656010854726,3911.7873046875,4020.2259024171312,3803.348706957869,216.8771954592621,0.8463415047377557,622665.0,1.07361101073611,-0.00732762697609346,0.13880428060329913
2025-10-31,3954.7900390625,3986.742919921875,3951.73095703125,3985.06396484375,675600,3988.638232421875,3916.861706542969,3822.7484781901044,3631.028043619792,0.0,0.0,0.0,0.0,0.0,57.91462551290278,40.27404297029307,36.04365710207942,4.230385868213645,3916.861706542969,4023.2558382197135,3810.4675748662244,212.78826335348913,0.6782444760896224,626945.0,1.0776064886074537,-0.008054085320666204,0.143010360442253
2025-11-03,3976.52099609375,3977.304931640625,3937.02099609375,3954.077880859375,641200,3984.55341796875,3924.2824584960936,3829.691296386719,3636.2324178059894,0.0,0.0,0.0,0.0,0.0,63.575168910870325,39.52122349510046,36.73917038068363,2.7820531144168257,3924.2824584960936,4025.172106423394,3823.3928105687933,201.7792958546006,0.7588894830677917,631440.0,1.0154567338147726,0.00549484468621797,0.14057664532304787
2025-11-04,3960.18603515625,3985.882080078125,3938.52001953125,3973.4580078125,615500,3978.94580078125,3929.1651611328125,3835.972578938802,3641.3839762369794,0.0,0.0,0.0,0.0,0.0,56.32500144837042,37.177949546643504,36.82692621387561,0.35102333276789466,3929.1651611328125,4026.873701782597,3831.456620483028,195.41708129956896,0.6587418756695966,631790.0,0.9742161161145317,-0.004107852304450654,0.13954808814840786
2025-11-05,3969.248046875,3979.75390625,3922.583984375,3922.583984375,615000,3969.52919921875,3933.4887084960938,3841.8334147135415,3646.384000651042,0.0,0.0,0.0,0.0,0.0,56.89811361987541,35.64126633898695,36.58979423889788,-0.9485278999109283,3933.4887084960938,4030.2020440943206,3836.775372897867,193.42667119645375,0.6848728417732982,634055.0,0.9699474020392552,0.002288279297564033,0.13882974755099803
2025-11-06,4007.760009765625,4008.799072265625,3973.34912109375,3973.34912109375,627400,3973.701025390625,3937.178112792969,3848.0628295898437,3651.658074951172,0.0,0.0,0.0,0.0,0.0,74.2538788992533,37.10332335743715,36.69250006260573,0.4108232948314168,3937.178112792969,4039.439632752375,3834.916592833563,204.52303991881217,0.8451048693613682,629165.0,0.9971946945554823,0.009702584075325094,0.1353279140739229
2025-11-07,3997.555908203125,4012.0048828125,3993.69091796875,3994.31689453125,596500,3982.25419921875,3942.2045043945313,3854.0276448567706,3656.604807535807,0.0,0.0,0.0,0.0,0.0,70.10494556623527,37.01197732579658,36.7563955152439,0.2555818105526768,3942.2045043945313,4046.0271245778417,3838.381884211221,207.64524036662078,0.7665671686516289,623045.0,0.9573947307176849,-0.002546085977612411,0.13047530986053
2025-11-10,4018.596923828125,4018.696044921875,3990.8359375,4001.7939453125,634000,3990.669384765625,3948.6592529296877,3860.4187947591145,3661.919606526693,0.0,0.0,0.0,0.0,0.0,66.98668323388407,38.19710658361919,37.04453772891896,1.1525688547002275,3948.6592529296877,4054.713723002744,3842.6047828566316,212.10894014611222,0.8297252385975691,619270.0,1.0237860706961421,0.005263470007216942,0.13060677241547877
2025-11-11,4002.758056640625,4024.93896484375,3991.51611328125,4023.876953125,582000,3999.1837890625,3955.5357055664062,3866.338977050781,3667.213741048177,0.0,0.0,0.0,0.0,0.0,64.15935803121286,37.42683261870934,37.12099670687704,0.30583591183230396,3955.5357055664062,4056.5268229979115,3854.544588134901,201.9822348630105,0.7337945765684432,608330.0,0.9567175710551838,-0.003941392353531192,0.12900582249846626
2025-11-12,4000.139892578125,4020.376953125,3980.676025390625,3996.56494140625,586200,4005.362158203125,3959.9322509765625,3871.9093424479165,3672.485048421224,0.0,0.0,0.0,0.0,0.0,62.60842911634627,36.187968617070965,36.934391088915824,-0.7464224718448591,3959.9322509765625,4060.6370975114896,3859.2274044416354,201.40969306985426,0.6996311150106737,605390.0,0.968301425527346,-0.0006540900113002346,0.12322799543945073
2025-11-13,4029.5009765625,4030.39794921875,3994.77099609375,3996.513916015625,613000,4009.7103515625,3965.5958984375,3877.6766072591145,3677.8935729980467,0.0,0.0,0.0,0.0,0.0,62.78457643044984,37.14714490380538,36.97694185189374,0.17020305191164198,3965.5958984375,4068.66478129519,3862.5270155798103,206.13776571537983,0.8100115008190899,606265.0,1.0111090034885735,0.007340014292713137,0.12517295751465612
2025-11-14,3990.491943359375,4034.0791015625,3990.306884765625,4007.1259765625,622000,4008.29755859375,3973.1327514648438,3883.077421061198,3682.917889404297,0.0,0.0,0.0,0.0,0.0,48.93188849484856,34.363475301381186,36.45424854179123,-2.0907732404100443,3973.1327514648438,4057.87128825504,3888.3942146746476,169.47707358039224,0.6024279657875766,606485.0,1.0255818363191176,-0.009680859597756664,0.1068138434694986
2025-11-17,3972.034912109375,3992.404052734375,3958.947998046875,3988.555908203125,592000,3998.98515625,3978.53984375,3887.6651529947917,3687.8499389648437,0.0,0.0,0.0,0.0,0.0,47.40405401490601,30.3185752533127,35.22711388409553,-4.908538630782829,3978.53984375,4045.9601385273004,3911.1195489726992,134.84058955460114,0.45175835657381236,608620.0,0.9726923203312412,-0.004625252102241295,0.10795302625549662
2025-11-18,3939.81298828125,3966.885009765625,3926.587890625,3962.444091796875,594400,3986.396142578125,3979.7138916015624,3891.1949178059895,3692.77861328125,0.0,0.0,0.0,0.0,0.0,37.89011002598029,24.233573311946657,33.02840576966575,-8.794832457719096,3979.7138916015624,4043.280675932992,3916.147107270133,127.13356866285903,0.186149742039077,608370.0,0.9770370005095583,-0.00811219552222242,0.10285420439268446
2025-11-19,3946.741943359375,3960.052001953125,3930.073974609375,3937.919921875,531100,3975.716552734375,3981.3630859375,3894.8524820963544,3697.777803548177,0.0,0.0,0.0,0.0,0.0,43.1570031608471,19.742692728083057,30.371263161349216,-10.628570433266159,3981.3630859375,4039.1759905249337,3923.550181350066,115.62580917486775,0.20057599747660773,607770.0,0.8738503052141435,0.001758701516730632,0.10290761161815958
2025-11-20,3931.051025390625,3967.970947265625,3927.511962890625,3960.698974609375,534700,3956.0265625,3981.7951416015626,3897.5998331705728,3702.6975036621093,0.0,0.0,0.0,0.0,0.0,45.71514942664482,14.747511432926785,27.24651281566473,-12.499001382737944,3981.7951416015626,4037.855578894665,3925.73470430846,112.12087458620499,0.04741597942203589,606245.0,0.8819866555600459,-0.00397566352042622,0.10383431578681394
2025-11-21,3834.89111328125,3912.006103515625,3834.7490234375,3896.6650390625,631600,3924.906396484375,3976.0240966796873,3898.6630330403646,3706.8221638997397,0.0,0.0,0.0,0.0,0.0,29.850058839956702,2.994968866083582,22.3962040257485,-19.401235159664918,3976.0240966796873,4061.6815256072823,3890.3666677520923,171.31485785518998,-0.32382220179467824,609430.0,1.0363782550908225,-0.024461629088068038,0.13226761749028018
2025-11-24,3836.764892578125,3854.3310546875,3816.575927734375,3848.656005859375,504600,3897.852392578125,3968.015087890625,3898.846464029948,3710.7664876302083,0.0,0.0,0.0,0.0,0.0,31.687103563446158,-6.097519057089357,16.697459409180926,-22.794978466270283,3968.015087890625,4073.1708433505223,3862.859332430728,210.31151091979427,-0.12407518608214545,602780.0,0.8371213378015196,0.0004886134290451594,0.12300359003927633
2025-11-25,3870.02294921875,3882.030029296875,3845.137939453125,3850.571044921875,478700,3883.894384765625,3962.105029296875,3898.620812988281,3715.120953369141,0.0,0.0,0.0,0.0,0.0,36.26356318762286,-10.49871141237918,11.258225244868905,-21.756936657248083,3962.105029296875,4075.446348628284,3848.7637099654658,226.68263866281814,0.09378415294034577,597845.0,0.8007092139266867,0.00866825504605706,0.12870497970604539
2025-11-26,3864.18408203125,3879.923095703125,3861.177001953125,3867.428955078125,457600,3867.3828125,3954.4976806640625,3898.550846354167,3719.3060201009116,0.0,0.0,0.0,0.0,0.0,28.146852237349535,-14.293074185328805,6.147965358829362,-20.441039544158166,3954.4976806640625,4072.8284611872145,3836.1669001409105,236.6615610463041,0.11838501261658625,590080.0,0.7754880694143167,-0.0015087422643523807,0.12471504523112055
2025-11-27,3875.260009765625,3895.589111328125,3864.131103515625,3867.197021484375,444000,3856.224609375,3948.915637207031,3899.799344889323,3723.4648295084635,0.0,0.0,0.0,0.0,0.0,31.435075167850897,-16.21943170458053,1.6744859461473842,-17.893917650727914,3948.915637207031,4071.274713390508,3826.556561023554,244.7181523669542,0.19901853732950894,578855.0,0.7670314672931908,0.002866304373510209,0.12407816403324808
2025-11-28,3888.595947265625,3888.887939453125,3856.25,3870.944091796875,449900,3866.965576171875,3945.6059326171876,3900.5493286132814,3727.6689697265624,0.0,0.0,0.0,0.0,0.0,29.79270678848836,-16.480013872603195,-1.9564140176027318,-14.523599855000462,3945.6059326171876,4070.8431015149727,3820.3687637194025,250.47433779557014,0.2723919110702681,567570.0,0.7926775551914301,0.00344130134917231,0.12258986007238686
2025-12-01,3914.006103515625,3914.464111328125,3890.947998046875,3894.212890625,537600,3882.413818359375,3942.480187988281,3901.4839803059895,3732.0743713378906,0.0,0.0,0.0,0.0,0.0,36.60306406890543,-14.469346253559706,-4.459000464794127,-10.01034578876558,3942.480187988281,4067.5890313031828,3817.3713446733796,250.2176866298032,0.38620275066797277,562390.0,0.9559202688525756,0.006534532410822358,0.12335280878523551
2025-12-02,3897.7119140625,3908.76904296875,3888.326904296875,3908.4560546875,455600,3887.951611328125,3939.356481933594,3901.853662109375,3736.2238708496093,0.0,0.0,0.0,0.0,0.0,35.15174036913167,-14.028965411497666,-6.372993454134836,-7.65597195736283,3939.356481933594,4065.7173754886076,3812.99558837858,252.72178711002744,0.33521575900776385,554395.0,0.8217967333760225,-0.0041630465109621095,0.12337281260329618
2025-12-03,3878.0,3901.696044921875,3869.952880859375,3894.156005859375,485600,3890.714794921875,3934.794079589844,3902.184777832031,3740.33373819987,0.0,0.0,0.0,0.0,0.0,27.405894912222962,-15.096523817585876,-8.117699526825044,-6.978824290760832,3934.794079589844,4063.183626764632,3806.4045324150557,256.77909434957655,0.27882124814821213,547925.0,0.886252680567596,-0.005057304002222818,0.12371587039872836
2025-12-04,3875.79296875,3888.860107421875,3859.049072265625,3879.741943359375,445000,3890.82138671875,3928.1957275390623,3903.2220458984375,3744.2793802897136,0.0,0.0,0.0,0.0,0.0,30.78516266929296,-15.93694929167168,-9.681549479794372,-6.255399811877309,3928.1957275390623,4054.3407979778217,3802.050657100303,252.29014087751875,0.29229169000887784,538805.0,0.8259017640890489,-0.0005691158457967749,0.11697267123576718
2025-12-05,3902.80810546875,3907.781005859375,3863.31396484375,3873.12109375,500400,3893.663818359375,3923.4583374023437,3905.504248046875,3748.447298177083,0.0,0.0,0.0,0.0,0.0,38.72610958479283,-14.258731001306387,-10.596985784096775,-3.661745217209612,3923.4583374023437,4045.6915817970644,3801.225093007623,244.46648878944143,0.41552939613158507,534000.0,0.9370786516853933,0.0069702218195268895,0.12081651895617895
2025-12-08,3924.077880859375,3936.31103515625,3904.738037109375,3909.22607421875,547300,3895.678173828125,3918.732385253906,3907.3636474609375,3753.0063130696612,0.0,0.0,0.0,0.0,0.0,47.342676083631225,-11.084660731240092,-10.694520773525438,-0.3901399577146538,3918.732385253906,4032.4929180458857,3804.9718524619266,227.52106558395917,0.5234945084829691,529665.0,1.0332946296243852,0.00544986451186813,0.12094991864932264
2025-12-09,3909.52099609375,3923.89892578125,3902.1279296875,3916.509033203125,524500,3898.039990234375,3914.0705322265626,3908.7416463216146,3757.3462463378905,0.0,0.0,0.0,0.0,0.0,43.87205584794875,-9.63276559233509,-10.482169737287368,0.8494041449522776,3914.0705322265626,4020.7543327682592,3807.386731684866,213.3676010833933,0.478677474416173,526790.0,0.9956529167220335,-0.0037096319715339554,0.12088204986021783
2025-12-10,3900.49609375,3906.115966796875,3876.47509765625,3901.126953125,497300,3902.539208984375,3909.088342285156,3910.295048014323,3761.622005208333,0.0,0.0,0.0,0.0,0.0,44.85663443321593,-9.10540103409221,-10.206815996648336,1.1014149625561256,3909.088342285156,4007.8615481362426,3810.3151364340697,197.54641170217292,0.45650516523602697,522345.0,0.9520527620633872,-0.002308441968406738,0.12093466350210344
2025-12-11,3873.318115234375,3904.962890625,3862.821044921875,3903.89501953125,525700,3902.04423828125,3901.27919921875,3911.3133341471353,3765.6595804850263,0.0,0.0,0.0,0.0,0.0,58.42510665403412,-10.756502289887976,-10.316753255296266,-0.4397490345917099,3901.27919921875,3983.2321340597528,3819.326264377747,163.9058696820057,0.32940767137470284,517980.0,1.0149040503494344,-0.006967826107856845,0.11811415039808552
2025-12-12,3889.345947265625,3891.806884765625,3850.596923828125,3869.4130859375,573900,3899.351806640625,3896.2218994140626,3911.5472819010415,3770.053230794271,0.0,0.0,0.0,0.0,0.0,60.85467759331499,-10.6489454218231,-10.383191688601634,-0.2657537332214659,3896.2218994140626,3966.670551744069,3825.773247084056,140.8973046600131,0.45119883829520757,515575.0,1.1131261213208554,0.004138010758323762,0.11628633915886899
2025-12-15,3867.9208984375,3896.97705078125,3863.6298828125,3865.402099609375,500900,3888.12041015625,3891.0161987304687,3911.5026652018228,3774.2867797851563,0.0,0.0,0.0,0.0,0.0,49.543769512993826,-12.152442421203887,-10.737041835122085,-1.4154005860818017,3891.0161987304687,3952.721196893606,3829.3112005673315,123.40999632627427,0.31285713491198847,511020.0,0.980196469805487,-0.005508650842229068,0.11666735350452166
2025-12-16,3824.81201171875,3862.427001953125,3815.843994140625,3861.513916015625,512500,3871.17861328125,3885.266149902344,3910.9078002929687,3777.980362955729,0.0,0.0,0.0,0.0,0.0,42.64462809917356,-16.630792088639282,-11.915791885825525,-4.715000202813757,3885.266149902344,3949.2172229255457,3821.315076879142,127.90214604640369,0.02734070496625255,506925.0,1.0109976821028752,-0.011145234830465256,0.11947867659404904
2025-12-17,3870.278076171875,3881.751953125,3817.99609375,3822.509033203125,512300,3865.135009765625,3881.4429565429687,3911.048018391927,3781.7279642740887,0.0,0.0,0.0,0.0,0.0,49.17526323192053,-16.323023386367367,-12.797238185933894,-3.5257852004334733,3881.4429565429687,3938.7129483042568,3824.1729647816805,114.53998352257622,0.40252416642845706,505985.0,1.0124806071326224,0.011887137018452787,0.12818193667365446
2025-12-18,3876.37109375,3888.284912109375,3856.423095703125,3857.257080078125,461200,3865.74560546875,3878.7089599609376,3911.048518880208,3785.231272379557,0.0,0.0,0.0,0.0,0.0,47.92650657788489,-15.409824016402126,-13.319755352027542,-2.0900686643745843,3878.7089599609376,3931.0128600747344,3826.405059847141,104.60780022759354,0.4776511292093047,502310.0,0.9181581095339532,0.0015743100258449605,0.12795612480265034
2025-12-19,3890.447998046875,3902.6708984375,3871.777099609375,3878.22705078125,513500,3865.966015625,3881.4868041992186,3912.028385416667,3788.9145650227865,0.0,0.0,0.0,0.0,0.0,45.844480006614795,-13.39579996193379,-13.334964274008792,-0.06083568792499783,3881.4868041992186,3929.7362400815746,3833.2373683168626,96.49887176471202,0.5928631981257433,496405.0,1.0344376063899436,0.003631464572515064,0.09266385194412595
2025-12-22,3917.364013671875,3920.011962890625,3900.514892578125,3900.534912109375,522900,3875.854638671875,3885.5167602539063,3913.6496337890626,3793.0240397135417,0.0,0.0,0.0,0.0,0.0,53.34131424335079,-9.518055653310967,-12.571582549869229,3.053526896558262,3885.5167602539063,3931.4465743608826,3839.58694614693,91.85962821395242,0.8466947780771309,497320.0,1.0514356953269524,0.006918487443737353,0.09521233302597217
2025-12-23,3919.97900390625,3937.126953125,3910.7451171875,3919.10595703125,521200,3894.888037109375,3888.0145629882813,3915.173018391927,3796.986981201172,0.0,0.0,0.0,0.0,0.0,57.577971850451995,-6.162865812721066,-11.289839202439596,5.126973389718531,3888.0145629882813,3935.7929105411536,3840.236215435409,95.55669510574444,0.8345076018222782,499445.0,1.0435583497682428,0.0006675382285763476,0.09086594423691687
2025-12-24,3940.947021484375,3947.041015625,3912.31103515625,3920.346923828125,474900,3909.021826171875,3891.8527099609373,3917.158251953125,3801.0136474609376,0.0,0.0,0.0,0.0,0.0,61.015373667713156,-1.7912613637172399,-9.390123634695126,7.598862270977886,3891.8527099609373,3943.7280377276975,3839.977382194177,103.75065553352033,0.9731951935231744,500310.0,0.9492114888768963,0.005349012726147295,0.09195216008560347
2025-12-25,3959.62109375,3964.072998046875,3936.077880859375,3937.718994140625,469300,3925.671826171875,3896.070764160156,3918.924568684896,3805.220556640625,0.0,0.0,0.0,0.0,0.0,59.883944165437754,3.1438676743700853,-6.8833253728820845,10.027193047252169,3896.070764160156,3955.442709092307,3836.6988192280055,118.74388986430131,1.0351882076826409,501575.0,0.9356526940138563,0.004738473307005053,0.0926933089938183
2025-12-26,3963.678955078125,3977.7060546875,3945.52392578125,3957.8330078125,555500,3940.318017578125,3899.824914550781,3920.7641845703124,3809.4082906087237,0.0,0.0,0.0,0.0,0.0,57.32841657841568,7.298298249765594,-4.047000648352549,11.345298898118143,3899.824914550781,3966.2794957201145,3833.370333381448,132.90916233866665,0.9804336992549764,506855.0,1.0959741938029615,0.0010248105139478714,0.09227748579100192
2025-12-29,3965.280029296875,3983.97900390625,3956.946044921875,3964.65087890625,563700,3949.901220703125,3902.3886108398438,3923.050419108073,3813.516298421224,0.0,0.0,0.0,0.0,0.0,60.838248902598174,10.59774352999284,-1.1180518126834715,11.715795342676312,3902.3886108398438,3974.832882132844,3829.9443395468434,144.88854258600077,0.934067575906547,508160.0,1.1092962846347607,0.0004039364027448311,0.08991230926941061
2025-12-30,3965.115966796875,3979.989990234375,3947.4189453125,3947.87109375,525900,3958.92861328125,3905.7588134765624,3924.7601521809897,3817.6162068684894,0.0,0.0,0.0,0.0,0.0,63.00869628469004,13.048919393077085,1.7153424284686398,11.333576964608445,3905.7588134765624,3983.373927958807,3828.1436989943177,155.23022896448947,0.8823814067413566,511675.0,1.0278008501490203,-4.1374757592915756e-05,0.08814918852109561
2025-12-31,3968.840087890625,3977.535888671875,3955.487060546875,3968.72607421875,490800,3964.5072265625,3910.300817871094,3926.1945353190104,3821.544248453776,0.0,0.0,0.0,0.0,0.0,71.23484690599003,15.117731573706351,4.395820257516182,10.72191131619017,3910.300817871094,3991.619687124517,3828.9819486176707,162.6377385068463,0.8599365716523472,511935.0,0.958715461923877,0.0009392212295769031,0.08532385335909722
2026-01-05,4023.4169921875,4025.262939453125,3983.575927734375,3986.971923828125,597000,3977.26640625,3917.682019042969,3927.6852864583334,3825.963972981771,0.0,0.0,0.0,0.0,0.0,75.44360850697903,20.92002713977672,7.70066163396829,13.219365505808431,3917.682019042969,4011.630983335552,3823.7330547503857,187.89792858516648,1.062725592243554,519535.0,1.149104487666856,0.013751348779053929,0.09593057707197475
2026-01-06,4083.6669921875,4083.6669921875,4025.087890625,4026.01611328125,702500,4001.264013671875,3926.724963378906,3930.795935058594,3830.7471822102866,0.0,0.0,0.0,0.0,0.0,85.68504944321865,30.03384814293986,12.167298935762604,17.866549207177258,3926.724963378906,4046.038542828277,3807.411383929535,238.62715889874198,1.1576872034715642,529640.0,1.3263726304659769,0.014974833609588734,0.10530479522626107
2026-01-07,4085.77197265625,4098.77685546875,4069.43603515625,4083.843017578125,683400,4025.36240234375,3934.80966796875,3934.067102050781,3835.543806966146,0.0,0.0,0.0,0.0,0.0,99.93721011066718,36.99995878801974,17.133830906214033,19.866127881805706,3934.80966796875,4073.678340342821,3795.9409955946794,277.73734474814137,1.043543414459772,536445.0,1.2739423426446328,0.000515463301189012,0.10479539699388472
2026-01-08,4082.97900390625,4093.8720703125,4067.1220703125,4077.715087890625,666100,4048.935009765625,3943.482568359375,3937.6962687174478,3840.238216145833,0.0,0.0,0.0,0.0,0.0,98.64737946522798,41.81328490552687,22.0697217060766,19.74356319945027,3943.482568359375,4096.633106586306,3790.3320301324443,306.3010764538617,0.9554226095506124,543525.0,1.2255186053999356,-0.0006835840983520081,0.1031300083091757
2026-01-09,4120.42578125,4121.72314453125,4083.614990234375,4086.761962890625,729800,4079.2521484375,3954.479052734375,3941.1665486653646,3845.3667724609377,0.0,0.0,0.0,0.0,0.0,98.81703962995374,48.09511199475037,27.27479976381135,20.820312230939017,3954.479052734375,4125.207692562066,3783.7504129066842,341.4572796553816,0.9859955795436822,555150.0,1.3145996577501575,0.009171435196684508,0.10452542471400218
2026-01-12,4165.287109375,4168.35693359375,4119.87890625,4134.89306640625,839500,4107.626171875,3969.077502441406,3945.3175333658855,3850.879355875651,0.0,0.0,0.0,0.0,0.0,98.94675055327771,56.047360396622935,33.02931189037367,23.018048506249265,3969.077502441406,4159.392985377367,3778.7620195054446,380.6309658719224,1.0154851405324565,570840.0,1.4706397589517202,0.010887546701882522,0.10164584031622022
2026-01-13,4138.7578125,4179.7021484375,4126.23388671875,4169.7041015625,868400,4118.6443359375,3981.548095703125,3950.300915527344,3856.062129720052,0.0,0.0,0.0,0.0,0.0,89.48293292905403,59.52274089926823,38.327997692152586,21.194743207115643,3981.548095703125,4182.267272281169,3780.8289191250806,401.43835315608885,0.8916160864073168,585565.0,1.483012133580388,-0.0063691400324575875,0.10765504780526622
2026-01-14,4126.0927734375,4190.8662109375,4103.62109375,4138.64599609375,952600,4126.70849609375,3994.456689453125,3954.6709106445314,3860.9922119140624,0.0,0.0,0.0,0.0,0.0,85.48589125599179,60.55697902143493,42.77379395800905,17.783185063425876,3994.456689453125,4197.599512075995,3791.3138668302545,406.28564524574085,0.8239988552996327,608150.0,1.5663898709200033,-0.003060106349844549,0.10537447742984102
2026-01-15,4112.60107421875,4133.0732421875,4096.85009765625,4106.22412109375,680300,4132.63291015625,4008.846142578125,3957.942061360677,3865.5989624023437,0.0,0.0,0.0,0.0,0.0,80.33398249926871,59.60091061512412,46.13921728943207,13.461693325692053,4008.846142578125,4201.9133149974405,3815.7789701588094,386.134344838631,0.7687016397982114,616540.0,1.103415836766471,-0.00326984873088787,0.09421571849151747
2026-01-16,4101.9130859375,4140.22509765625,4091.81103515625,4127.06298828125,763600,4128.93037109375,4020.4278930664063,3961.077978515625,3869.9327290852866,0.0,0.0,0.0,0.0,0.0,75.8755900310066,57.32003846107591,48.375381523760836,8.944656937315074,4020.4278930664063,4206.146151724193,3834.7096344086194,371.43651731557384,0.7193785184610473,629105.0,1.2137878414573084,-0.002598839053039037,0.09140919888611033
2026-01-19,4114.0,4126.51806640625,4090.056884765625,4090.718994140625,688900,4118.67294921875,4032.3093383789064,3964.2711466471355,3874.3635782877604,0.0,0.0,0.0,0.0,0.0,76.56006950225995,55.8440088244447,49.86910698389761,5.974901840547091,4032.3093383789064,4209.428711153379,3855.1899656044343,354.2387455489443,0.7306090529268022,640490.0,1.075582756951709,0.0029466528932406977,0.09126969164883489
2026-01-20,4113.64892578125,4128.93017578125,4080.2939453125,4116.3662109375,734400,4113.651171875,4043.469384765625,3966.9934285481772,3878.596260579427,0.0,0.0,0.0,0.0,0.0,76.33145837142617,54.02317046690541,50.69991968049917,3.3232507864062413,4043.469384765625,4210.8102589985965,3876.1285105326533,334.6817484659432,0.7096903740261639,651535.0,1.127184264851466,-8.533646542296935e-05,0.09187739967156497
2026-01-21,4116.93994140625,4135.9580078125,4103.52880859375,4103.52880859375,667000,4111.82060546875,4053.4481811523438,3968.993343098958,3882.9569681803387,0.0,0.0,0.0,0.0,0.0,76.64886564557199,52.24347020282812,51.00862978496497,1.234840417863154,4053.4481811523438,4212.734701826881,3894.1616604778064,318.57304134907463,0.6993004806212262,658740.0,1.012539089777454,0.0008000234546936547,0.09080847086419008
2026-01-22,4122.576171875,4140.837890625,4109.9228515625,4126.07177734375,709700,4113.815625,4063.5780395507813,3971.2325439453125,3887.328961181641,0.0,0.0,0.0,0.0,0.0,76.80456386283552,50.70336478884701,50.94757678574138,-0.24421199689437145,4063.5780395507813,4212.560770184766,3914.5953089167974,297.9654612679683,0.6980032587437711,668165.0,1.0621627891314271,0.0013690339302896426,0.09065441202867323
2026-01-23,4136.1640625,4143.75,4120.2041015625,4130.10693359375,782100,4120.6658203125,4073.3388916015624,3973.2297607421874,3891.7160705566407,0.0,0.0,0.0,0.0,0.0,72.9362846766952,50.00284766491404,50.75863096157592,-0.7557832966618747,4073.3388916015624,4213.830649074291,3932.8471341288337,280.98351494545705,0.7235902377068659,683525.0,1.144215646830767,0.0032959707858641885,0.09010135485353425
2026-01-26,4132.60498046875,4160.98486328125,4124.7001953125,4144.77783203125,887400,4124.38681640625,4081.9880859375,3975.658162434896,3896.023470052083,0.0,0.0,0.0,0.0,0.0,62.9402392701563,48.600261064868846,50.326956982234506,-1.7266959173656602,4081.9880859375,4214.048476108554,3949.927695766446,264.12078034210754,0.691642984189349,704430.0,1.259741918998339,-0.0008604789310747707,0.09039474292820728
2026-01-27,4139.90380859375,4158.8017578125,4101.830078125,4125.21484375,755000,4129.63779296875,4090.7993286132814,3978.7433919270834,3900.7459350585937,0.0,0.0,0.0,0.0,0.0,63.930957179980794,47.529761999991024,49.767517985785815,-2.2377559857947915,4090.7993286132814,4212.752008939351,3968.8466482872113,243.90536065213973,0.701325956301682,714405.0,1.056823510473751,0.0017661567363673747,0.09031000873284964
2026-01-28,4151.23779296875,4170.14697265625,4138.01904296875,4150.21484375,823000,4136.49736328125,4100.097216796875,3981.655338541667,3905.6733174641927,0.0,0.0,0.0,0.0,0.0,66.82683742988516,47.05353770272177,49.224721929173015,-2.1711842264512455,4100.097216796875,4209.461760375877,3990.732673217873,218.72908715800395,0.733807843466466,727370.0,1.131473665397253,0.002737740995689908,0.09007658595229688
2026-01-29,4157.98388671875,4170.2138671875,4138.298828125,4155.91796875,905900,4143.57890625,4109.740612792969,3984.951969401042,3910.462274169922,0.0,0.0,0.0,0.0,0.0,60.910032197211464,46.68235477520102,48.71624849837862,-2.0338937231775986,4109.740612792969,4201.603087910008,4017.8781376759302,183.72495023407782,0.762584226389717,746370.0,1.2137411739485777,0.0016250800571884216,0.08969319646298968
2026-01-30,4117.9482421875,4152.85009765625,4064.777099609375,4131.9931640625,804300,4139.9357421875,4117.196020507812,3987.4303059895833,3914.6318603515624,0.0,0.0,0.0,0.0,0.0,35.85216792360316,42.66582266396426,47.50616333149575,-4.8403406675314855,4117.196020507812,4180.751447238907,4053.6405937767177,127.11085346218897,0.5059178398944589,762045.0,1.0554494813298427,-0.009628619451636178,0.09929483502427616
2026-02-02,4015.74609375,4103.4072265625,4013.656005859375,4079.7080078125,733000,4116.56396484375,4116.812475585937,3987.563407389323,3917.8131184895833,0.0,0.0,0.0,0.0,0.0,24.686200036172906,30.879868881924267,44.18090444158146,-13.301035559657194,4116.812475585937,4182.796967576478,4050.827983595396,131.96898398108215,-0.2658343558240796,768845.0,0.9533781191267421,-0.02481870641074624,0.12822603008560332
2026-02-03,4067.738037109375,4069.41796875,4002.781982421875,4043.906005859375,637700,4102.130810546875,4116.016027832031,3988.7331095377604,3921.3803771972657,3721.5747119140624,0.0,0.0,0.0,0.0,39.664430516914685,25.44145762401513,40.433015078068195,-14.991557454053066,4116.016027832031,4184.038111679491,4047.993943984571,136.04416769491945,0.1451300225458079,765605.0,0.8329360440435996,0.012947019593767095,0.12523884487262416
2026-02-04,4102.2021484375,4104.62109375,4062.68310546875,4064.677001953125,674300,4092.323681640625,4116.837536621094,3990.126529947917,3925.2726623535154,3725.7716821289064,0.0,0.0,0.0,0.0,48.28555006174499,23.63993679998839,37.07439942245223,-13.43446262246384,4116.837536621094,4183.708805471117,4049.966267771071,133.74253770004543,0.39057043155217464,765150.0,0.8812651114160622,0.008472549366186799,0.12894300752482904
2026-02-05,4075.9169921875,4088.904052734375,4048.93896484375,4075.02490234375,596700,4075.910302734375,4116.484436035156,3991.3458455403647,3928.842411295573,3729.8129565429685,0.0,0.0,0.0,0.0,45.92371747166356,19.862266290565913,33.63197279607497,-13.769706505509056,4116.484436035156,4184.178000150173,4048.7908719201396,135.38712823003334,0.20035966950455572,761680.0,0.7833998529566222,-0.006407572152438146,0.13106555437450199
2026-02-06,4065.5830078125,4095.030029296875,4029.972900390625,4040.299072265625,556700,4065.437255859375,4113.742297363281,3992.436564127604,3932.1729532877603,3733.760852050781,0.0,0.0,0.0,0.0,42.36607252839299,15.851838889558621,30.075946014771702,-14.22410712521308,4113.742297363281,4185.107220429846,4042.377374296716,142.7298461331302,0.16258430976043295,753025.0,0.7392848842999901,-0.002535376553253532,0.1266497439292114
2026-02-09,4123.08984375,4123.1591796875,4093.055908203125,4103.5400390625,572600,4086.906005859375,4111.632434082031,3993.996378580729,3935.836492919922,3737.9745959472657,0.0,0.0,0.0,0.0,51.261234346278144,17.11655830669497,27.484068473156356,-10.367510166461386,4111.632434082031,4178.961948494324,4044.302919669738,134.65902882458613,0.5850846004751412,739680.0,0.7741185377460523,0.014144794443255337,0.13103355330810545
2026-02-10,4128.373046875,4134.337890625,4117.56298828125,4127.76611328125,524600,4099.0330078125,4111.113195800781,3996.294396972656,3939.685909016927,3742.232811279297,0.0,0.0,0.0,0.0,51.51928844224757,18.333826950528874,25.654020168630858,-7.320193218101984,4111.113195800781,4177.718192407625,4044.508199193937,133.209993213688,0.6295687407360564,722490.0,0.7261000152251242,0.0012813698767706327,0.12927262793091235
2026-02-11,4131.98486328125,4142.56103515625,4122.42822265625,4124.42822265625,500700,4104.98955078125,4111.407800292969,3998.9602294921874,3943.3126912434896,3746.4355651855467,0.0,0.0,0.0,0.0,51.25703736080215,19.36671706057723,24.396559547020132,-5.029842486442902,4111.407800292969,4178.34307836907,4044.472522216868,133.87055615220197,0.6537086539389645,699895.0,0.7153930232392002,0.0008748764622867888,0.12882895653396495
2026-02-12,4134.01806640625,4140.5927734375,4124.130859375,4136.990234375,529400,4116.609765625,4112.478649902344,4002.196980794271,3946.69594930013,3750.6068701171876,0.0,0.0,0.0,0.0,49.7041523679254,20.117450962346993,23.540737830085508,-3.423286867738515,4112.478649902344,4180.175248971358,4044.78205083333,135.3931981380283,0.6590878773827437,692350.0,0.7646421607568427,0.0004920645143373648,0.1282133264593102
2026-02-13,4082.072998046875,4123.84423828125,4079.77001953125,4115.923828125,500800,4119.907763671875,4111.486645507813,4004.452498372396,3949.652490234375,3754.535460205078,0.0,0.0,0.0,0.0,43.8536339399353,16.332607956862375,22.09911185544088,-5.766503898578506,4111.486645507813,4180.405562496375,4042.567728519251,137.83783397712386,0.2866068653846652,679210.0,0.7373271889400922,-0.012565273669578159,0.13584618700461196
2026-02-24,4117.4091796875,4131.5498046875,4105.93701171875,4129.1337890625,566300,4118.771630859375,4111.6571044921875,4007.558467610677,3952.579150390625,3758.636065673828,0.0,0.0,0.0,0.0,47.43860753300359,15.999989232081134,20.879287330768932,-4.879298098687798,4111.6571044921875,4180.6190461696715,4042.6951628147035,137.92388335496798,0.5417047073743892,673080.0,0.8413561538004398,0.008656430607079324,0.13907795398301084
2026-02-25,4147.22998046875,4167.84423828125,4122.69921875,4123.78076171875,724800,4122.543017578125,4113.336157226562,4012.7641153971354,3955.71357421875,3762.8969152832033,0.0,0.0,0.0,0.0,49.562079779588686,17.935921755248273,20.2906142156648,-2.3546924604165262,4113.336157226562,4184.113625305131,4042.5586891479934,141.5549361571375,0.7394393594617501,672600.0,1.0776092774308652,0.007242612885881128,0.1413772110158651
2026-02-26,4146.630859375,4152.19189453125,4127.15283203125,4151.06787109375,651700,4125.472216796875,4114.820703125,4017.9285481770835,3958.3875061035155,3767.1879943847657,0.0,0.0,0.0,0.0,48.742601950316256,19.200486901188924,20.072588752769626,-0.8721018515807017,4114.820703125,4187.145060005592,4042.496346244408,144.64871376118435,0.7199131635725886,671835.0,0.9700298436372026,-0.00014446295396486342,0.14138545932401725
2026-02-27,4162.880859375,4166.23388671875,4128.35986328125,4128.89697265625,682000,4131.244775390625,4116.8359375,4022.8095133463544,3960.7151631673178,3771.5691235351565,0.0,0.0,0.0,0.0,55.25326680786203,21.26873039842212,20.311817081900127,0.9569133165219945,4116.8359375,4192.250256638626,4041.421618361375,150.82863827725077,0.8052797028524531,670450.0,1.0172272354388843,0.003918844129387811,0.14190664297248998
2026-03-02,4182.5908203125,4188.77001953125,4131.3681640625,4151.80078125,861600,4151.34833984375,4119.157275390625,4028.1162923177085,3963.3335693359377,3776.086922607422,0.0,0.0,0.0,0.0,74.16838894853808,24.21907497504708,21.09326866052952,3.1258063145175576,4119.157275390625,4199.7565097849865,4038.5580409962636,161.19846878872295,0.8935120810913265,674425.0,1.277532713051859,0.00473469253704728,0.14237042218054022
2026-03-03,4122.67578125,4197.22802734375,4116.01123046875,4189.408203125,921100,4152.40166015625,4118.660815429687,4032.2398885091147,3966.0196166992187,3780.1197314453125,0.0,0.0,0.0,0.0,57.77946794351005,21.475050373685008,21.16962500316062,0.30542537052438945,4118.660815429687,4199.033281833635,4038.28834902574,160.74493280789466,0.5249772465615352,676110.0,1.3623522799544452,-0.014324862659652493,0.15190137781353294
2026-03-04,4082.47412109375,4106.0400390625,4055.4130859375,4087.632080078125,765200,4139.45048828125,4115.789331054688,4035.47119140625,3968.0102600097657,3783.818776855469,0.0,0.0,0.0,0.0,47.25107771524368,15.873473589512287,20.110394720430953,-4.236921130918667,4115.789331054688,4197.064739491075,4034.5139226183005,162.55081687277425,0.295047415928753,676620.0,1.1309154325914101,-0.009751351376959594,0.15550718128041857
2026-03-05,4108.56689453125,4125.6171875,4090.62109375,4109.77685546875,689700,4131.8376953125,4113.655786132813,4038.7138712565106,3970.09892578125,3787.601630859375,0.0,0.0,0.0,0.0,54.55190920552108,13.38535434804362,18.765386645953487,-5.380032297909867,4113.655786132813,4193.235692267561,4034.0758799980654,159.15981226949543,0.4680265292535456,669955.0,1.0294721287250637,0.006391411840844574,0.15709631631894053
2026-03-06,4124.19384765625,4129.46484375,4085.89599609375,4085.89599609375,646800,4124.10029296875,4111.966284179687,4042.4885701497396,3972.1711161295575,3791.512604980469,0.0,0.0,0.0,0.0,58.05243018566173,12.530028076545022,17.518314932071796,-4.988286855526773,4111.966284179687,4188.976944875867,4034.955623483507,154.02132139235982,0.5793887714114332,657000.0,0.9844748858447488,0.0038035046102815606,0.1576708463312378
2026-03-09,4096.60302734375,4106.5341796875,4052.544921875,4098.69921875,797800,4106.902734375,4110.8990234375,4046.131953938802,3974.1583658854165,3795.14939453125,0.0,0.0,0.0,0.0,46.03510479982925,9.516131194156515,15.91787818448874,-6.401746990332226,4110.8990234375,4188.151873861163,4033.6461730138367,154.50570084732635,0.40747269508251294,656675.0,1.2149084402482202,-0.006689991142918683,0.15571277442969853
2026-03-10,4123.13818359375,4123.9580078125,4098.5869140625,4098.5869140625,674900,4106.99521484375,4116.268627929688,4050.2543741861978,3976.738210042318,3798.8907299804687,0.0,0.0,0.0,0.0,49.26325265602881,9.163134634517519,14.566929474494497,-5.403794839976978,4116.268627929688,4179.292562787257,4053.244693072118,126.04786971513931,0.5544995776567399,653770.0,1.0323202349450114,0.006477356012502211,0.12712702064733034
2026-03-11,4133.43310546875,4135.8388671875,4112.7998046875,4123.6669921875,707700,4117.18701171875,4119.553381347656,4054.0981241861978,3979.8011861165364,3802.538155517578,0.0,0.0,0.0,0.0,50.2000601664425,9.603394520730944,13.574222483741789,-3.9708279630108443,4119.553381347656,4178.6530949045455,4060.4536677907663,118.19942711377917,0.6174263231214454,657270.0,1.0767264594458898,0.0024968655952313235,0.11967785313695015
2026-03-12,4129.10302734375,4141.64892578125,4103.1640625,4133.2001953125,786200,4121.29423828125,4120.898425292969,4057.5152099609377,3982.4394287109376,3806.2795654296874,0.0,0.0,0.0,0.0,49.32531793705202,9.493467749009142,12.75807153679526,-3.2646037877861183,4120.898425292969,4179.558255119838,4062.2385954661,117.31965965373774,0.5699337355302566,662865.0,1.1860635272642241,-0.0010475742595836834,0.11633727343516857
2026-03-13,4095.447998046875,4134.080078125,4086.846923828125,4117.57421875,792100,4115.545068359375,4121.874975585937,4060.6139933268228,3984.6778198242187,3809.9194958496096,0.0,0.0,0.0,0.0,51.93303534253653,6.614423436953075,11.529341916826825,-4.91491847987375,4121.874975585937,4177.976305302891,4065.7736458689833,112.20265943390768,0.2644710234817987,672635.0,1.1776074691325904,-0.008150687709656212,0.11783555082128713
2026-03-16,4084.785888671875,4096.1328125,4048.0869140625,4092.2490234375,732200,4113.181640625,4122.835119628906,4063.6854899088544,3986.9902689615888,3813.5055102539063,0.0,0.0,0.0,0.0,44.92298900971975,3.43284525443687,9.910042584348835,-6.477197329911965,4122.835119628906,4175.427561314595,4070.242677943217,105.18488337137751,0.138263315625841,681410.0,1.0745366225913915,-0.0026034048973603285,0.11785724083257586
2026-03-17,4049.906982421875,4108.39990234375,4049.580078125,4086.294921875,678800,4098.535400390625,4119.1759765625,4066.6286376953126,3988.970985921224,3816.852655029297,0.0,0.0,0.0,0.0,35.08882702837363,-1.8813278401776188,7.551768499443544,-9.433096339621162,4119.1759765625,4181.057008660517,4057.294944464484,123.7620641960325,-0.05969488381270899,686720.0,0.9884669151910531,-0.008538735493267335,0.10963602702493883
2026-03-18,4062.98388671875,4065.373046875,4023.030029296875,4053.304931640625,623900,4084.445556640625,4115.906518554688,4069.5226033528647,3990.534942626953,3820.2297045898435,0.0,0.0,0.0,0.0,37.65614551868846,-4.980242282758809,5.045366343003074,-10.025608625761883,4115.906518554688,4182.473734888538,4049.339302220838,133.13443266770037,0.10248726963037674,691685.0,0.9020001879468255,0.0032289394185183173,0.11035902290303992
2026-03-19,4006.552001953125,4042.02197265625,3994.1650390625,4028.5419921875,667300,4059.9353515625,4109.634875488281,4071.8331217447917,3991.6678934733072,3823.3615197753907,0.0,0.0,0.0,0.0,29.37625974865901,-11.853100618987355,1.6656729506049888,-13.518773569592344,4109.634875488281,4191.663625103789,4027.6061258727727,164.0574992310162,-0.1283338099039759,700015.0,0.9532652871724178,-0.01388927112167293,0.11949699633774954
2026-03-20,3957.052978515625,4022.702880859375,3955.7109375,4004.572998046875,666800,4032.25634765625,4100.78662109375,4074.037137858073,3992.4724690755206,3826.4049243164063,0.0,0.0,0.0,0.0,22.414057736192305,-21.051380665246143,-2.8777377725652378,-18.173642892680906,4100.78662109375,4206.4995023925785,3995.0737397949215,211.425762597657,-0.1798303140172751,706885.0,0.9432934635761121,-0.012354519150973187,0.12520243324571706
2026-03-23,3813.282958984375,3906.6220703125,3794.68408203125,3904.950927734375,804700,3977.95576171875,4087.347119140625,4073.0872192382812,3992.067618815104,3828.7371435546875,0.0,0.0,0.0,0.0,18.598885265171987,-39.48694202403658,-10.199578622859507,-29.287363401177075,4087.347119140625,4253.908639198013,3920.785599083238,333.12304011477454,-0.32271151242433366,722080.0,1.1144194549080435,-0.036332599111468356,0.1713364172607121
2026-03-24,3881.280029296875,3881.424072265625,3807.993896484375,3849.631103515625,680600,3944.23037109375,4075.540661621094,4073.1690348307293,3992.108776855469,3831.4401086425783,0.0,0.0,0.0,0.0,30.67083104841187,-48.056496544894344,-17.770962207266475,-30.28553433762787,4075.540661621094,4265.027549975892,3886.0537732662965,378.9737767095953,-0.01259650208747379,727795.0,0.9351534429337932,0.017831635114381905,0.18258578639785603
2026-03-25,3931.8369140625,3933.06103515625,3891.81591796875,3892.26904296875,688300,3918.0009765625,4064.7710083007814,4073.858850097656,3992.9436177571615,3834.3996337890626,0.0,0.0,0.0,0.0,33.78343624856291,-50.18985476033231,-24.254740717879642,-25.935114042452668,4064.7710083007814,4261.449631573996,3868.0923850275667,393.35724654642945,0.16205250975945368,725970.0,0.9481108034767277,0.013025827660980038,0.18791659438141936
2026-03-26,3889.0830078125,3937.10400390625,3880.572998046875,3924.9619140625,616000,3894.507177734375,4051.8936157226562,4073.3875,3993.5185668945314,3837.0278186035157,0.0,0.0,0.0,0.0,29.449528519713226,-54.69989312273765,-30.343771198851243,-24.356121923886406,4051.8936157226562,4259.430791875207,3844.356439570105,415.07435230510237,0.10775555751396483,724185.0,0.8506113769271664,-0.010873774061453956,0.189908999229103
2026-03-27,3913.72412109375,3924.10693359375,3852.093994140625,3852.093994140625,561300,3885.84140625,4039.4357788085936,4073.283251953125,3994.228135172526,3839.85900390625,0.0,0.0,0.0,0.0,33.93214138013286,-55.644365502496385,-35.40389005958028,-20.240475442916107,4039.4357788085936,4248.825450567381,3830.0461070498063,418.77934351757494,0.19981409145222553,718150.0,0.7815915895008007,0.0063359700041758504,0.1912881340498081
2026-03-30,3923.287109375,3924.2890625,3872.77587890625,3884.277099609375,595600,3907.842236328125,4026.470593261719,4072.9889200846355,3995.07358601888,3842.6655590820315,0.0,0.0,0.0,0.0,31.90118181022231,-54.98735345277737,-39.3205827382197,-15.666770714557671,4026.470593261719,4230.583251171055,3822.357935352383,408.22531581867224,0.24723889017070108,704850.0,0.8450024827977584,0.002443449764307326,0.19022748495534533
2026-03-31,3891.861083984375,3948.81103515625,3891.861083984375,3924.06689453125,606700,3909.958447265625,4014.9298583984373,4071.859586588542,3995.3920776367186,3845.2438500976564,0.0,0.0,0.0,0.0,28.929313854051898,-56.352883320167166,-42.727042854609195,-13.625840465557971,4014.9298583984373,4222.215525449442,3807.644191347433,414.5713341020087,0.20314210296122218,689130.0,0.8803854134923744,-0.008010126333994338,0.18658259045353093
2026-04-01,3948.552001953125,3955.943115234375,3929.9208984375,3939.56591796875,564600,3913.30146484375,4008.233752441406,4071.607470703125,3996.185827636719,3848.066114501953,0.0,0.0,0.0,0.0,35.569835186298846,-52.258192371809855,-44.63327275804933,-7.624919613760525,4008.233752441406,4214.984015006591,3801.483489876221,413.5005251303701,0.3556670503151116,679100.0,0.8313944927109409,0.014566531730035859,0.19438828500953015
2026-04-02,3919.284912109375,3952.575927734375,3900.115966796875,3940.799072265625,544200,3919.341845703125,3998.7696533203125,4070.840885416667,3996.94565226237,3850.735749511719,0.0,0.0,0.0,0.0,35.8210820531846,-50.78926284286217,-45.8644707750119,-4.9247920678502695,3998.7696533203125,4203.500907683577,3794.0383989570487,409.4625087265281,0.30588029546789447,671825.0,0.8100323745022885,-0.0074121069772598025,0.19303754683503452
2026-04-03,3880.096923828125,3929.529052734375,3871.300048828125,3927.592041015625,492700,3912.61640625,3986.564807128906,4069.4239013671877,3997.0920267740885,3853.1373742675783,0.0,0.0,0.0,0.0,34.24841188905731,-52.185704438426,-47.128717507694724,-5.056986930731277,3986.564807128906,4188.902999130463,3784.2266151273484,404.6763840031149,0.23690611187238192,664120.0,0.7418839968680359,-0.009998759763591436,0.1934807910964952
2026-04-07,3890.1650390625,3902.60595703125,3875.68408203125,3884.14990234375,473600,3905.9919921875,3976.2429077148436,4068.1126505533853,3997.153592936198,3855.6641198730467,0.0,0.0,0.0,0.0,37.21921168506,-51.88191923746808,-48.0793578536494,-3.8025613838186842,3976.2429077148436,4175.99127939735,3776.4945360323377,399.4967433650122,0.28453424193817617,647910.0,0.7309657205476069,0.0025948102410910945,0.19392266135693462
2026-04-08,3994.998046875,3994.998046875,3926.2490234375,3930.2509765625,644100,3926.619384765625,3969.835900878906,4067.6390014648437,3997.6621439615888,3858.627530517578,0.0,0.0,0.0,0.0,45.2569300566232,-42.68991688429651,-47.00146965977882,4.311552775482312,3969.835900878906,4157.60661514112,3782.0651866166927,375.5414285244269,0.5670023174138309,646370.0,0.9964880795829014,0.02694821601650199,0.21855586095609714
2026-04-09,3966.1708984375,3979.126953125,3955.24609375,3967.6298828125,541600,3930.1431640625,3961.472790527344,4065.680733235677,3998.2383341471354,3861.4450952148436,0.0,0.0,0.0,0.0,47.06993183646847,-37.301312444384166,-45.06143821669989,7.760125772315725,3961.472790527344,4132.737620841661,3790.2079602130266,342.52966062863425,0.5137159155837268,638065.0,0.8488163431625305,-0.007215810395714617,0.2189266968603044
2026-04-10,3986.22509765625,4011.02392578125,3979.81396484375,3985.464111328125,546400,3943.531201171875,3954.328894042969,4064.021618652344,3999.0443603515623,3864.491240234375,0.0,0.0,0.0,0.0,52.21122696087267,-31.05461999743693,-42.2600745728473,11.205454575410371,3954.328894042969,4107.070419958865,3801.5873681270723,305.4830518317931,0.604412350937176,626075.0,0.8727388891107295,0.005056312431380716,0.22033637111451745
2026-04-13,3988.55810546875,3991.261962890625,3966.197998046875,3971.197998046875,545800,3965.2234375,3948.9843994140624,4062.4479370117188,4000.0721028645835,3867.4903857421873,4182.5908203125,3262.80810546875,-0.04639055627948152,0.2224311012295146,66.91193826279302,-25.620480049715297,-38.9321556682209,13.311675618505603,3948.9843994140624,4087.778559919165,3810.1902389089596,277.5883210102056,0.6425625757978788,613760.0,0.8892726798748697,0.0005852674536297453,0.2191057300102302
