Date,Close,High,Low,Open,Volume,MA5,MA20,MA60,MA120,MA200,High_52W,Low_52W,Dist_High_52W,Dist_Low_52W,RSI,MACD,MACD_Signal,MACD_Hist,BB_Mid,BB_Upper,BB_Lower,BB_Width,Volume_MA20,Volume_Ratio,Daily_Return,Volatility_20
2025-04-10,59112.51171875,59908.63982270623,54932.8391729798,56226.54734190867,296586,,,,,,,,,,,0.0,0.0,0.0,,,,,,,,
2025-04-11,61500.89453125,61500.89453125,57520.25410851537,57918.31815078884,237761,,,,,,,,,,,190.52626424501796,38.10525284900359,152.42101139601436,,,,,,,0.040404015039381624,
2025-04-14,61401.37890625,61799.44295102309,60704.76682789708,61699.92693982982,152966,,,,,,,,,,,329.6891705424496,96.4220363876928,233.26713415475677,,,,,,,-0.001618116708033135,
2025-04-15,61102.83203125,61898.9601358917,59908.63987428746,61799.44412281148,121015,,,,,,,,,,,411.1470909117488,159.36704729250403,251.7800436192448,,,,,,,-0.004862217759894816,
2025-04-16,62396.5390625,63889.27923145933,60306.702825956934,60505.73484848485,301164,61102.83125,,,,,,,,,,573.4836624585005,242.19037032570333,331.29329213279715,,,,,,,0.021172619799166625,
2025-04-17,63192.66796875,64088.312081692915,62496.05588090551,63590.73201894685,168546,61918.8625,,,,,,,,,,757.6438673032899,345.28106972122066,412.3627975820692,,,,,,,0.012759183733773272,
2025-04-18,62894.1171875,63391.697228540346,61401.377064378954,63192.66521212421,94295,62197.50703125,,,,,,,,,,869.4787931953251,450.1206144160416,419.35817877928355,,,,,,,-0.0047244528652855555,
2025-04-21,63093.15234375,63391.700383231466,61799.44417266364,62496.05626478707,89264,62535.86171875,,,,,,,,,,963.0676075045194,552.7100130337371,410.35759447078226,,,,,,,0.0031646068845618824,
2025-04-22,62993.6328125,63590.72885811611,62297.0207592812,62695.08478969194,136856,62914.021875,,,,,,,,,,1017.4781677039864,645.663643967787,371.81452373619936,,,,,,,-0.0015773428264891365,
2025-04-23,62197.5078125,63590.731987499996,61898.959774999996,63590.731987499996,125157,62874.215625,,,,,,,,,,985.0037841827289,713.5316720107754,271.4721121719534,,,,,,,-0.01263818205833056,
2025-04-24,63789.76171875,64187.82575443643,62197.505576004296,62197.505576004296,168080,62993.634375,,,,,,,,,,1075.3531823876328,785.8959740861469,289.45720830148593,,,,,,,0.025599963121512692,
2025-04-25,63192.66796875,64187.828094242126,62595.571893454726,64088.312081692915,112499,63053.34453125,,,,,,,,,,1086.253600555152,845.967499379948,240.28610117520395,,,,,,,-0.009360338303701421,
2025-04-28,63093.15234375,63491.21639639195,61998.47619898462,63491.21639639195,98186,63053.34453125,,,,,,,,,,1074.4762874322041,891.6692569903993,182.80703044180484,,,,,,,-0.0015747970167869774,
2025-04-29,63789.76171875,64088.30974551482,62695.08562061233,62794.601629533936,79114,63212.5703125,,,,,,,,,,1108.5742824221306,935.0502620767456,173.524020345385,,,,,,,0.011040966398455865,
2025-04-30,63988.79296875,65282.50106920684,63590.7289378402,63789.760953295096,182284,63570.82734375,,,,,,,,,75.78947107462602,1138.5330473581416,975.7468191330249,162.7862282251167,,,,,,,0.0031201127679003626,
2025-05-02,64386.859375,64983.95544339258,63590.731283809895,63988.795329404944,128643,63690.246875,,,,,,,,,69.33334100937506,1180.784863719884,1016.7544280503968,164.03043566948725,,,,,,,0.006220876934565744,
2025-05-07,66277.6640625,66476.69608671172,64088.31179617117,64983.955905123876,263243,64307.24609375,,,,,,,,,76.34409146756585,1351.2653232486555,1083.6566070900485,267.60871615860697,,,,,,,0.02936631334178963,
2025-05-08,70357.8203125,72547.17257116336,65182.98770111386,66377.17984220297,776747,65760.1796875,,,,,,,,,85.49617977514623,1794.916149680037,1225.9085156080464,569.0076340719907,,,,,,,0.061561557844772574,
2025-05-09,70258.3046875,70556.85272441573,67471.85634295327,69561.69260136332,447642,67053.88828125,,,,,,,,,83.1932778652987,2114.112375235345,1403.5492875335062,710.5630877018389,,,,,,,-0.0014144216599945025,
2025-05-12,64088.3125,74039.91381987579,62894.12034161491,71352.98146350932,1008608,67073.7921875,63655.4166015625,,,,,,,,52.60115738088405,1847.9093304398048,1492.421296114766,355.4880343250388,63655.4166015625,69063.6142164473,58247.2189866777,0.16992105004154665,249432.8,4.043606133595903,-0.08781868869371867,
2025-05-13,65083.47265625,65780.08474890099,63690.24847094801,65083.47265625,266725,67213.11484375,63953.9646484375,,,,,,,,56.1111211665315,1697.6728909368685,1533.4716150791864,164.20127585768205,63953.9646484375,68949.743865737,58958.185431138,0.1562304774930494,247939.75,1.0757653825173252,0.015527950689137038,0.45257607197708677
2025-05-14,64784.921875,66178.14600134408,63889.2777937788,65581.04994719662,203260,66914.56640625,64118.166015625,,,,,,,,54.696126126692704,1536.8035624409895,1534.138004551547,2.665557889442425,64118.166015625,68988.7715669928,59247.5604642572,0.15192591597772398,246214.7,0.8255396611169032,-0.004587198086783872,0.43397779689550936
2025-05-15,64685.40625,65979.114375,64486.37423076923,64983.954278846155,151392,65780.08359375,64282.3673828125,,,,,,,,54.69613798834656,1385.3143399733817,1504.373271635914,-119.05893166253236,64282.3673828125,68985.89081199045,59578.843953634554,0.14633945888046287,246136.0,0.6150745929079858,-0.0015360923826073236,0.433966398075109
2025-05-16,60207.1875,63690.247933884304,57520.25516528926,63690.247933884304,4854986,63769.86015625,64237.58515625,,,,,,,,45.412842549985704,893.6023213452136,1382.219081577774,-488.6167602325604,64237.58515625,69083.47146703598,59391.698845464016,0.15087386298843466,482834.55,10.05517521478113,-0.0692307432172925,0.5038939885819882
2025-05-19,59709.60546875,60704.76555989584,59411.05744140625,60605.24955078125,197824,62894.11875,64103.2384765625,,,,,,,,40.09661799106181,458.4812065784645,1197.4715065779121,-738.9902999994476,64103.2384765625,69300.29403717187,58906.18291595313,0.16214642767259013,477667.55,0.414145779842068,-0.008264495518080839,0.498098766664689
2025-05-20,57818.80078125,60207.1849787543,57520.25275656196,60107.66897052496,483246,61441.184375,63834.5451171875,,,,,,,,37.72726737466238,-38.48392913996213,950.2804194343373,-988.7643485742994,63834.5451171875,69737.54492450066,57931.545309874346,0.1849468746578025,493402.55,0.9794152867673668,-0.03166667528040501,0.505874936038151
2025-05-21,59012.9921875,59610.08822986931,58515.41215219224,58913.47618043845,295873,60286.7984375,63640.4888671875,,,,,,,,41.125533328156315,-332.142382789556,693.7958589895587,-1025.9382417791148,63640.4888671875,69917.01981222347,57363.95792215154,0.1972496144124403,503481.45,0.5876542224147483,0.020654032773320008,0.5133189161709402
2025-05-22,58117.3515625,58913.47966609589,57818.80352365154,57818.80352365154,133371,58973.1875,63391.698828125,,,,,,,,37.76824562145349,-629.8786868422103,429.06094982320496,-1058.9396366654153,63391.698828125,70136.5687241006,56646.82893214941,0.21279978358879684,505686.8,0.2637423005702344,-0.015177007499540318,0.5146805678411585
2025-05-23,58913.4765625,59610.088616448484,57520.25245460304,58316.38051625845,165670,58714.4453125,63187.691015625,,,,,,,,39.33054317715499,-792.4612192271452,184.75651601313493,-977.2177352402801,63187.691015625,70223.788415479,56151.59361577101,0.2227046846232793,507127.5,0.3266831319539958,0.01369857673476127,0.5183155145240622
2025-05-26,58913.4765625,60306.70067039696,58714.444547086154,60008.15264727618,170285,58555.21953125,63023.489453125,,,,,,,,38.297865232687066,-910.8097990816968,-34.35674700583144,-876.4530520758653,63023.489453125,70305.85271614262,55741.12619010739,0.2310999700654157,509383.9,0.33429599953983624,0.0,0.5170815334136631
2025-05-27,59510.57421875,61301.86240593645,59012.994166753764,59709.60623954849,227736,58893.57421875,62809.530078125,,,,,,,,34.6846796670187,-945.5217246904576,-216.5897425427567,-728.9319821477009,62809.530078125,70246.8994174452,55372.1607388048,0.23682295760115704,512366.7,0.4444785346120269,0.010135162463490888,0.508906466165023
2025-05-28,57818.80078125,59908.63695406626,57619.768764791304,59908.63695406626,245775,58654.7359375,62540.83671875,,,,,,,,18.181809170688226,-1096.8987870655183,-392.6515514473091,-704.2472356182092,62540.83671875,70301.19970020831,54780.473737291686,0.24816946458062727,519030.5,0.47352708559516254,-0.02842811483017038,0.5165283389204458
2025-05-29,57221.70703125,58316.383165760875,56226.54690896739,58117.35114130435,302863,58475.60703125,62247.264453125,,,,,,,,17.733983003867053,-1250.6301887888258,-564.2472789156125,-686.3829098732133,62247.264453125,70356.06090089359,54138.46800535641,0.26053502974013837,529264.35,0.5722338940833631,-0.010326982606557844,0.516935722847835
2025-05-30,56724.125,57918.31710526316,56525.09298245614,57022.67302631579,150507,58037.73671875,61893.9826171875,,,,,,,,24.65752209296386,-1396.515976805218,-730.7010184935336,-665.8149583116844,61893.9826171875,70328.92703332764,53459.03820104737,0.2725610490541551,532834.0,0.2824650829338969,-0.008695686603306996,0.5138770500885025
2025-06-02,57719.28515625,58316.381209590516,57221.705111799565,57719.28515625,231133,57798.8984375,61580.5072265625,,,,,,,,24.65752209296386,-1415.5132515125879,-867.6634650973444,-547.8497864152434,61580.5072265625,70152.54127568587,53008.47317743913,0.27840089129457046,535276.45,0.43180117488822833,0.017543860857263116,0.5195469899743639
2025-06-04,58714.4453125,59012.993339512715,57719.28522245763,58614.92930349577,259736,57639.67265625,61296.8865234375,,,,,,,,30.065354111326215,-1334.8799556820377,-961.1067632142831,-373.7731924677546,61296.8865234375,69853.30954896814,52740.46349790686,0.2791796944616104,541831.1,0.4793670942845474,0.017241380477184265,0.5240506328206797
2025-06-05,58216.8671875,59112.51129807692,57918.31915064102,58913.47927350427,207212,57719.2859375,60893.8466796875,,,,,,,,29.299360509392343,-1296.1862557500353,-1028.1226617214336,-268.06359402860176,60893.8466796875,69218.67742700213,52569.01593237287,0.2734210827936268,539029.55,0.38441677269826857,-0.008474543570184512,0.5090263937195737
2025-06-09,58216.8671875,58415.89921207265,57420.7390892094,58017.835162927346,285490,57918.31796875,60286.7990234375,,,,,,,,41.07142481640698,-1251.0993255383582,-1072.7179944848185,-178.38133105353972,60286.7990234375,67386.35598892065,53187.24205795436,0.2355260879823151,514466.7,0.5549241573847248,0.0,0.4433871108658707
2025-06-10,57321.22265625,58117.350748697914,55231.38641357422,58017.83473714192,553504,58037.7375,59639.944921875,,,,,,,,39.65517358063309,-1272.9646923891705,-1112.767334065689,-160.19735832348147,59639.944921875,65076.91256862719,54202.977275122816,0.18232638054492872,519759.8,1.0649226815925357,-0.015384622610580934,0.4429729022481674
2025-06-11,59908.63671875,61102.82881281146,56923.15648359634,57719.284546303985,617497,58475.6078125,59430.9611328125,,,,,,,,58.53659003599104,-1069.1855566752638,-1104.050978587604,34.86542191234025,59430.9611328125,64453.51381469739,54408.408450927614,0.16902141867303172,500204.25,1.2344897109530757,0.04513884984653038,0.3789309271475178
2025-06-12,61102.83203125,61102.83203125,58614.93170424471,60704.76797892916,535196,58953.28515625,59231.9291015625,,,,,,,,58.53660326804122,-802.0816441452771,-1043.6571116991388,241.5754675538617,59231.9291015625,63581.77868493037,54882.07951819463,0.14687516173614282,513627.8,1.0419918859532136,0.01993360853972237,0.3821115064307015
2025-06-13,59709.60546875,61500.893632812506,58216.86533203125,60704.76555989584,332939,59251.8328125,58978.16328125,,,,,,,,56.24999041687661,-694.8122459335136,-973.8881385460138,279.0758926125002,58978.16328125,62471.92202563645,55484.404536863556,0.11847634955078916,520111.75,0.6401297413488544,-0.02280134187213223,0.3886107864418015
2025-06-16,60306.703125,61003.315207301974,58216.86687809406,59709.607054455446,286205,59669.8,58759.228125,,,,,,,,55.55556247838779,-555.2194599877403,-890.1544028343591,334.9349428466188,58759.228125,61108.42315121332,56410.033098786684,0.07996003695677606,526852.4,0.5432356386722353,0.010000026822526875,0.3916407304430471
2025-06-17,60406.21875,61401.37886120263,59311.5426276771,59908.63869439868,292748,60286.79921875,58769.1796875,,,,,,,,55.90551716506988,-431.58603698192746,-798.4407296638727,366.85469268194527,58769.1796875,61145.72818583222,56392.63118916778,0.08087737521501258,298740.5,0.9799407847278826,0.0016501586033268456,0.3042110852977676
2025-06-18,60505.734375,62695.08660567434,59809.12230160362,60008.15432257402,384522,60406.21875,58808.9861328125,,,,,,,,54.09835960084747,-321.8653162567789,-703.125646982454,381.2603307256751,58808.9861328125,61276.776476388135,56341.19578923686,0.08392562109479161,308075.4,1.2481425001801507,0.0016474400659285404,0.3025231356764149
2025-06-19,61600.41015625,62695.08626565024,60406.21803690428,62695.08626565024,359101,60505.734375,58998.0666015625,,,,,,,,66.37931151166677,-144.90924406463455,-591.4823663988901,446.5731223342556,58998.0666015625,61713.48073801756,56282.65246510744,0.092050953289481,301868.15,1.189595523741077,0.018092099741579215,0.28252134104723575
2025-06-20,60605.25,63292.18226600985,60605.25,61600.41009852217,576196,60684.86328125,59077.6794921875,,,,,,,,64.16665549061817,-84.00305473672051,-489.98650406645623,405.9834493297357,59077.6794921875,61886.68953077513,56268.66945359986,0.09509547642131416,315884.3,1.8240729279676136,-0.016155089774983145,0.2827849936092309
2025-06-23,60107.671875,61202.348018418874,59012.995731581126,59709.607822847676,520251,60645.05703125,59177.1955078125,,,,,,,,64.16667647978562,-75.02007244577544,-406.9932177423201,331.97314529654466,59177.1955078125,61983.97821231902,56370.41280330598,0.09486028124249221,335228.3,1.5519304306945447,-0.00821014887324123,0.27838870569717095
2025-06-24,63988.79296875,64983.95304602449,60605.24870601672,60605.24870601672,537295,61361.571875,59430.961328125,,,,,,,,71.14094065814562,242.47790773882298,-277.09899264609146,519.5769003849144,59430.961328125,62961.71699725847,55900.20565899153,0.11881872984149695,353809.55,1.5185994838183425,0.0645694796135372,0.3551373254828125
2025-06-25,62894.1171875,63789.76126137262,62197.50513004351,63690.245253164554,184924,61839.2484375,59629.993359375,,,,,,,,64.00000104673296,401.14204176962085,-141.450785762949,542.5928275325698,59629.993359375,63472.908977036335,55787.07774171367,0.12889203574117625,354541.5,0.5215863305141993,-0.017107304739825357,0.36303557269531905
2025-06-26,62297.0234375,63889.279627595846,61799.44337809505,62695.08748502396,171318,61978.57109375,59769.3158203125,,,,,,,,63.57616152268456,473.24871895307297,-18.510884819744618,491.75960377281757,59769.3158203125,63791.84646277215,55746.78517785285,0.1346018634227899,351720.6,0.48708548774225907,-0.009493634328627931,0.36497160051944283
2025-06-27,61699.92578125,62993.63390246976,61301.86174395162,62297.02183719758,132372,62197.50625,59963.3720703125,,,,,,,,61.146492515651616,476.71768469277595,80.5348290827595,396.1828556100164,59963.3720703125,63964.1131857516,55962.6309548734,0.13343949739010236,346050.45,0.38252225939888246,-0.00958468997879236,0.3495717601321422
2025-06-30,62396.5390625,62993.63513008373,60406.21883722089,61699.92698365231,160204,62655.2796875,60222.113671875,,,,,,,,66.45161372013487,529.5731454182678,170.34249234986117,359.23065306840664,60222.113671875,64144.86230794516,56299.36503580484,0.13027601978381456,338917.5,0.4726932070489131,0.011290342288575284,0.34665788142105364
2025-07-01,61600.41015625,62794.602275595724,61401.37813635905,62695.08626565024,213896,62177.603125,60465.9279296875,,,,,,,,56.204383326466534,501.4402387027003,236.562041620429,264.8781970822713,60465.9279296875,64066.152007436736,56865.70385193827,0.11908273637793951,342086.95,0.6252679326118695,-0.012759183733773272,0.34901083696955837
2025-07-02,62097.9921875,62993.63630558894,61003.31604316907,61301.86408253205,201541,62018.378125,60684.86328125,,,,,,,,53.846153846153854,513.3775223876291,291.92513777386904,221.4523846137601,60684.86328125,64110.11308853649,57259.61347396351,0.11288646367750166,340607.35,0.5917106603835766,0.008077576593855218,0.3458703807733787
2025-07-03,62197.5078125,63093.151925,61500.895724999995,62993.635912499994,169117,61998.475,60859.01640625,,,,,,,,60.683771580060146,524.8182073557327,338.5037516902418,186.31445566549093,60859.01640625,64215.943492249426,57502.08932025057,0.11031815117060237,336076.4,0.5032099843964051,0.0016025578524265782,0.3422960090612832
2025-07-04,59311.54296875,63491.21545983641,59112.510945364935,62396.53933121854,247428,61520.7984375,60913.7501953125,,,,,,,,46.42857042723247,297.5814549677161,330.3192923457367,-32.73783737802057,60913.7501953125,64121.679950112666,57705.82044051234,0.10532694981065287,338087.2,0.7318466951721331,-0.046400007737448234,0.3833216613015434
2025-07-07,59510.57421875,60903.79836433946,56326.06188597408,60008.154270746236,142905,60943.60546875,60978.435546875,,,,,,,,46.808508269051586,132.03285745610629,290.66200536781065,-158.62914791170437,60978.435546875,64004.40748120643,57952.46361254357,0.09924728003247378,330957.95,0.43179201466530714,0.003355691658617932,0.38336678411723923
2025-07-08,60505.734375,61003.31442742599,58117.35012335527,59610.09028063322,413404,60724.6703125,61137.6611328125,,,,,,,,50.0,80.21088773952215,248.57178184215297,-168.36089410263082,61137.6611328125,63643.84669011131,58631.47557551369,0.08198499945408434,323952.95,1.2761235852305095,0.016722408904877417,0.3816892920161972
2025-07-09,58614.9296875,60505.73387096774,58515.413677843804,60306.70185165535,364405,60028.0578125,61072.97578125,61386.451171875,,,,,,,40.506327227087795,-112.13787714086357,176.4298500455497,-288.56772718641326,61072.97578125,63772.08197899434,58373.869583505664,0.08838954261576985,311298.35,1.17059727428687,-0.03125000806999956,0.36576043532671043
2025-07-10,58316.3828125,59112.51090550342,57719.28674274744,59112.51090550342,279296,59251.8328125,60933.6533203125,61373.182356770834,,,,,,,42.38410768178971,-285.37625700850185,84.06862863473938,-369.44488564324126,60933.6533203125,63900.63925163275,57966.66738899225,0.09738414717146754,298503.35,0.9356544909797495,-0.005093358920528868,0.3576045125237719
2025-07-11,57022.67578125,59012.99605284686,56923.15976767016,58515.41598494764,181136,58794.059375,60799.3068359375,61298.54537760417,,,,,,,40.25157139545546,-521.0538818249333,-36.95587345719517,-484.0980083677382,60799.3068359375,64209.840018978306,57388.7736528967,0.11218987059322497,290913.2,0.6226462051223526,-0.022184281137764494,0.3571369667339633
2025-07-14,56624.609375,57420.73745057118,55430.41726164323,57221.70543167838,396056,58216.86640625,60615.2021484375,61218.93255208333,,,,,,,20.16130232092881,-731.5182427144464,-175.8683473086454,-555.649895405801,60615.2021484375,64501.97590378824,56728.42839308676,0.12824419015654245,296405.75,1.3361954010676245,-0.006980844037853595,0.3546082781445589
2025-07-15,58614.9296875,58913.477716468595,56724.12550403226,57221.705552313244,474949,57838.70546875,60525.6376953125,61177.467513020834,,,,,,,33.83459423277952,-729.3035917849847,-286.5553962039133,-442.74819558107146,60525.6376953125,64513.917329756834,56537.358060868166,0.13178810786005854,305515.8,1.554580810550551,0.03514938706806747,0.37939348556687846
2025-07-16,59709.60546875,60107.66950520834,58714.44537760417,59311.54143229167,249877,58057.640625,60485.83125,61132.685286458334,,,,,,,40.579707671552455,-631.9327506233312,-355.6308670877969,-276.30188353553433,60485.83125,64490.80447398165,56480.85802601836,0.13242682265300418,298783.55,0.8363144490384428,0.01867571601785012,0.38586939810018983
2025-07-17,59112.51171875,60008.15583570076,58216.86760179925,59709.60779671717,108903,58216.86640625,60361.436328125,61064.68268229167,,,,,,,40.579719213972055,-596.0749519853052,-403.7196840672986,-192.35526791800663,60361.436328125,64375.18476536147,56347.68789088853,0.13299048801349653,286273.65,0.3804157315910842,-0.00999996140172954,0.38088126164731934
2025-07-18,58117.3515625,59510.575743792804,57719.28751070205,59411.05973084332,93270,58435.8015625,60237.04140625,60985.069921875,,,,,,,34.751776800950964,-640.5743535283254,-451.090617959504,-189.48373556882143,60237.04140625,64371.37334756614,56102.709464933854,0.1372687583851746,262127.35,0.35581941373153164,-0.0168350172800108,0.3812288958769254
2025-07-21,58316.3828125,58614.93084737628,57520.25471949659,58216.86680087457,118276,58774.15625,60147.476953125,60905.45709635417,,,,,,,37.77778036230331,-652.2614276315071,-491.32477989390463,-160.93664773760247,60147.476953125,64370.274354388166,55924.67955186183,0.14041478097424234,242028.6,0.4886860478472379,0.003424644183690262,0.3808802777145829
2025-07-22,57818.80078125,59610.088929378224,57818.80078125,58415.89683062607,178559,58614.93046875,59838.97734375,60819.20989583333,,,,,,,34.074061582200656,-693.6779419986051,-531.7954123148447,-161.88252968376037,59838.97734375,63771.718955812205,55906.23573168779,0.1314441451587732,224091.8,0.7968118422896331,-0.00853245704298633,0.29118386341552877
2025-07-23,58216.8671875,58515.41522435897,57321.223076923074,58017.835162927346,97624,58316.3828125,59605.11484375,60752.865885416664,,,,,,,35.507247201270175,-686.4670311950686,-562.7297360908896,-123.737295104179,59605.11484375,63323.3259955762,55886.903691923806,0.1247614793318723,219726.8,0.44429719087521413,0.006884722631242957,0.29029188531785793
2025-07-24,58117.3515625,58614.93162724743,57719.28751070205,58117.3515625,97105,58117.35078125,59396.13125,60658.32571614583,,,,,,,44.54545811386144,-680.9330394692734,-586.3703967665663,-94.56264270270708,59396.13125,62943.19177239344,55849.07072760656,0.11943742623450547,216016.15,0.44952657474915647,-0.0017093950569254668,0.2895441900702312
2025-07-25,58017.8359375,58415.89999195969,57321.22384219554,58117.35195111493,109121,58097.44765625,59212.0267578125,60572.078515625,,,,,,,43.11927530569215,-676.7759386645121,-604.4515051461555,-72.32443351835661,59212.0267578125,62635.69427750382,55788.35923812118,0.11564095023109804,214853.6,0.50788536938641,-0.001712322091845131,0.28862750878177096
2025-07-28,56724.125,58017.833114035086,56525.09298245614,57719.2850877193,112318,57778.99609375,58928.4060546875,60465.928059895836,,,,,,,33.03571553738726,-769.0084166532106,-637.3628874475665,-131.64552920564404,58928.4060546875,62176.62318764868,55680.188921726316,0.11024283025564034,212459.3,0.5286565473951953,-0.022298503841019834,0.2913171219170194
2025-07-29,58117.3515625,58415.89960134846,56425.57934235873,56525.095355308214,171776,57838.70625,58754.253125,60371.387890625,,,,,,,47.66356168725403,-721.3661204431701,-654.1635340466872,-67.20258639648284,58754.253125,61764.00788649953,55744.498363500476,0.10245231966769307,210353.3,0.8166071081366444,0.024561446518566843,0.3071336809642852
2025-07-30,56027.515625,57818.8038687833,55927.999611456486,57619.771841696274,438861,57400.8359375,58450.729296875,60238.699934895834,,,,,,,40.80000904376618,-842.5293976809699,-691.8367067735438,-150.69269090742603,58450.729296875,61258.25433099604,55643.204262753956,0.09606467080543826,222219.3,1.9749004699411798,-0.03595889835503896,0.32579739142280073
2025-07-31,57520.25390625,58017.83395734213,56226.54577341047,56326.061783628895,218864,57281.41640625,58216.8666015625,60124.256510416664,,,,,,,51.96849541920701,-808.7775793751935,-715.2248812938738,-93.5526980813197,58216.8666015625,60425.65454659197,56008.07865653303,0.0758813750711272,224706.65,0.9739987668366735,0.026642949711372266,0.34406803045806217
2025-08-01,54634.2890625,56823.64126536885,54037.19300717213,56823.64126536885,372158,56604.70703125,57983.00390625,59930.20026041667,,,,,,,43.42105399073642,-1003.3364263079857,-772.8471902966962,-230.48923601128945,57983.00390625,60647.26030110907,55318.74751139093,0.09189783955197561,230943.15,1.6114701821638788,-0.05017301989754286,0.35048264188748685
2025-08-04,54833.3203125,55231.38434380671,53738.64422640653,54236.224265539924,199441,56226.54609375,57749.1412109375,59671.45859375,,,,,,,35.820895085180794,-1128.4574012404264,-843.9692324854424,-284.48816875498403,57749.1412109375,60658.65177311586,54839.63064875914,0.10076376899011986,233769.95,0.8531507150512715,0.0036429731843370394,0.35056262180828424
2025-08-05,55231.38671875,55927.99880349099,54733.80665822072,55430.41874296171,205741,55649.353125,57485.423828125,59421.0099609375,,,,,,,32.28347941223923,-1181.8721565864616,-911.5498173056462,-270.3223392808154,57485.423828125,60297.40160299056,54673.44605325944,0.09783272306639197,223386.8,0.9210078661765154,0.007259571442717272,0.3447581130111714
2025-08-06,56823.640625,57022.67264119965,54733.80445490368,55430.41651160245,196084,55808.578125,57395.859375,59299.93209635417,,,,,,,41.60583251461868,-1083.2352896885059,-945.8869117822182,-137.34837790628762,57395.859375,60170.21669181218,54621.50205818782,0.09667447606928284,214970.75,0.9121426984833984,0.028828787413180512,0.34846342248464557
2025-08-07,58714.4453125,59510.5733845339,57122.1891684322,57619.76921345339,311025,56047.41640625,57415.7625,59193.781640625,,,,,,,52.05478568156253,-842.7777090454983,-925.2650712348743,82.48736218937597,57415.7625,60223.43659880771,54608.08840119228,0.09780150873404196,216557.2,1.4362256253774983,0.033274965607679174,0.3689655283995164
2025-08-08,59212.02734375,59908.63943014706,57918.31918329832,59809.12341780462,206947,56962.9640625,57525.230078125,59100.900065104164,,,,,,,53.020133874578136,-605.0875597919076,-861.229568946281,256.14200915437345,57525.230078125,60437.1582861586,54613.3018700914,0.10124003690481234,217847.75,0.9499616130990566,0.008474610099808988,0.3597930612968681
2025-08-11,59510.57421875,60605.250333141725,58117.35007316053,59709.60623954849,498725,57898.41484375,57669.5283203125,59014.65286458333,,,,,,,55.78231492330549,-388.15179402580543,-766.6140139621859,378.4622199363805,57669.5283203125,60677.96669904068,54661.08994158432,0.1043337258462902,222981.2,2.2366235359752302,0.005041997181870039,0.35828257893517945
2025-08-12,54833.3203125,60008.1527194873,54733.80430467332,59610.08868818058,781880,57818.8015625,57480.4478515625,58925.08841145833,,,,,,,41.05262722964346,-586.8787644338372,-730.6669640565162,143.78819962267903,57480.4478515625,60706.20261982559,54254.69308329941,0.11223833107888369,238327.75,3.280692239993035,-0.07859534154480297,0.43996948530515967
2025-08-13,54733.8046875,56326.060823863634,54534.77267045454,55828.48078125,232898,57400.834375,57231.6578125,58842.1583984375,,,,,,,41.05262722964346,-743.8270245605381,-733.2989761573207,-10.52804840321744,57231.6578125,60500.74978320183,53962.565841798176,0.11424068760726415,237478.8,0.9807106992287312,-0.0018148750510246225,0.43255775642442945
2025-08-14,55927.99609375,56127.028108318504,54932.836020907474,55330.90005004449,185782,56843.54453125,57072.43203125,58810.64498697917,,,,,,,44.77611153325416,-763.0523922574066,-739.2496593773378,-23.80273288006879,57072.43203125,60265.11895305949,53879.745109440504,0.11188192996791653,241322.75,0.7698486777562413,0.021818169101676332,0.4413401468379781
2025-08-18,55032.35546875,56226.547630820525,54833.32344173825,56027.515603808766,125298,56007.61015625,56918.1822265625,58744.301041666666,,,,,,,45.685285559809124,-840.8663639030128,-759.5730002824729,-81.29336362053994,56918.1822265625,60195.2840259689,53641.08042715611,0.1151513161949519,242924.15,0.5157906284739496,-0.01601417335780586,0.44099326794376853
2025-08-19,53639.12890625,55529.93307919759,53340.58087894249,55231.38505189008,188816,54833.32109375,56684.31953125,58669.66399739583,,,,,,,38.578673628768364,-1003.3897841221915,-808.3363570504166,-195.05342707177488,56684.31953125,60200.16404494286,53168.475017557146,0.12404998570211558,246451.15,0.7661396589141499,-0.025316498823880762,0.44775273589122516
2025-08-20,53440.09765625,53440.09765625,52046.87350878724,52843.001593051675,151711,54554.6765625,56465.384375,58578.441015625,,,,,,,42.696623514662896,-1135.1654434492157,-873.7021743301765,-261.4632691190392,56465.384375,60220.936009468,52709.832740532,0.1330213785326065,245108.75,0.6189538317175539,-0.0037105608174187177,0.44740161749396484
2025-08-21,53241.06640625,54236.22652599299,53042.034382301405,53539.6144421729,143049,54256.12890625,56216.5943359375,58483.90084635417,,,,,,,36.96969898819,-1241.34925980572,-947.2315914252853,-294.1176683804348,56216.5943359375,60139.144608034905,52294.0440638401,0.13955133065006184,247380.0,0.5782561241814212,-0.0037243803572414302,0.445703503950721
2025-08-22,53539.61328125,54037.19333033225,53042.03323216775,53241.06525180065,165850,53778.45234375,55987.707421875,58384.38483072917,,,,,,,46.0431658739453,-1286.5795730786995,-1015.1011877559681,-271.47838532273136,55987.707421875,59976.92890430986,51998.485939440136,0.14250347678555708,250817.25,0.6612384116323737,0.005607454830486969,0.44697330898317117
2025-08-25,53639.12890625,53937.676933557515,53042.03285163498,53937.676933557515,94413,53499.80703125,55768.7720703125,58314.7236328125,,,,,,,45.65217576807584,-1299.415984354353,-1071.964147075645,-227.4518372787079,55768.7720703125,59769.474999639446,51768.06914098556,0.14347466443345439,250081.85,0.3775283972027558,0.001858728871970694,0.4473643819473039
2025-08-26,52942.515625,53838.15968632519,52842.99961818609,53539.61166588346,192926,53360.484375,55579.6916015625,58243.40377604167,,,,,,,41.84395939009985,-1350.235132611866,-1127.6183441828894,-222.61678842897663,55579.6916015625,59744.3729620307,51415.01024109431,0.14986342098922747,254112.25,0.7592156615826273,-0.012987035685600556,0.4433863847846278
2025-08-27,52245.90625,53141.550357142856,51748.32619047619,52942.51833333333,223408,53121.64609375,55286.1193359375,58168.766796875,,,,,,,32.575760279097096,-1430.2333882824241,-1188.1413530027964,-242.09203527962768,55286.1193359375,59524.7244851684,51047.514186706605,0.15333342980633793,256693.85,0.8703286035095893,-0.013157844253835482,0.43229292074352743
2025-08-28,52146.390625,52444.93866292939,51449.77853649809,52345.42265028626,117983,52902.7109375,55092.0630859375,58075.88522135417,,,,,,,21.05262795452495,-1484.5496967048675,-1247.4230217432107,-237.12667496165682,55092.0630859375,59538.05468121876,50646.07149065624,0.16140225456236793,240649.95,0.49026812596470515,-0.0019047544993058274,0.41650691195165573
2025-08-29,51947.35546875,52643.9675152658,51449.775435524425,52444.935501975575,236637,52584.259375,54813.4181640625,57963.100390625,,,,,,,17.11709194913726,-1526.0647121018774,-1303.151359814944,-222.91335228693333,54813.4181640625,59316.81364322435,50310.02268490066,0.16431726500553914,241538.6,0.9797067632254224,-0.0038168539349410224,0.40126958118786715
2025-09-01,51847.83984375,52643.96790277112,51449.775814239445,52146.38786588292,139640,52226.0015625,54674.095703125,57856.949934895834,,,,,,,14.678882233171308,-1549.1382388419588,-1352.3487356203473,-196.78950322161154,54674.095703125,59369.15613263779,49979.03527361221,0.17174716359302994,229912.7,0.6073609678804172,-0.00191570146549358,0.36364870450924297
2025-09-02,52643.96875,53340.580812854445,51648.80866020794,51847.84067816635,189437,52166.2921875,54564.628125,57764.06829427083,,,,,,,34.285711081428744,-1486.052932640123,-1379.0895750243023,-106.96335761582054,54564.628125,59345.36720089618,49783.889049103826,0.17523216927069188,229412.5,0.8257483790116057,0.015355102713039415,0.36855529997610925
2025-09-03,52046.875,52544.455066921604,51947.358986615676,52245.90702676864,118231,52126.4859375,54405.4025390625,57676.1625,,,,,,,32.000004186934035,-1467.323457038794,-1396.7363514272008,-70.58710561159319,54405.4025390625,59303.32738563768,49507.47769248732,0.1800528851177426,225037.0,0.5253847145136133,-0.011342111246124498,0.3684242693067619
2025-09-04,52942.515625,53539.61166588346,52046.87156367481,52046.87156367481,255083,52285.7109375,54211.3462890625,57560.06048177083,,,,,,,29.166641679528226,-1364.480616245295,-1390.2852043908197,25.804588145524576,54211.3462890625,59012.44108049658,49410.25149762842,0.17712508985974887,227986.95,1.1188491271101262,0.017208345842089523,0.3573773742444815
2025-09-05,53241.06640625,54236.22652599299,52942.5183703271,53738.6464661215,173707,52544.453125,53937.67734375,57429.0310546875,,,,,,,36.363625550278286,-1244.5400875894702,-1361.1361810305498,116.59609344107957,53937.67734375,58257.90093899015,49617.453748509855,0.1601931639624356,221121.05,0.7855742363741489,0.005639149891642603,0.3324783928245751
2025-09-08,55728.96484375,56226.54488699776,53440.09664481026,54136.70870535714,471635,53320.678125,53763.52421875,57362.68704427083,,,,,,,63.63637290496101,-937.9219622883102,-1276.493337282102,338.5713749937918,53763.52421875,57418.050852430824,50108.99758506917,0.13594817998952208,234355.45,2.0124772007649065,0.046728936992290304,0.37724506316432993
2025-09-09,56127.03125,56226.547262854605,55181.629127881206,56127.03125,156282,54017.290625,53594.3470703125,57293.02584635417,,,,,,,67.08862268963054,-655.2509318553348,-1152.2448561967485,496.99392434141373,53594.3470703125,56325.22689713297,50863.46724349203,0.10190924887050953,217233.3,0.7194200889090209,0.007142899699753569,0.3778939149638907
2025-09-10,56326.0625,56425.5785114841,55529.93440812721,56027.514465547705,181321,54873.128125,53668.9841796875,57225.0232421875,,,,,,,69.62025945401273,-410.44064098214585,-1003.8840131538279,593.4433721716821,53668.9841796875,56615.52175587882,50722.44660349617,0.10980411204825903,187205.35,0.9685674047242774,0.0035460854701805378,0.24966837270230488
2025-09-11,55032.35546875,56326.0636443264,55032.35546875,56226.547630820525,237303,55291.09609375,53683.91171875,57133.80026041667,,,,,,,58.426980663076016,-317.162020813892,-866.5396146858408,549.3775938719488,53683.91171875,56656.076602151465,50711.74683534854,0.11072832765885743,187425.6,1.2661183957794453,-0.02296817803037443,0.2642156656851575
2025-09-12,54833.3203125,56027.512406420145,54435.25628119329,56027.512406420145,247089,55609.546875,53629.1779296875,57021.0154296875,,,,,,,56.666662305280454,-256.34354715428344,-744.5004011795294,488.15685402524593,53629.1779296875,56464.50726643157,50793.84859294344,0.10573831060626833,190490.95,1.297116739666635,-0.00361669338981907,0.2520161687239548
2025-09-15,55131.87109375,55131.87109375,53738.646914485566,54634.29102972699,134875,55490.128125,53634.1537109375,56929.79244791667,,,,,,,62.79071359618794,-181.95643513146206,-631.9916079699159,450.03517283845383,53634.1537109375,56480.18043338729,50788.126988487704,0.1061274029898382,190969.8,0.7062635034440001,0.00544469639169276,0.2463604242850153
2025-09-16,54236.2265625,54932.838646788994,54037.19453841743,54634.29061066514,220950,55111.9671875,53664.00859375,56831.93502604167,,,,,,,61.36363028112787,-193.04978364484123,-544.2032431049009,351.1534594600597,53664.00859375,56522.75377978538,50805.263407714614,0.10654236464803817,192576.5,1.1473362533850184,-0.016245494910321234,0.23577443933414582
2025-09-17,54435.2578125,54733.805844378425,53937.67775936928,54136.70978062157,117613,54733.80625,53713.7666015625,56672.70944010417,,,,,,,62.921335430326,-183.66401927618426,-472.0953983391576,288.43137906297335,53713.7666015625,56590.68696693836,50836.84623618664,0.1071204105538252,190871.6,0.6161891030409972,0.003669710498215517,0.23541628463539338
2025-09-18,53440.09765625,54932.83781424581,53042.03361411778,54833.32180371275,236582,54415.3546875,53723.7181640625,56515.14244791667,,,,,,,57.73196794084774,-253.603458297599,-428.3970103308459,174.7935520332469,53723.7181640625,56595.12547687875,50852.31085124625,0.10689533081264002,195548.25,1.2098395153114385,-0.01828153656730691,0.24479642870911317
2025-09-19,52843.0,53639.128060263654,52245.90395480226,53539.6120527307,249973,54017.290625,53688.8875,56357.575390625,,,,,,,54.90195927518402,-353.14096904602775,-413.3458020738823,60.204833027854534,53688.8875,56586.47855628334,50791.29644371665,0.10794006697506427,199754.4,1.2514017213137734,-0.011173214167586099,0.24720447288983421
2025-09-22,52643.96875,53539.612830812854,52544.452741020796,52843.000767958416,118029,53519.71015625,53639.1294921875,56206.6427734375,,,,,,,50.0,-442.9789365093675,-419.2724289609793,-23.706507548388174,53639.1294921875,56574.253384651005,50704.005599724,0.10943965423193537,200935.2,0.5873983254302879,-0.0037664638646557336,0.24728668616855226
2025-09-23,52444.9375,53042.03356261859,52046.87345825427,52643.969520872866,189130,53161.45234375,53614.2505859375,56040.78274739583,,,,,,,52.17390376832173,-524.1937521970685,-440.2566936081972,-83.93705858887131,53614.2505859375,56582.484783295855,50646.01638857915,0.11072556885228169,200745.4,0.9421386492542295,-0.003780703748708203,0.24340876138316958
2025-09-24,51449.77734375,52743.48547811896,51250.745323077856,52743.48547811896,228185,52564.35625,53574.444140625,55871.60553385417,,,,,,,41.93550020913535,-661.2358709444379,-484.4525290754454,-176.78334186899252,53574.444140625,56639.71153076213,50509.176750487866,0.11443020788386556,200984.25,1.1353377192491452,-0.018975333057647314,0.24829196745717258
2025-09-25,50852.6796875,51648.80774522994,50454.61565863503,51350.25972358121,184627,52046.87265625,53509.75859375,55684.18365885417,,,,,,,37.49999488900346,-808.7013226445852,-549.3022877892734,-259.3990348553118,53509.75859375,56751.438967527785,50268.07821997221,0.12116221261205316,204316.45,0.9036325758400755,-0.01160544684694409,0.2513101905086381
2025-09-26,49957.0390625,50653.65116098108,49061.39493588147,50554.13514691235,207391,51469.68046875,53410.2427734375,55480.17584635417,,,,,,,13.750037412497676,-986.4680788467522,-636.7354460007691,-349.73263284598306,53410.2427734375,56961.31317959638,49859.172367278625,0.13297338569391148,202854.15,1.0223650834848586,-0.0176124568165118,0.25794432713059384
2025-09-29,50653.6484375,50952.196463654225,49658.488350319254,49708.24635467829,124235,51071.61640625,53350.533203125,55335.877604166664,,,,,,,16.867453355756112,-1058.9322473373759,-721.1748062680905,-337.7574410692854,53350.533203125,57049.30638956914,49651.76001668086,0.1386592772132775,202083.9,0.6147694101311386,0.013944168591106587,0.2639459844451078
2025-09-30,50255.5859375,51250.746055074254,50056.553913985146,50653.6499845297,134067,50633.74609375,53231.1140625,55181.62779947917,,,,,,,14.117641082666651,-1135.392838065498,-804.018412627572,-331.3744254379259,53231.1140625,57172.22347831384,49290.00464668615,0.14807540609375516,199315.4,0.6726374379501032,-0.00785851586764097,0.25761417134463627
2025-10-01,49260.42578125,51151.23000315656,49011.63575205176,50255.585898042926,348337,50195.87578125,53091.7916015625,54994.20598958333,,,,,,,14.634138168728214,-1261.744904940053,-895.5637110900683,-366.18119384998465,53091.7916015625,57390.00076567039,48793.582437454614,0.1619161469013749,210820.7,1.6522903111506602,-0.019801980967600774,0.2632859798341961
2025-10-02,49011.63671875,49558.97479378173,48563.81465736041,49260.42675285533,299963,49827.6671875,52895.24765625,54834.151106770834,58110.30113932292,,,,,,14.545453680385705,-1366.2062511530094,-989.6922191026565,-376.51403205035285,52895.24765625,57565.58292403673,48224.91238846327,0.1765880858763648,213064.7,1.4078493528022238,-0.005050485426268847,0.25269710132789286
2025-10-10,48563.8125,49011.6345414959,47767.684426229505,48862.360527663935,250078,49549.021875,52661.3849609375,54671.60826822917,58022.3953125,,,,,,10.71425066740936,-1468.2037535146883,-1085.394525985063,-382.80922752962533,52661.3849609375,57711.763881355255,47611.00604051975,0.19180577662983828,216883.25,1.1530535437845015,-0.009137099854873432,0.2508667823708616
2025-10-13,47817.44140625,48265.26343815037,47170.587360171696,48016.473420427945,164012,48981.78046875,52265.8087890625,54518.1876953125,57908.366536458336,,,,,,10.909054576199082,-1590.924234313563,-1186.500467650763,-404.42376666279984,52265.8087890625,57538.96198650382,46992.65559162119,0.20178213327657568,201502.1,0.8139468521668012,-0.015368873556827922,0.16488024029033901
2025-10-14,46872.0390625,49260.42321855095,46424.21703324045,47867.199127521235,278310,48305.07109375,51803.0591796875,54355.644856770836,57787.28870442708,,,,,,7.777750640251767,-1744.3592796338926,-1298.072230047389,-446.2870495865036,51803.0591796875,57270.285090480225,46335.83326889478,0.21107733780079452,207603.5,1.340584335042521,-0.019771077580625906,0.160639683971113
2025-10-15,46573.4921875,46921.79821881677,45677.848106971156,46573.4921875,642993,47767.684375,51315.4306640625,54154.95423177083,57666.21087239583,,,,,,8.43370702028598,-1868.50888887763,-1412.1595618134374,-456.3493270641925,51315.4306640625,56823.61283651739,45807.24849160761,0.21467937036383147,230687.1,2.7872949982898914,-0.006369402333914143,0.1541588053322297
2025-10-16,46872.0390625,48464.29516653397,46722.765052746814,46971.55506900213,221497,47339.76484375,50907.41484375,53940.994791666664,57536.8400390625,,,,,,12.49996320076778,-1920.6678475286826,-1513.8612189564865,-406.80662857219613,50907.41484375,56465.036395649244,45349.79329185075,0.21834232081739924,229896.8,0.9634627363234286,0.0064102316785281666,0.15517354322099677
2025-10-17,46374.4609375,47469.13705405043,46075.91290571352,47170.58902226395,198588,46901.89453125,50484.471875,53728.6939453125,57396.688313802086,,,,,,12.048158583958312,-1979.338017725051,-1606.9565787101994,-372.3814390148516,50484.471875,56071.511756207525,44897.43199379248,0.22133696456372098,227471.75,0.8730226940268407,-0.01061567055652346,0.15457050362681635
2025-10-20,46274.9453125,46374.461323924734,45230.02719254032,46274.9453125,234688,46593.3953125,50041.6255859375,53531.3205078125,57258.19521484375,,,,,,12.19508692517799,-2010.6866850558217,-1687.702599979324,-322.98408507649765,50041.6255859375,55479.714591997435,44603.53657987757,0.21734261996429324,232462.4,1.0095740214331437,-0.0021459144319568857,0.14782106135832856
2025-10-21,46274.9453125,46822.283375336025,45976.397278225806,46573.493346774194,147769,46473.9765625,49643.5615234375,53330.6298828125,57118.04348958333,,,,,,13.888851029588224,-2012.3337983770107,-1752.6288396588616,-259.7049587181491,49643.5615234375,54952.83761944623,44334.28542742877,0.21389585811655115,228803.35,0.6458340754189132,0.0,0.1480364760584799
2025-10-22,46822.28125,46971.55526036132,45876.87918437832,46274.943212008504,151697,46523.734375,49262.9126953125,53147.35455729167,56983.2822265625,,,,,,21.67827407388701,-1947.0295668095423,-1791.5089850889979,-155.52058172054444,49262.9126953125,54204.60127524569,44321.224115379315,0.20062510759350213,230507.55,0.658099919069896,0.011827911060807939,0.15890088566997887
2025-10-23,46523.734375,48563.81256684492,46424.21836564171,47270.104445187164,221981,46454.0734375,48917.09453125,52952.469010416666,56852.66744791667,,,,,,23.66406541210368,-1897.492616814423,-1812.7057114340828,-84.78690538034016,48917.09453125,53588.59329267835,44245.595769821644,0.19099657517246987,229777.5,0.9660693496969894,-0.006376171067060121,0.15367761825346823
2025-10-24,52146.390625,52544.45467557252,48115.992112953245,49111.152239384544,1238028,47608.459375,48882.2640625,52852.95299479167,56755.63935546875,,,,,,56.52175100264528,-1388.5267857149447,-1727.8699262902553,339.3431405753106,48882.2640625,53439.505483431545,44325.02264156845,0.18645787008166145,279180.25,4.434511395415686,0.12085565197065073,0.4776546585658557
2025-10-27,50454.6171875,52444.93739213511,50056.55314657298,51350.2612795858,304067,48444.39375,48772.796484375,52726.89934895833,56649.488932291664,,,,,,50.781247125062094,-1108.8970009707336,-1604.0753412263512,495.1783402556175,48772.796484375,53045.903173317005,44499.689795433,0.1752250023355109,288482.15,1.054023619832284,-0.03244277153650077,0.49110356790459486
2025-10-28,50355.1015625,51449.77768342391,50156.06954051383,51250.745661437744,142134,49260.425,48668.3046875,52620.74895833333,56543.33850911458,,,,,,54.621848462308535,-885.1154018011002,-1460.283353341301,575.1679515402009,48668.3046875,52655.99740360792,44680.61197139208,0.16387226724715248,286132.35,0.4967421544610388,-0.001972378952558085,0.4910435896634658
2025-10-29,48514.0546875,50653.64889423077,48464.29668269231,50554.132884615385,489842,49598.7796875,48521.5185546875,52460.694010416664,56416.04095052083,,,,,,48.14814060994867,-846.5652910351419,-1337.5397408800693,490.97444984492745,48521.5185546875,52288.1119405997,44754.9251687753,0.15525455501426486,299215.2,1.6370892922552063,-0.036561278159968014,0.5031147446334202
2025-10-30,48613.5703125,49509.2143919524,48514.054303671954,49061.3923522262,228170,50016.746875,48409.5630859375,52337.128255208336,56287.91409505208,,,,,,50.19011338745699,-798.7761767195261,-1229.7870280479608,431.0108513284347,48409.5630859375,52014.02824079046,44805.09793108454,0.1489154177431533,301392.35,0.7570530572524485,0.0020512741233653653,0.5021648623860032
2025-10-31,49061.39453125,50255.58669022566,48762.84649150608,50255.58669022566,195286,49399.74765625,48364.780859375,52196.147265625,56160.201888020834,,,,,,54.86382594745115,-716.5078312247351,-1127.1311886833157,410.6233574585806,48364.780859375,51910.063755914416,44819.49796283559,0.14660597374968562,300787.1,0.6492499179652319,0.009211917904224487,0.49998427571483195
2025-11-03,47668.16796875,49558.972126174325,47568.651960464515,49210.666097175104,264403,48842.4578125,48215.5068359375,52080.045247395836,56005.12275390625,,,,,,53.00752201459071,-755.0278238573082,-1052.7105157181143,297.682691860806,48215.5068359375,51602.90131442076,44828.11235745424,0.14051058262270333,307795.5,0.8590216556122491,-0.028397614372999036,0.506356789076899
2025-11-04,47270.10546875,48165.749572368426,47220.34746299342,47220.34746299342,157685,48225.45859375,48066.2328125,51953.99166666667,55812.72513020833,,,,,,52.61194499848702,-808.3572730838787,-1003.8398671912671,195.48259410738842,48066.2328125,51336.185419562426,44796.28020543757,0.13606028247805807,308976.4,0.5103464212800718,-0.008350698526130906,0.5064279046497538
2025-11-05,47071.07421875,47618.412291061046,45876.882060980446,46971.55820560254,201880,47936.8625,47956.765234375,51817.98645833333,55619.498209635414,,,,,,50.75189157107606,-856.804693155027,-974.4328323840191,117.62813922899204,47956.765234375,51204.90262827858,44708.627840471425,0.13546107115562245,301653.55,0.6692445688108096,-0.0042105099624026865,0.5024120114544858
2025-11-06,47717.92578125,49111.14989165146,47618.40977336418,47916.957797021634,205697,47757.73359375,47892.0796875,51666.22454427083,55483.0783203125,,,,,,55.01858291247572,-833.397223060856,-946.2257105193866,112.8284874585305,47892.0796875,51103.08017274922,44681.07920225078,0.13409317391106332,296940.25,0.6927218522918331,0.013742018282691726,0.5052302067701997
2025-11-07,46424.21875,47966.71690782422,45976.396704180064,47568.65286709539,147424,47230.2984375,47785.1,51461.387434895834,55327.58453776042,,,,,,50.51194347213797,-908.7623333368101,-938.7330350828713,29.970701746061195,47785.1,51044.07908592903,44526.12091407097,0.136401476021983,291807.55,0.5052096835739857,-0.027111552106867554,0.5130934087363506
2025-11-10,49658.48828125,50554.13235846694,46374.459998121245,46822.28203672971,451628,47628.3625,47877.15234375,51302.161783854164,55201.530924479164,,,,,,59.49720419251611,-699.4483991987508,-890.8761079060473,191.42770870729646,47877.15234375,51242.253491770825,44512.051195729175,0.1405723182473326,306188.35,1.475000600120808,0.0696677212527137,0.568968496349512
2025-11-11,53937.67578125,56127.02793473247,51051.7115789322,51151.22758590867,1022150,48961.8765625,48230.4341796875,51209.28014322917,55111.96650390625,,,,,,66.5127026647267,-186.12539211965486,-749.9259647487689,563.8005726291141,48230.4341796875,52510.42637752167,43950.441981853335,0.17748097319168266,343380.35,2.976728283956843,0.08617232719135615,0.634537561790456
2025-11-12,54136.7109375,55131.871065027575,53340.582835477944,53340.582835477944,231833,50375.00390625,48608.5951171875,51197.66998697917,55061.37919921875,,,,,,67.74942168630808,234.04928847929114,-553.1309141031569,787.180202582448,48608.5951171875,53556.547745255215,43660.64248911978,0.20358344511455223,322822.35,0.7181442053191175,0.0036900951582936603,0.6325663413350564
2025-11-13,56724.125,57520.25307017544,54136.70877192982,54136.70877192982,477853,52176.24375,49101.1994140625,51230.8419921875,55036.5001953125,,,,,,62.43242738609461,766.9821481966501,-289.10830164319555,1056.0904498398456,49101.1994140625,55158.5331288315,43043.86569929351,0.24672854378519257,335640.15,1.4237063116555035,0.04779407573332506,0.6478234265043914
2025-11-14,55828.48046875,58117.34865196078,55728.964460784315,56624.60853247549,261101,54057.09609375,49573.900390625,51229.1833984375,55019.91419270833,,,,,,65.2542352208307,1104.3341737080118,-10.419806572954087,1114.7539802809658,49573.900390625,56185.46791129336,42962.33286995664,0.26673582141294183,338765.8,0.7707419107832019,-0.015789481657936588,0.6502989075095362
2025-11-17,56724.125,58017.833114035086,55629.44890350877,57619.76907894736,173536,55470.2234375,50096.359375,51257.379557291664,55000.84029947917,,,,,,67.29729488881787,1427.5037383683884,277.16490241531443,1150.338835953074,50096.359375,57240.28220539649,42952.43654460351,0.28520726533918883,335708.2,0.5169251153233672,0.016042788980282774,0.6489661358122932
2025-11-18,55231.38671875,56724.12690033784,55131.87070664414,56525.094876126124,219284,55728.965625,50544.1814453125,51283.9171875,54976.79059244792,,,,,,68.59504865037411,1545.352580115199,530.8024379552915,1014.5501421599076,50544.1814453125,57801.46333365267,43286.89955697233,0.2871658687832293,339283.95,0.6463140976754131,-0.026315756853895977,0.6614801418008073
2025-11-19,54037.1953125,55529.93551450276,53738.64727209945,55231.38747410221,170362,55709.0625,50904.9271484375,51293.868815104164,54936.15491536458,,,,,,64.15585337147247,1524.8103059981368,729.6040115638606,795.2062944342762,50904.9271484375,58100.240279379825,43709.61401749517,0.28269613705411945,340217.2,0.5007448183101854,-0.02162160824118131,0.6706300809696315
2025-11-20,55828.48046875,57520.252604166664,54534.77236519608,54932.83639705882,255392,55529.93359375,51370.164453125,51336.9923828125,54910.446614583336,,,,,,66.50485492392066,1634.2337184449134,910.5299529400711,723.7037655048423,51370.164453125,58575.96817665901,44164.36072959099,0.28054431206305624,341887.75,0.74700541332645,0.033149114159069626,0.6740564499668493
2025-11-21,55032.35546875,56326.0636443264,53937.67932018535,54335.74337420886,187113,55370.70859375,51514.4626953125,51361.871419270836,54873.128125,,,,,,68.50002041130347,1637.83201915455,1055.990366182967,581.841652971583,51514.4626953125,58899.08128997492,44129.84410065007,0.2867007907406314,289342.0,0.6466845463154329,-0.014260194676902094,0.5357142057305088
2025-11-24,53738.64453125,57321.22083333333,53440.09650607639,56127.028732638886,148969,54773.6125,51678.6640625,51363.530013020834,54839.12682291667,,,,,,65.55024300864193,1518.7844361589086,1148.5491801781552,370.23525598075344,51678.6640625,59109.95326927784,44247.37485572216,0.28759602600370865,281587.1,0.5290334677973529,-0.0235081876194565,0.5287176536866625
2025-11-25,51549.29296875,54634.289266107626,51549.29296875,54634.289266107626,218453,54037.19375,51738.3736328125,51340.30963541667,54791.856705729166,,,,,,59.82532810972324,1233.5563255650704,1165.5506092555383,68.00571630953209,51738.3736328125,59144.03144272093,44332.71582290407,0.28627331282063173,285403.05,0.7654192903684807,-0.040740729164221,0.5516190905700131
2025-11-26,51748.32421875,52743.484299879805,51051.712161959134,52544.452283653845,137923,53579.41953125,51900.087109375,51332.0166015625,54750.39169921875,,,,,,59.02004797021776,1011.9065229566186,1134.8217919957544,-122.91526903913586,51900.087109375,59148.87993041108,44651.294288338926,0.27933644141135505,267807.1,0.5150087507015311,0.0038609889396670205,0.5327388323649677
2025-11-27,51847.83984375,52345.4198806382,50753.16376259597,51847.83984375,167987,52783.29140625,52061.8005859375,51327.040755208334,54701.46298828125,,,,,,62.82353058526481,834.6561403094674,1074.7886616584972,-240.13252134902973,52061.8005859375,59144.28081789802,44979.320353976975,0.27207972648850653,264797.95,0.6343969052630505,0.0019230695196879033,0.532744460834079
2025-11-28,58316.3828125,58316.3828125,52345.422114974404,52643.970149850684,566693,53440.096875,52524.55,51433.1912109375,54698.14580078125,,,,,,67.7551087109596,1202.2821327191414,1100.287355870626,101.99477684851536,52524.55,59981.11717338273,45067.98282661728,0.283926932201522,283368.3,1.9998461366356082,0.12476012478521326,0.6846848209808601
2025-12-01,58614.9296875,60505.73387096774,58415.89766818761,58614.9296875,482889,54415.35390625,53071.8880859375,51545.97604166667,54701.46298828125,,,,,,61.463420798724925,1500.4226793908892,1180.3144205746787,320.10825881621054,53071.8880859375,60633.82281819891,45509.95335367609,0.2849695009914337,294292.6,1.640846558832944,0.0051194340355418255,0.6702476003294638
2025-12-02,59212.02734375,60107.671454831936,58415.89924501051,59709.607405462186,292098,55947.90078125,53668.9841796875,51655.443684895836,54709.75598958333,,,,,,62.2009603525437,1764.5414656933644,1297.1598295984159,467.3816360949486,53668.9841796875,61187.784810750694,46150.1835486243,0.28019165057753764,301013.25,0.97038253299481,0.010186784483635414,0.6662939894633696
2025-12-03,55330.90234375,59112.51077731565,54733.80627529227,58515.41470885792,435950,56664.41640625,54081.9755859375,51710.177473958334,54693.16998697917,,,,,,46.846849714084556,1641.7579909651831,1366.0794618717694,275.6785290934138,54081.9755859375,60954.453757136595,47209.497414738405,0.2541504113613072,312716.75,1.3940730709180114,-0.06554622724650994,0.7196748731702896
2025-12-04,54833.3203125,55728.96438294011,54236.224265539924,54733.80430467332,178243,57261.5125,54437.7453125,51741.69088541667,54650.87568359375,,,,,,47.70642168796834,1487.1574656400699,1390.2950626254294,96.86240301464045,54437.7453125,60625.66204431585,48249.82858068415,0.22733919989867693,311344.05,0.5724952829514488,-0.00899284143531065,0.7222336086823988
2025-12-05,55032.35546875,55728.96756329114,54236.227360702986,55032.35546875,140487,56604.70703125,54868.1521484375,51771.545703125,54600.28837890625,,,,,,45.97157041717569,1364.9614828709455,1385.2283466745328,-20.266863803587285,54868.1521484375,59773.808205449095,49962.4960914259,0.17881615709383056,310997.2,0.4517307551322005,0.003629821340668027,0.710604575001528
2025-12-08,54932.8359375,55330.89996603261,54236.22388756793,55131.867951766304,152170,55868.28828125,55131.86953125,51758.27688802083,54560.48196614583,,,,,,49.23857190364297,1245.7298929336393,1357.3286559263543,-111.59876299271491,55131.86953125,59381.54049398255,50882.198568517444,0.15416386198635054,296024.3,0.5140456374696266,-0.0018083821853948079,0.6746691655206037
2025-12-09,55828.48046875,56525.092524509804,54932.83639705882,56425.57651654412,192806,55191.57890625,55226.409765625,51753.301041666666,54523.16344401042,,,,,,54.63916566259271,1209.5659045305292,1327.7761056471893,-118.21020111666007,55226.409765625,59448.257742193906,51004.5617890561,0.15289235691713357,254557.1,0.7574174910069292,0.016304356328317393,0.6065396025619718
2025-12-10,56425.578125,56624.61014660494,55629.450038580246,56226.54610339506,136464,55410.5140625,55340.853125,51754.959635416664,54489.991438802084,,,,,,51.64835496639494,1215.079790416632,1305.236842601078,-90.157052184446,55340.853125,59562.417244462646,51119.28900553736,0.15256592123461754,249788.65,0.5463178571164062,0.010695215976444628,0.6072474447738703
2025-12-11,59510.57421875,59709.60623954849,56724.12592757107,56724.12592757107,429724,56345.96484375,55480.1755859375,51829.59661458333,54481.6984375,,,,,,60.97559761375743,1451.6492778297616,1334.5193296468149,117.12994818294669,55480.1755859375,60062.46495002414,50897.88622185085,0.16518654873356653,247382.2,1.7370853683086334,0.05467371706703261,0.6144648456113484
2025-12-12,56425.578125,59709.60648148148,55032.35397376543,59709.60648148148,346680,56624.609375,55510.03046875,51856.13424479167,54438.57483723958,,,,,,56.05381142239463,1374.3561761268938,1342.4866989428308,31.869477184063044,55510.03046875,60109.62263639115,50910.43830110886,0.16572111846454624,251661.15,1.377566620831225,-0.05183946104116077,0.6418676996174772
2025-12-15,56027.515625,56724.12771980462,55231.38751665187,56425.57967917407,101116,56843.5453125,55475.2,51871.06165364583,54400.42705078125,,,,,,60.97560928908439,1266.3824505633747,1327.2658492669398,-60.883398703565035,55475.2,60046.545089186344,50903.85491081365,0.16480679976588988,248040.15,0.4076598083011964,-0.00705464637186648,0.6400582455398649
2025-12-16,57619.76953125,58216.86558856865,55828.48135929404,56027.51337840026,267184,57201.803125,55594.619140625,51927.45403645833,54379.69453125,,,,,,63.47031546073786,1294.3733481211457,1320.6873490377811,-26.31400091663545,55594.619140625,60262.903973326196,50926.334307923804,0.1679401677667007,250435.15,1.0668789904292588,0.028419141710783302,0.6395505897469488
2025-12-17,58714.4453125,59709.60540254237,57420.73719544492,57520.25320444915,304138,57659.5765625,55828.481640625,51998.773828125,54335.74163411458,,,,,,65.0654976175127,1388.8774088359714,1334.3253609974192,54.5520478385522,55828.481640625,60634.83945984984,51022.123821400164,0.17218300329799302,257123.95,1.1828458609164956,0.018998267264090707,0.6351596278316458
2025-12-18,57818.80078125,58813.960863543456,57520.25275656196,58316.38082239673,107133,57321.221875,55927.99765625,52071.752213541666,54293.44733072917,,,,,,48.55490817987248,1375.6439620731035,1342.589081212556,33.05488086054743,55927.99765625,60816.08005056659,51039.91526193341,0.174799120267462,249711.0,0.429027956317503,-0.01525424495595673,0.6298216636110195
2025-12-19,57420.73828125,58316.38237922444,56525.09418327556,58117.350357452335,382152,57520.25390625,56047.416796875,52148.0478515625,54252.81162109375,,,,,,46.55172763844783,1317.84474922956,1337.6402148159568,-19.79546558639686,56047.416796875,60960.006233420456,51134.82736032954,0.1753011902171865,259462.95,1.4728576854614501,-0.006884655071038526,0.6277626401105221
2025-12-22,55828.48046875,57619.76861213235,55529.93244485294,57520.252604166664,161767,57480.446875,56151.90859375,52201.123046875,54203.88291015625,,,,,,40.760866318912605,1130.5245746458168,1296.2170867819289,-165.6925121361121,56151.90859375,60945.18072403836,51358.63646346164,0.1707251721385611,260102.85,0.6219347461975138,-0.02772966458043491,0.6302870329514921
2025-12-23,53937.67578125,56027.51192775599,53738.64376729705,55629.44789985009,219739,56744.028125,56271.327734375,52226.00201822917,54133.3923828125,,,,,,45.731701771291235,820.0468608021984,1200.9830415859828,-380.9361807837845,56271.327734375,60685.82447221145,51856.830996538556,0.1569003937022698,260167.15,0.8446070151439181,-0.03386810229517845,0.6244590171104012
2025-12-24,53241.06640625,54435.25854994159,53042.034382301405,54037.194502044396,116091,55649.35234375,56345.96484375,52255.8568359375,54063.731184895834,,,,,,45.180730441214344,511.87984869335924,1063.1624030074581,-551.2825543140989,56345.96484375,60480.04581034457,52211.88387715543,0.14673920228568527,259075.55,0.44809708982572843,-0.012915079578607935,0.6269792298172825
2025-12-26,52843.0,53937.67608286253,52643.96798493409,53838.160075329564,127899,54654.1921875,56395.7228515625,52289.02884114583,53986.60625,,,,,,43.45237191251839,232.85048373694008,897.1000191533545,-664.2495354164145,56395.7228515625,60320.50478519778,52470.940917927226,0.13918721971045847,257071.15,0.49752374002294697,-0.0074766798097656295,0.6279096496669945
2025-12-29,54600.0,54900.0,53100.0,53800.0,111976,54090.04453125,56209.9037109375,52366.4115234375,53923.293684895834,,,,,,49.09438173585869,151.7437108082595,748.0287574843355,-596.285046676076,56209.9037109375,60103.588169267015,52316.21925260798,0.13854086918038508,234335.3,0.4778452072735094,0.03324943701152461,0.44832299399097997
2025-12-30,54500.0,55000.0,53000.0,54100.0,69646,53824.3484375,56004.1572265625,52430.5173828125,53883.197493489584,,,,,,46.22172747502286,78.49203730792215,614.1214134490529,-535.6293761411307,56004.1572265625,59796.301102247686,52212.013350877314,0.13542365650979174,213673.15,0.32594642799060153,-0.001831501831501825,0.4473508382238467
2026-01-02,58600.0,59800.0,55900.0,56100.0,340006,54756.81328125,55973.555859375,52569.59095052083,53875.609375,,,,,,55.15670815239604,347.2721559351994,560.7515619462822,-213.4794060110828,55973.555859375,59665.25143952007,52281.860279229935,0.13190856015722452,216068.55,1.5736024516293556,0.07522935779816509,0.5259414511198731
2026-01-05,56600.0,58600.0,55700.0,58600.0,254700,55428.6,56037.0107421875,52691.9171875,53843.06158854167,,,,,,42.72299451578141,394.35319296871603,527.471888150769,-133.118695182053,56037.0107421875,59725.822432044464,52348.199052330536,0.13165626220957,207006.05,1.230398821676951,-0.03412969283276446,0.48417637007904835
2026-01-06,57300.0,58100.0,56300.0,57600.0,261140,56320.0,56160.3447265625,52830.05657552083,53832.103841145836,,,,,,52.48225786420169,482.58644770472165,518.4948000615595,-35.908352356837895,56160.3447265625,59844.646310769764,52476.043142355236,0.13120651599079936,211150.9,1.2367458533210136,0.012367491166077826,0.4839320748298812
2026-01-07,55500.0,57800.0,54500.0,56500.0,213387,56500.0,56183.726953125,52945.65970052083,53808.633984375,,,,,,48.61292342380837,402.62576184028876,495.32099241730543,-92.69523057701667,56183.726953125,59843.74225645483,52523.711649795165,0.1302873804147398,214795.9,0.9934407500329383,-0.03141361256544506,0.4987407121958533
2026-01-08,56000.0,56000.0,54900.0,55300.0,177661,56800.0,56237.08515625,53082.03567708333,53800.11168619792,,,,,,45.481340769898516,375.2762129511757,471.31203652407953,-96.03582357290384,56237.08515625,59851.14301270034,52623.027299799665,0.1285293448765697,216070.45,0.8222364511204563,0.009009009009008917,0.49944308634233503
2026-01-09,58100.0,59400.0,56400.0,56800.0,347243,56700.0,56350.6611328125,53269.168359375,53812.40660807292,,,,,,48.376926096264675,517.0932192294931,480.4682730651623,36.62494616433082,56350.6611328125,60052.35978348297,52648.96248214203,0.13138084190160473,223792.3,1.5516306861317393,0.03750000000000009,0.51329177839561
2026-01-12,58700.0,58900.0,56500.0,58200.0,161772,57120.0,56464.3822265625,53471.27682291667,53813.11552734375,,,,,,52.3646450930682,670.1738569776862,518.4093898476672,151.76446713001906,56464.3822265625,60312.61769617901,52616.146756945986,0.13630665272048936,225057.7,0.7188023338015095,0.010327022375215211,0.5132153464569391
2026-01-13,57400.0,59400.0,56900.0,58400.0,162403,57140.0,56358.853515625,53646.742838541664,53793.868815104164,,,,,,49.94691948018084,678.7678169572973,550.4810752695932,128.28674168770408,56358.853515625,59963.40388188303,52754.30314936697,0.12791425451047192,211691.65,0.7671677177630767,-0.022146507666098825,0.48100520805815467
2026-01-14,58100.0,58900.0,57100.0,57800.0,117912,57660.0,56442.574609375,53842.16848958333,53785.43121744792,,,,,,56.09232107030419,733.6061865486554,587.1060975254057,146.50008902324964,56442.574609375,60130.46875543302,52754.680463316974,0.13067774358561854,200253.25,0.5888144137485909,0.012195121951219523,0.4441932487660239
2026-01-15,58400.0,58700.0,57100.0,58300.0,111895,58140.0,56561.198828125,54044.252734375,53787.78662109375,,,,,,63.08470872891205,792.142160598305,628.1133101399856,164.02885045831943,56561.198828125,60344.27698022855,52778.120676021455,0.13376937655085253,200792.2,0.5572676627876979,0.005163511187607606,0.4430679738140538
2026-01-16,59700.0,62800.0,58400.0,59000.0,440049,58460.0,56665.2103515625,54268.003645833334,53799.31676432292,,,,,,68.29201161051283,932.680121342637,689.026672380516,243.65344896212105,56665.2103515625,60678.23164077062,52652.18906235438,0.14163968559581858,209435.45,2.101119939341692,0.022260273972602773,0.43879718830013087
2026-01-19,57900.0,59700.0,57500.0,59000.0,181911,58300.0,56624.4880859375,54452.63229166667,53799.993424479166,,,,,,63.268090465445766,888.5696333634987,728.9352645771125,159.63436878638618,56624.4880859375,60565.84211092049,52683.13406095451,0.1392102307044719,203324.1,0.8946848897892576,-0.03015075376884424,0.4483204550354651
2026-01-20,58800.0,59400.0,57600.0,58100.0,157241,58580.0,56673.548046875,54657.23671875,53804.852864583336,,,,,,61.53846153846154,915.6788563614537,766.2839829339808,149.39487342747282,56673.548046875,60700.983473320266,52646.11262042974,0.14212752034208795,205829.5,0.7639381138272211,0.015544041450777257,0.4480469428004115
2026-01-21,58400.0,59200.0,57000.0,57000.0,212409,58640.0,56722.5111328125,54761.463541666664,53807.208268229166,,,,,,60.54054054054054,894.5743574981752,791.9420578468198,102.63229965135542,56722.5111328125,60811.53410109178,52633.48816453322,0.1441763732464194,197342.35,1.0763477783658701,-0.006802721088435382,0.44802739179786955
2026-01-22,59200.0,61900.0,57000.0,57700.0,395029,58800.0,56891.087109375,54907.219921875,53817.05963541667,,,,,,51.97368421052632,931.6625779614405,819.886161869744,111.77641609169655,56891.087109375,61101.12073914623,52681.053479603775,0.14800327586208006,209005.45,1.8900416233165211,0.013698630136986356,0.43651010381652555
2026-01-23,62800.0,62800.0,59000.0,60000.0,457794,59420.0,57334.2033203125,55114.63489583333,53867.69192708333,,,,,,68.45238095238095,1237.2825503704153,903.3654395698784,333.9171108005369,57334.2033203125,62068.3212246112,52600.085416013804,0.16514114194106133,220908.2,2.072326876050776,0.060810810810810745,0.45843821175144234
2026-01-26,64900.0,65000.0,61600.0,63600.0,871638,60820.0,57917.15,55387.733984375,53924.21399739583,,,,,,70.87912087912088,1630.1496791766476,1048.7222874912322,581.4273916854154,57917.15,63348.97370363462,52485.32629636538,0.1875722028323085,258685.55,3.36948855473373,0.03343949044585992,0.4598828846544429
2026-01-27,63900.0,66900.0,62900.0,64400.0,700235,61840.0,58470.0,55642.5078125,53989.818033854164,,,,,,74.13793103448276,1839.6022766268143,1206.8982853183486,632.7039913084657,58470.0,63977.54506396247,52962.45493603753,0.18838874855353066,287302.35,2.437275573972855,-0.015408320493066285,0.46479455071326087
2026-01-28,67900.0,68000.0,64800.0,64800.0,718826,63740.0,59135.0,55956.4845703125,54076.31591796875,,,,,,78.4688995215311,2301.8275050948723,1425.8841292736533,875.943375821219,59135.0,65771.19263068646,52498.80736931354,0.2244421283736015,317644.85,2.2629864768781864,0.06259780907668233,0.49500390305144176
2026-01-29,75600.0,77600.0,70500.0,72000.0,1463068,67020.0,60190.0,56422.01510416667,54251.03017578125,,,,,,83.01886792452831,3251.983139876458,1791.1039313942144,1460.8792084822437,60190.0,69776.59151325973,50603.40848674027,0.3185443267406456,387315.95,3.7774535234089894,0.11340206185567014,0.6098005762695458
2026-01-30,74300.0,77500.0,74000.0,76100.0,682176,69320.0,60975.0,56872.513346354164,54413.25250651042,,,,,,78.6764705882353,3855.6437296355216,2204.0118910424762,1651.6318385930454,60975.0,72406.97270815488,49543.027291845116,0.3749724545520256,404424.45,1.6867822902398704,-0.01719576719576721,0.5806534410219303
2026-02-02,72700.0,76200.0,71600.0,73000.0,408310,70880.0,61780.0,57299.662109375,54558.82428385417,,,,,,77.81818181818183,4157.022895633236,2594.6140919606282,1562.4088036726075,61780.0,74144.22683644861,49415.77316355139,0.4002663268516869,412104.95,0.9907913020700188,-0.021534320323014833,0.5688234293355395
2026-02-03,74600.0,76400.0,72800.0,75500.0,347357,73020.0,62645.0,57747.6966796875,54706.960611979164,56979.69765625,,,,,78.74564459930313,4497.3396451114095,2975.159202590785,1522.1804425206246,62645.0,76065.09098721991,49224.90901278009,0.4284489101195598,416415.8,0.8341590304690648,0.026134800550206227,0.5706578681320222
2026-02-04,74600.0,76700.0,72800.0,74200.0,436715,74360.0,63600.0,58217.29303385417,54839.340234375,57057.13509765625,,,,,78.52112676056338,4712.717843191334,3322.670930710895,1390.0469124804395,63600.0,77585.70698963759,49614.29301036241,0.43980210659237706,427582.2,1.0213591678980087,0.0,0.5480408141438899
2026-02-05,69100.0,73000.0,68300.0,73000.0,625710,73060.0,64255.0,58541.31822916667,54921.740006510416,57095.130625,,,,,64.41717791411043,4389.008820681971,3535.9385087051105,853.0703119768605,64255.0,77966.38213310379,50543.61786689622,0.42678023914415336,449984.65,1.3905140986475872,-0.07372654155495983,0.6330218328178839
2026-02-06,66600.0,68200.0,64500.0,65500.0,274440,71520.0,64680.0,58752.35696614583,54980.8185546875,57121.12373046875,,,,,63.06306306306306,3885.943246685376,3605.939456301164,280.00379038421215,64680.0,78112.18444436221,51247.81555563779,0.41534274719734726,446344.5,0.6148613906970961,-0.0361794500723589,0.6464688302466919
2026-02-09,67800.0,69200.0,66200.0,67400.0,227051,70540.0,65135.0,58980.078450520836,55088.87421875,57154.6095703125,,,,,63.39285714285714,3543.2457941617176,3593.4007238732747,-50.15492971155709,65135.0,78328.6627530835,51941.337246916504,0.40511745614749356,449608.45,0.5049971814364254,0.018018018018018056,0.6474714112505043
2026-02-10,66500.0,69500.0,65600.0,68500.0,329743,68920.0,65590.0,59143.00970052083,55186.92584635417,57175.126875,,,,,61.7391304347826,3130.6680658977493,3500.8541922781696,-370.1861263804203,65590.0,78278.47798927074,52901.522010729255,0.3869028202247521,457975.45,0.7200014760616535,-0.019174041297935096,0.6457190358027382
2026-02-11,67600.0,70100.0,67000.0,68900.0,341763,67520.0,66065.0,59339.20169270833,55284.192545572914,57197.16353515625,,,,,62.06896551724138,2859.4955657946557,3372.5824669814674,-513.0869011868117,66065.0,78275.13815172491,53854.8618482751,0.36964014687731495,469168.0,0.7284448214712,0.016541353383458635,0.6462638081961638
2026-02-12,66000.0,68800.0,65300.0,68300.0,522764,66900.0,66445.0,59493.799609375,55375.589583333334,57212.69294921875,,,,,54.8780487804878,2486.8163071293384,3195.429235011042,-708.6129278817034,66445.0,78111.68220550333,54778.317794496674,0.3511681000979254,489711.45,1.067493929333284,-0.023668639053254448,0.6561897928023348
2026-02-13,63400.0,66900.0,61800.0,66500.0,449397,66260.0,66630.0,59629.9431640625,55456.93017578125,57214.2271875,,,,,47.747747747747745,1959.0839385781146,2948.1601757244566,-989.076237146342,66630.0,77958.78959484234,55301.21040515766,0.3400507157389266,490178.85,0.9168021019266743,-0.039393939393939426,0.6733566720875207
2026-02-19,70400.0,71200.0,65600.0,65800.0,712028,66780.0,67255.0,59902.656575520836,55598.2626953125,57251.2590234375,,,,,58.269720101781175,2081.697223176685,2774.8675852149026,-693.1703620382177,67255.0,77915.39892607942,56594.60107392058,0.3170143164398013,516684.7,1.3780706105677214,0.11041009463722395,0.7586743674554347
2026-02-20,69500.0,72200.0,68600.0,71000.0,272394,67380.0,67790.0,60130.515234375,55733.75380859375,57287.771484375,,,,,52.209944751381215,2082.243845318866,2636.3428372356957,-554.0989919168296,67790.0,77712.20264170991,57867.79735829009,0.2927335194485886,522442.35,0.52138575672512,-0.01278409090909094,0.7630138110863806
2026-02-23,68800.0,70200.0,67300.0,69600.0,284441,67620.0,68310.0,60359.9759765625,55860.92369791667,57312.82267578125,,,,,38.35616438356164,2003.1023800989788,2509.6947458083523,-506.59236570937355,68310.0,77196.15718258919,59423.84281741081,0.2601714882912952,526043.95,0.5407171777187059,-0.010071942446043147,0.7640255152348439
2026-02-24,67400.0,69100.0,67000.0,68500.0,208929,67900.0,68720.0,60587.665234375,55975.59762369792,57333.8593359375,,,,,38.225255972696246,1806.588669398523,2369.0735305263865,-562.4848611278635,68720.0,76527.58066173324,60912.41933826676,0.22722877362436675,516738.95,0.40432214370525,-0.02034883720930236,0.770950617090497
2026-02-25,59900.0,60600.0,59500.0,60000.0,8260171,67200.0,68575.0,60726.84368489583,56033.57666015625,57317.89357421875,,,,,31.818181818181827,1033.7464325887704,2102.0081109388634,-1068.261678350093,68575.0,76933.76470349646,60216.23529650354,0.24378460673704588,906857.8,9.108562555231922,-0.1112759643916914,0.8512175151203972
2026-02-26,58900.0,60400.0,58350.0,60400.0,1120949,64900.0,68275.0,60846.03828125,56089.02744140625,57293.444765625,,,,,27.113702623906704,336.6905897026227,1748.9446066916155,-1412.2540169889928,68275.0,77567.63998521055,58982.36001478945,0.2722120830526709,919323.35,1.2193196224157692,-0.016694490818030094,0.8428675762364849
2026-02-27,58400.0,59200.0,57500.0,59100.0,558071,62680.0,68000.0,60955.240950520834,56141.140852864584,57265.50080078125,,,,,26.72413793103449,-253.1587526121948,1348.5239348308535,-1601.6826874430483,68000.0,78125.94375068825,57874.05624931175,0.29782187502024277,912215.15,0.6117756320973182,-0.008488964346349714,0.841930238641712
2026-03-03,55900.0,59500.0,55800.0,58000.0,590770,60100.0,67400.0,60914.96790364583,56174.07955729167,57223.06650390625,,,,,29.245283018867923,-911.8366276153974,896.4518223416035,-1808.288449957001,67400.0,78882.16007552574,55917.83992447426,0.3407169161877074,905812.35,0.6521991006194605,-0.042808219178082196,0.8154412048739001
2026-03-04,49250.0,55500.0,49000.0,53700.0,949217,56470.0,66082.5,60758.8857421875,56152.430891927084,57137.92818359375,,,,,25.869262865090406,-1947.9878216764191,327.56389353799904,-2275.551715214418,66082.5,79488.75443197071,52676.24556802929,0.4057429556076331,880119.8,1.0785088575441661,-0.11896243291592123,0.7708699654496551
2026-03-05,54900.0,56200.0,51500.0,52600.0,973299,55470.0,65112.5,60687.01861979167,56171.23115234375,57060.63908203125,,,,,34.03465346534654,-2286.875648115376,-195.324014792676,-2091.5516333227,65112.5,78819.27416078394,51405.72583921606,0.421018211888161,894675.95,1.087878801257595,0.11472081218274122,0.9074848698858293
2026-03-06,55300.0,57100.0,53600.0,54100.0,414896,54750.0,64242.5,60686.503580729164,56198.34052734375,56985.84755859375,,,,,35.82278481012658,-2494.415960589031,-655.142403951947,-1839.2735566370839,64242.5,78129.15679139883,50355.84320860118,0.4323199374681503,895005.25,0.46356823046568724,0.007285974499089187,0.9098488872438841
2026-03-09,53200.0,53500.0,51000.0,51800.0,200396,53710.0,63172.5,60659.281575520836,56200.48623046875,56931.40599609375,,,,,32.222222222222214,-2796.11374431524,-1083.3366720246058,-1712.7770722906344,63172.5,76996.56273590776,49348.43726409224,0.43766077758226324,887657.2,0.2257583220189055,-0.03797468354430378,0.9026184454829472
2026-03-10,54500.0,55800.0,53700.0,55600.0,195374,53430.0,62167.5,60650.408984375,56210.97734375,56878.4886328125,,,,,35.69651741293532,-2896.918403994576,-1446.0530184186,-1450.8653855759758,62167.5,75403.58604097935,48931.41395902065,0.42582011633021605,875590.15,0.22313407705648583,0.02443609022556381,0.9122034317591916
2026-03-11,54700.0,56800.0,54600.0,56600.0,218139,54520.0,61447.5,60646.52838541667,56202.40263671875,56828.0640234375,,,,,38.49206349206349,-2926.928682615202,-1742.2281512579207,-1184.7005313572813,61447.5,74662.38295744406,48232.61704255595,0.4301194664532831,855211.6,0.25507020718615137,0.003669724770642091,0.8859937400852366
2026-03-12,54500.0,54900.0,53000.0,54100.0,246156,54440.0,60842.5,60624.387044270836,56188.84404296875,56777.1369921875,,,,,24.354838709677423,-2933.040112501847,-1980.3905435067059,-952.6495689951412,60842.5,74171.58473977107,47513.415260228925,0.4381504619228689,853797.4,0.2883072728963569,-0.003656307129798919,0.8808208978702418
2026-03-13,53900.0,54000.0,52700.0,53000.0,119352,54160.0,60147.5,60582.29407552083,56168.62685546875,56745.6010546875,,,,,24.592833876221505,-2952.266559136653,-2174.7657466326955,-777.5008125039576,60147.5,73398.4175451918,46896.5824548082,0.4406140752380996,848412.45,0.14067686064720056,-0.011009174311926606,0.8752342458126536
2026-03-16,52700.0,53400.0,51900.0,53400.0,212743,54060.0,59457.5,60468.784505208336,56149.19055989583,56710.55302734375,,,,,24.198717948717956,-3029.4124468518276,-2345.695086676522,-683.7173601753057,59457.5,72752.74153102978,46162.25846897021,0.4472183166473459,842562.45,0.2524952304722339,-0.02226345083487946,0.875734061500028
2026-03-17,52300.0,53400.0,52300.0,53100.0,186212,53620.0,58692.5,60400.02486979167,56128.07955729167,56682.9590234375,,,,,25.000000000000014,-3087.2399948126986,-2494.0040683037573,-593.2359265089412,58692.5,71774.03680815661,45610.96319184339,0.4457651934457252,834784.9,0.22306584606405794,-0.007590132827324458,0.8701626575555089
2026-03-18,54500.0,54600.0,53200.0,53300.0,167358,53580.0,58117.5,60374.56627604167,56122.81396484375,56660.3940625,,,,,39.156626506024104,-2921.8656805961436,-2579.576390762235,-342.2892898339087,58117.5,70852.99846109802,45382.00153890198,0.4382672503496543,817014.6,0.2048408926841699,0.042065009560229516,0.888876007696115
2026-03-19,52500.0,53900.0,52500.0,53000.0,188711,53180.0,57572.5,60289.23678385417,56108.34541015625,56632.3073046875,,,,,37.64478764478764,-2918.5454551490257,-2647.3702036395935,-271.1752515094322,57572.5,70289.06503603814,44855.93496396185,0.4417583059981117,803980.3,0.23472092537590783,-0.03669724770642202,0.8876649721258952
2026-03-20,53400.0,54600.0,52500.0,52900.0,148890,53080.0,56722.5,60200.6626953125,56099.71826171875,56604.739921875,,,,,40.49429657794676,-2810.889489854002,-2680.0740608824754,-130.81542897152667,56722.5,68022.63856459052,45422.36143540948,0.39843584343392907,775823.4,0.19191223157228823,0.017142857142857126,0.7777181459887503
2026-03-23,50600.0,52500.0,50200.0,52000.0,174263,52660.0,55777.5,60080.349348958334,56076.05078125,56563.1725390625,,,,,40.037593984962406,-2917.8725428011603,-2727.6337572662123,-190.23878553494797,55777.5,65649.33526903413,45905.66473096588,0.353971951738035,770916.85,0.22604642770488154,-0.05243445692883897,0.7904965345761995
2026-03-24,51700.0,52400.0,50600.0,51800.0,137077,52540.0,54922.5,59985.0037109375,56066.52578125,56524.11966796875,,,,,55.81947743467934,-2880.6897775284087,-2758.244961318652,-122.44481620975694,54922.5,62807.49407602479,47037.50592397521,0.2871316519104116,763548.65,0.17952621617496148,0.021739130434782705,0.8008820940580943
2026-03-25,53800.0,54000.0,51700.0,51700.0,145478,52400.0,54242.5,59951.195703125,56076.159375,56504.0256640625,,,,,46.857142857142854,-2651.208240320091,-2736.8376171189398,85.62937679884863,54242.5,59507.00627464611,48977.99372535389,0.19411001611821402,760376.1,0.19132374097502539,0.04061895551257244,0.8223704531732549
2026-03-26,52700.0,55200.0,52500.0,53300.0,336225,52440.0,53882.5,59930.5677734375,56078.284895833334,56481.41712890625,,,,,42.857142857142854,-2528.951101591978,-2695.2603140135475,166.30921242156955,53882.5,58457.63589099291,49307.36410900709,0.1698189909893903,364178.8,0.9232415505790014,-0.020446096654275103,0.7321283358603496
2026-03-27,54000.0,54000.0,51100.0,51300.0,191862,52560.0,53637.5,59943.21666666667,56099.53675130208,56467.79650390625,,,,,52.29885057471264,-2300.641934764055,-2616.3366381636492,315.69470339959435,53637.5,57559.4859362585,49715.5140637415,0.14624044507139586,317724.45,0.6038628755199671,0.024667931688804545,0.738336345951536
2026-03-30,52500.0,53200.0,51500.0,52400.0,173425,52940.0,53342.5,59937.5,56113.264420572916,56441.700078125,,,,,44.31818181818182,-2215.2072093602546,-2536.110752402971,320.90354304271614,53342.5,56584.86349791792,50100.13650208208,0.12156773671717369,298492.15,0.5810035540298129,-0.02777777777777779,0.7432925924902838
2026-03-31,50500.0,53850.0,50300.0,52500.0,272762,52700.0,53072.5,59869.166666666664,56117.78909505208,56400.6278515625,,,,,39.175257731958766,-2282.5708038802404,-2485.402762698425,202.83195881818438,53072.5,56317.492093088906,49827.507906911094,0.12228525481516438,282591.75,0.9652157219734829,-0.03809523809523807,0.740233063869665
2026-04-01,54600.0,55300.0,52300.0,52300.0,256063,52860.0,53340.0,59870.833333333336,56150.67535807292,56382.543515625,,,,,50.21459227467812,-1982.2708189157856,-2384.776373941897,402.5055550261113,53340.0,56104.74039896754,50575.25960103246,0.10366480686042508,247934.05,1.0327867430875268,0.08118811881188126,0.6651975485269934
2026-04-02,52300.0,55200.0,51600.0,54900.0,197407,52780.0,53210.0,59765.833333333336,56167.712141927084,56352.9591796875,,,,,46.8,-1907.878855551433,-2289.3968702638044,381.5180147123715,53210.0,55909.62960422332,50510.37039577668,0.10147076129386666,209139.45,0.9439013060424515,-0.042124542124542086,0.5477519709074633
2026-04-03,52700.0,53900.0,52600.0,53200.0,109025,52520.0,53080.0,59700.833333333336,56196.375260416666,56329.85306640625,,,,,50.0,-1795.9435126813332,-2190.7061987473103,394.76268606597705,53080.0,55600.31744032354,50559.68255967646,0.09496297815838504,193845.9,0.5624312920727238,0.007648183556405286,0.5478337124061718
2026-04-06,50700.0,52900.0,50600.0,52400.0,146113,52160.0,52955.0,59590.833333333336,56210.44495442708,56283.8098828125,,,,,46.89922480620155,-1847.3224490346038,-2122.0294488047693,274.70699977016557,52955.0,55689.16974793543,50220.83025206457,0.10326389379418123,191131.75,0.7644622099677317,-0.0379506641366224,0.5478127085061963
2026-04-07,51300.0,52100.0,50500.0,51600.0,101130,52320.0,52795.0,59520.833333333336,56233.24651692708,56234.79572265625,,,,,43.388429752066116,-1818.661245903575,-2061.3558082245304,242.69456232095536,52795.0,55523.00293254956,50066.99706745044,0.1033432307055427,186419.55,0.5424860214500036,0.01183431952662728,0.541585647746339
2026-04-08,52800.0,54700.0,52500.0,53900.0,262766,51960.0,52700.0,59467.5,56274.767838541666,56200.2476953125,,,,,50.63291139240506,-1655.8222833832115,-1980.2491032562666,324.42681987305514,52700.0,55276.81974534484,50123.18025465516,0.09779202069619876,188650.9,1.3928690507174892,0.029239766081871288,0.5529195995645151
2026-04-09,52700.0,53500.0,52100.0,52400.0,196827,52040.0,52610.0,59377.5,56323.3341796875,56162.2141796875,,,,,48.47161572052402,-1517.3493380081854,-1887.6691502066506,370.3198121984651,52610.0,55043.883619584805,50176.116380415195,0.09252551300455447,186184.45,1.0571613257712982,-0.0018939393939394478,0.5528509350493194
2026-04-10,54200.0,54600.0,53600.0,53600.0,135643,52340.0,52625.0,59302.5,56386.888411458334,56131.1830859375,,,,,58.33333333333333,-1271.9092886345097,-1764.5171778922224,492.6078892577127,52625.0,55095.77656660903,50154.22343339097,0.09390124718704142,186999.0,0.7253675153343065,0.028462998102466885,0.5611661525326658
